{
  "index": 24,
  "target_genre": "Crime",
  "target_genres": [
    "Crime"
  ],
  "true_genres": [
    "Drama",
    "Film-Noir"
  ],
  "predicted_genres": [
    "Thriller",
    "Crime",
    "Drama"
  ],
  "probability": 0.5996567010879517,
  "top_probabilities": {
    "Action": 0.7051072716712952,
    "Thriller": 0.672424852848053,
    "Sci-Fi": 0.6538529992103577,
    "Crime": 0.5996567010879517,
    "Sport": 0.5618822574615479
  },
  "threshold": [
    0.36000001430511475,
    0.44999998807907104,
    0.5,
    0.5899999737739563,
    0.5400000214576721,
    0.7599999904632568,
    0.6899999976158142,
    0.8199999928474426,
    0.7200000286102295,
    0.6299999952316284,
    0.7799999713897705,
    0.7400000095367432,
    0.8100000023841858,
    0.6000000238418579,
    0.8899999856948853,
    0.7599999904632568,
    0.550000011920929,
    0.8999999761581421,
    0.7799999713897705,
    0.9700000286102295,
    0.7699999809265137,
    0.8899999856948853,
    0.9399999976158142
  ],
  "target_selection": {
    "policy": "predicted",
    "target_indices": [
      3,
      4,
      0
    ],
    "target_genres": [
      "Thriller",
      "Crime",
      "Drama"
    ],
    "all_selected_indices": [
      3,
      4,
      0
    ],
    "all_selected_genres": [
      "Thriller",
      "Crime",
      "Drama"
    ],
    "predicted_indices": [
      3,
      4,
      0
    ],
    "predicted_genres": [
      "Thriller",
      "Crime",
      "Drama"
    ],
    "threshold": [
      0.36000001430511475,
      0.44999998807907104,
      0.5,
      0.5899999737739563,
      0.5400000214576721,
      0.7599999904632568,
      0.6899999976158142,
      0.8199999928474426,
      0.7200000286102295,
      0.6299999952316284,
      0.7799999713897705,
      0.7400000095367432,
      0.8100000023841858,
      0.6000000238418579,
      0.8899999856948853,
      0.7599999904632568,
      0.550000011920929,
      0.8999999761581421,
      0.7799999713897705,
      0.9700000286102295,
      0.7699999809265137,
      0.8899999856948853,
      0.9399999976158142
    ],
    "max_targets_per_sample": 3
  },
  "methods": [
    "IntegratedGradients_image_pixels",
    "image_occlusion_sensitivity",
    "experimental_label_correlation_head"
  ],
  "top_tokens": [],
  "gate_mean": null,
  "gate_std": null,
  "config": {
    "model_name": "neural_efficientnet_b0_image_only_unfrozen_lr1e4",
    "modality": "image_only",
    "text_encoder": "bigru_attention",
    "image_encoder": "efficientnet_b0",
    "fusion": "gmu",
    "hidden_dim": 256,
    "text_cnn_channels": 128,
    "text_cnn_kernels": [
      3,
      4,
      5
    ],
    "text_rnn_hidden_dim": 128,
    "text_rnn_layers": 1,
    "text_rnn_dropout": 0.2,
    "text_attention_dim": 128,
    "text_transformer_layers": 2,
    "text_transformer_heads": 6,
    "text_transformer_ff_dim": 512,
    "text_transformer_dropout": 0.1,
    "pretrained_image": false,
    "freeze_image_backbone": false,
    "batch_size": 16,
    "epochs": 10,
    "learning_rate": 0.0001,
    "weight_decay": 0.01,
    "num_workers": 0,
    "patience": 3,
    "threshold_metric": "macro_f1",
    "threshold_strategy": "per_label",
    "threshold_min": 0.01,
    "threshold_max": 0.99,
    "threshold_steps": 99,
    "loss": "bce",
    "focal_gamma": 2.0,
    "pos_weight_clip": null,
    "scheduler": "plateau",
    "scheduler_factor": 0.5,
    "scheduler_patience": 1,
    "min_learning_rate": 1e-06,
    "enable_label_correlation": true,
    "max_length": 512,
    "input_size": 224,
    "freeze_embeddings": false
  },
  "performance": {
    "measurements": [
      {
        "name": "neural_image_integrated_gradients_idx_24_Crime",
        "wall_time_s": 0.02617985699998826,
        "process_cpu_time_s": 0.026276901000002795,
        "process_cpu_util_percent": 100.37068193311589,
        "rss_start_mb": 2825.41015625,
        "rss_end_mb": 2825.45703125,
        "rss_delta_mb": 0.046875,
        "rss_peak_mb": 2825.4609375,
        "cuda_start": {
          "cuda_available": true,
          "cuda_device": "NVIDIA A100-SXM4-40GB",
          "cuda_allocated_mb": 140.72314453125,
          "cuda_reserved_mb": 1590.0,
          "cuda_peak_allocated_mb": 140.72314453125,
          "cuda_peak_reserved_mb": 1590.0
        },
        "cuda_end": {
          "cuda_available": true,
          "cuda_device": "NVIDIA A100-SXM4-40GB",
          "cuda_allocated_mb": 140.72314453125,
          "cuda_reserved_mb": 1590.0,
          "cuda_peak_allocated_mb": 826.60595703125,
          "cuda_peak_reserved_mb": 1590.0
        }
      },
      {
        "name": "neural_image_ig_visualization_idx_24_Crime",
        "wall_time_s": 0.023906408999891937,
        "process_cpu_time_s": 0.01899827200000459,
        "process_cpu_util_percent": 79.46936739888649,
        "rss_start_mb": 2825.45703125,
        "rss_end_mb": 2825.83984375,
        "rss_delta_mb": 0.3828125,
        "rss_peak_mb": 2825.84375,
        "cuda_start": {
          "cuda_available": true,
          "cuda_device": "NVIDIA A100-SXM4-40GB",
          "cuda_allocated_mb": 140.72314453125,
          "cuda_reserved_mb": 1590.0,
          "cuda_peak_allocated_mb": 140.72314453125,
          "cuda_peak_reserved_mb": 1590.0
        },
        "cuda_end": {
          "cuda_available": true,
          "cuda_device": "NVIDIA A100-SXM4-40GB",
          "cuda_allocated_mb": 140.72314453125,
          "cuda_reserved_mb": 1590.0,
          "cuda_peak_allocated_mb": 140.72314453125,
          "cuda_peak_reserved_mb": 1590.0
        }
      },
      {
        "name": "neural_image_occlusion_idx_24_Crime",
        "wall_time_s": 0.020722003000059885,
        "process_cpu_time_s": 0.020821120999997333,
        "process_cpu_util_percent": 100.47832248618612,
        "rss_start_mb": 2825.84375,
        "rss_end_mb": 2825.84765625,
        "rss_delta_mb": 0.00390625,
        "rss_peak_mb": 2825.84765625,
        "cuda_start": {
          "cuda_available": true,
          "cuda_device": "NVIDIA A100-SXM4-40GB",
          "cuda_allocated_mb": 140.72314453125,
          "cuda_reserved_mb": 1590.0,
          "cuda_peak_allocated_mb": 140.72314453125,
          "cuda_peak_reserved_mb": 1590.0
        },
        "cuda_end": {
          "cuda_available": true,
          "cuda_device": "NVIDIA A100-SXM4-40GB",
          "cuda_allocated_mb": 140.72314453125,
          "cuda_reserved_mb": 1590.0,
          "cuda_peak_allocated_mb": 309.1611328125,
          "cuda_peak_reserved_mb": 1590.0
        }
      },
      {
        "name": "neural_image_occlusion_visualization_idx_24_Crime",
        "wall_time_s": 0.030057400999908168,
        "process_cpu_time_s": 0.024601262000004454,
        "process_cpu_util_percent": 81.84760219314909,
        "rss_start_mb": 2825.87890625,
        "rss_end_mb": 2825.8828125,
        "rss_delta_mb": 0.00390625,
        "rss_peak_mb": 2825.88671875,
        "cuda_start": {
          "cuda_available": true,
          "cuda_device": "NVIDIA A100-SXM4-40GB",
          "cuda_allocated_mb": 140.72314453125,
          "cuda_reserved_mb": 1590.0,
          "cuda_peak_allocated_mb": 140.72314453125,
          "cuda_peak_reserved_mb": 1590.0
        },
        "cuda_end": {
          "cuda_available": true,
          "cuda_device": "NVIDIA A100-SXM4-40GB",
          "cuda_allocated_mb": 140.72314453125,
          "cuda_reserved_mb": 1590.0,
          "cuda_peak_allocated_mb": 140.72314453125,
          "cuda_peak_reserved_mb": 1590.0
        }
      }
    ],
    "summary": {
      "count": 4,
      "total_wall_time_s": 0.10086566999984825,
      "mean_wall_time_s": 0.025216417499962063,
      "total_process_cpu_time_s": 0.09069755600000917,
      "mean_process_cpu_util_percent": 90.5414935028344,
      "max_rss_peak_mb": 2825.88671875
    }
  },
  "image_occlusion": {
    "baseline_probability": 0.5996567010879517,
    "baseline_logit": 0.4040347933769226,
    "grid_size": 4,
    "top_patches": [
      {
        "row": 1,