{
  "index": 15613,
  "target_genre": "Adventure",
  "target_genres": [
    "Adventure"
  ],
  "true_genres": [
    "Family",
    "Animation",
    "Musical",
    "Short"
  ],
  "predicted_genres": [
    "Comedy",
    "Adventure",
    "Drama"
  ],
  "probability": 0.7117463803778106,
  "top_probabilities": {
    "Comedy": 0.7868847846984863,
    "Adventure": 0.7117463946342468,
    "Family": 0.5388792753219604,
    "Thriller": 0.45215028524398804,
    "Romance": 0.3373255729675293
  },
  "target_selection": {
    "policy": "predicted",
    "target_indices": [
      1,
      6,
      0
    ],
    "target_genres": [
      "Comedy",
      "Adventure",
      "Drama"
    ],
    "all_selected_indices": [
      1,
      6,
      0
    ],
    "all_selected_genres": [
      "Comedy",
      "Adventure",
      "Drama"
    ],
    "predicted_indices": [
      1,
      6,
      0
    ],
    "predicted_genres": [
      "Comedy",
      "Adventure",
      "Drama"
    ],
    "threshold": [
      0.30000001192092896,
      0.44999998807907104,
      0.5,
      0.5,
      0.6000000238418579,
      0.550000011920929,
      0.6000000238418579,
      0.6000000238418579,
      0.6000000238418579,
      0.5,
      0.699999988079071,
      0.75,
      0.6000000238418579,
      0.699999988079071,
      0.6499999761581421,
      0.6000000238418579,
      0.6499999761581421,
      0.550000011920929,
      0.699999988079071,
      0.6000000238418579,
      0.6499999761581421,
      0.5,
      0.699999988079071
    ],
    "max_targets_per_sample": 3
  },
  "method": "linear_feature_contribution",
  "methods": [
    "linear_feature_contribution",
    "modality_shapley"
  ],
  "modality_shapley": {
    "method": "two_modality_shapley",
    "probability": {
      "values": {
        "blank": 0.12266965005694126,
        "text_only": 0.7136311823725721,
        "image_only": 0.12168244849785538,
        "both": 0.7117463803778106
      },
      "shapley": {
        "text": 0.590512732097793,
        "image": -0.0014360017769236844,
        "interaction": -0.0008976004356756051,
        "blank_to_both_delta": 0.5890767303208693,
        "abs_total": 0.5919487338747167,
        "text_utilization": 0.9975741112452018,
        "image_utilization": 0.0024258887547981608
      }
    },
    "logit": {
      "values": {
        "blank": -1.96738863292905,
        "text_only": 0.913085725422327,
        "image_only": -1.976593434033388,
        "both": 0.9038809243179837
      },
      "shapley": {
        "text": 2.8804743583513743,
        "image": -0.009204801104340632,
        "interaction": -5.329070518200751e-15,
        "blank_to_both_delta": 2.8712695572470337,
        "abs_total": 2.889679159455715,
        "text_utilization": 0.9968145940789931,
        "image_utilization": 0.003185405921006954
      }
    }
  },
  "intercept": -1.96738863292905,
  "text_logit_contribution": 2.880474358351377,
  "image_logit_contribution": -0.00920480110434041,
  "label_dependency_logit_contribution": 0.0,
  "top_text_features": [
    {
      "feature": "the",
      "tfidf": 0.2574087977409363,
      "contribution": 0.6542035832057048
    },
    {
      "feature": "wind",
      "tfidf": 0.4123865067958832,
      "contribution": 0.40859744428467876
    },
    {
      "feature": "trip",
      "tfidf": 0.14357315003871918,
      "contribution": 0.38193724236905824
    },
    {
      "feature": "must",
      "tfidf": 0.10988552123308182,
      "contribution": 0.3692076061358235
    },
    {
      "feature": "to",
      "tfidf": 0.1384125053882599,
      "contribution": 0.3600076579748213
    },
    {
      "feature": "away",
      "tfidf": 0.11747512966394424,
      "contribution": 0.22745401450725963
    },
    {
      "feature": "know",
      "tfidf": 0.1257171928882599,
      "contribution": 0.17120356736275322
    },
    {
      "feature": "sweet",
      "tfidf": 0.19036881625652313,
      "contribution": -0.15281024204102414
    },
    {
      "feature": "starts",
      "tfidf": 0.1302214413881302,
      "contribution": -0.13575685654076422
    },
    {
      "feature": "and",
      "tfidf": 0.06811424344778061,
      "contribution": 0.12496340663843791
    },
    {
      "feature": "will",
      "tfidf": 0.08399869501590729,
      "contribution": 0.10938129405786631
    },
    {
      "feature": "soon",
      "tfidf": 0.10388804972171783,
      "contribution": -0.1004531849627049
    }
  ],
  "top_image_features": [
    {
      "feature": "thumbnail_y19_x4",
      "value": 1.4635775089263916,
      "contribution": -0.9118568082158434
    },
    {
      "feature": "thumbnail_y19_x3",
      "value": 1.4598201513290405,
      "contribution": 0.7589215382443767
    },
    {
      "feature": "thumbnail_y19_x10",
      "value": 1.2907588481903076,
      "contribution": -0.7408186736318504
    },
    {
      "feature": "thumbnail_y19_x9",
      "value": 1.3756463527679443,
      "contribution": 0.7277306601613006
    },
    {
      "feature": "thumbnail_y18_x4",
      "value": 1.2900948524475098,
      "contribution": 0.6987386434429826
    },
    {
      "feature": "thumbnail_y9_x17",
      "value": 1.430440068244934,
      "contribution": -0.6917094876617923
    },
    {
      "feature": "thumbnail_y11_x27",
      "value": 1.423686146736145,
      "contribution": 0.6218085670500939
    },
    {
      "feature": "thumbnail_y16_x28",
      "value": 1.2779810428619385,
      "contribution": -0.5541125646989747
    },
    {
      "feature": "thumbnail_y15_x26",
      "value": 1.305564522743225,
      "contribution": -0.5498960979095743
    },
    {
      "feature": "thumbnail_y18_x2",
      "value": 1.5251553058624268,
      "contribution": -0.5411141169787705
    },
    {
      "feature": "thumbnail_y19_x17",
      "value": 0.9068720936775208,
      "contribution": -0.5353882865098014
    },
    {
      "feature": "thumbnail_y12_x2",
      "value": 1.0003551244735718,
      "contribution": -0.5006321308817396
    }
  ],
  "label_dependency_contributions": [],
  "performance": {
    "measurements": [
      {
        "name": "classic_modality_shapley_idx_15613_Adventure",
        "wall_time_s": 0.02679486599993197,
        "process_cpu_time_s": 0.02696661399999911,
        "process_cpu_util_percent": 100.64097353600341,
        "rss_start_mb": 982.609375,
        "rss_end_mb": 982.609375,
        "rss_delta_mb": 0.0,
        "rss_peak_mb": 982.61328125,
        "cuda_start": {
          "cuda_available": true,
          "cuda_device": "NVIDIA A100-SXM4-40GB",
          "cuda_allocated_mb": 0.0,
          "cuda_reserved_mb": 0.0,
          "cuda_peak_allocated_mb": 0.0,
          "cuda_peak_reserved_mb": 0.0
        },
        "cuda_end": {
          "cuda_available": true,
          "cuda_device": "NVIDIA A100-SXM4-40GB",
          "cuda_allocated_mb": 0.0,
          "cuda_reserved_mb": 0.0,
          "cuda_peak_allocated_mb": 0.0,
          "cuda_peak_reserved_mb": 0.0
        }
      },
      {
        "name": "classic_modality_shapley_visualization_idx_15613_Adventure",
        "wall_time_s": 0.13803464399995846,
        "process_cpu_time_s": 0.13300335599999968,
        "process_cpu_util_percent": 96.3550541703427,
        "rss_start_mb": 982.609375,
        "rss_end_mb": 982.609375,
        "rss_delta_mb": 0.0,
        "rss_peak_mb": 982.61328125,
        "cuda_start": {
          "cuda_available": true,
          "cuda_device": "NVIDIA A100-SXM4-40GB",
          "cuda_allocated_mb": 0.0,
          "cuda_reserved_mb": 0.0,
          "cuda_peak_allocated_mb": 0.0,
          "cuda_peak_reserved_mb": 0.0
        },
        "cuda_end": {
          "cuda_available": true,
          "cuda_device": "NVIDIA A100-SXM4-40GB",
          "cuda_allocated_mb": 0.0,
          "cuda_reserved_mb": 0.0,
          "cuda_peak_allocated_mb": 0.0,
          "cuda_peak_reserved_mb": 0.0
        }
      },
      {
        "name": "classic_linear_contribution_idx_15613_Adventure",
        "wall_time_s": 0.0010665519999975004,