{
  "index": 34,
  "target_genre": "label_set",
  "target_genres": [
    "Crime",
    "Film-Noir",
    "Thriller"
  ],
  "true_genres": [
    "Drama",
    "Thriller",
    "Crime",
    "Film-Noir"
  ],
  "predicted_genres": [
    "Crime",
    "Film-Noir",
    "Thriller",
    "Action",
    "Drama"
  ],
  "probability": 0.9530895352363586,
  "set_logit": 9.862525939941406,
  "top_probabilities": {
    "Crime": 0.9893275499343872,
    "Film-Noir": 0.9377483129501343,
    "Thriller": 0.9321929216384888,
    "Action": 0.8019524216651917,
    "Drama": 0.5959860682487488
  },
  "target_selection": {
    "policy": "predicted",
    "target_indices": [
      4,
      22,
      3
    ],
    "target_genres": [
      "Crime",
      "Film-Noir",
      "Thriller"
    ],
    "all_selected_indices": [
      4,
      22,
      3,
      5,
      0
    ],
    "all_selected_genres": [
      "Crime",
      "Film-Noir",
      "Thriller",
      "Action",
      "Drama"
    ],
    "predicted_indices": [
      4,
      22,
      3,
      5,
      0
    ],
    "predicted_genres": [
      "Crime",
      "Film-Noir",
      "Thriller",
      "Action",
      "Drama"
    ],
    "threshold": [
      0.30000001192092896,
      0.44999998807907104,
      0.5,
      0.5,
      0.6000000238418579,
      0.550000011920929,
      0.6000000238418579,
      0.6000000238418579,
      0.6000000238418579,
      0.5,
      0.699999988079071,
      0.75,
      0.6000000238418579,
      0.699999988079071,
      0.6499999761581421,
      0.6000000238418579,
      0.6499999761581421,
      0.550000011920929,
      0.699999988079071,
      0.6000000238418579,
      0.6499999761581421,
      0.5,
      0.699999988079071
    ],
    "max_targets_per_sample": 3
  },
  "methods": [
    "experimental_set_linear_feature_contribution",
    "modality_shapley"
  ],
  "intercept": -9.090986549321226,
  "text_logit_contribution": 14.643416404724121,
  "image_logit_contribution": 4.3100996017456055,
  "label_dependency_logit_contribution": 0.0,
  "top_text_features": [
    {
      "feature": "eddie",
      "tfidf": 0.588819682598114,
      "contribution": 2.0746653079986572
    },
    {
      "feature": "crime",
      "tfidf": 0.11273118108510971,
      "contribution": 1.4141713380813599
    },
    {
      "feature": "chris",
      "tfidf": 0.2912100553512573,
      "contribution": 1.3279590606689453
    },
    {
      "feature": "gangster",
      "tfidf": 0.1442863494157791,
      "contribution": 1.0598620176315308
    },
    {
      "feature": "cop",
      "tfidf": 0.1262170523405075,
      "contribution": 1.0406852960586548
    },
    {
      "feature": "detective",
      "tfidf": 0.11670973151922226,
      "contribution": 1.0290610790252686
    },
    {
      "feature": "killer",
      "tfidf": 0.11218418926000595,
      "contribution": 1.0206059217453003
    },
    {
      "feature": "murderer",
      "tfidf": 0.1439223289489746,
      "contribution": 0.7866146564483643
    },
    {
      "feature": "is",
      "tfidf": 0.13530893623828888,
      "contribution": 0.7044011950492859
    },
    {
      "feature": "killed",
      "tfidf": 0.10055562108755112,
      "contribution": 0.563626229763031
    },
    {
      "feature": "death",
      "tfidf": 0.08894788473844528,
      "contribution": 0.47042059898376465
    },
    {
      "feature": "brother",
      "tfidf": 0.18910399079322815,
      "contribution": 0.3384135961532593
    }
  ],
  "top_image_features": [
    {
      "feature": "bottom_right_G_hist_bin_3",
      "value": 3.067967653274536,
      "contribution": -2.2511730194091797
    },
    {
      "feature": "thumbnail_y2_x15",
      "value": -1.4880077838897705,
      "contribution": -1.9963191747665405
    },
    {
      "feature": "thumbnail_y17_x3",
      "value": 0.8815646171569824,
      "contribution": -1.632781982421875
    },
    {
      "feature": "thumbnail_y3_x16",
      "value": -1.3309673070907593,
      "contribution": -1.6271071434020996
    },
    {
      "feature": "thumbnail_y6_x17",
      "value": -1.04818856716156,
      "contribution": -1.4662023782730103
    },
    {
      "feature": "thumbnail_y1_x21",
      "value": -1.049408197402954,
      "contribution": -1.4493104219436646
    },
    {
      "feature": "thumbnail_y15_x31",
      "value": -1.1035712957382202,
      "contribution": 1.3803675174713135
    },
    {
      "feature": "top_right_G_hist_bin_2",
      "value": 5.440824508666992,
      "contribution": -1.3372129201889038
    },
    {
      "feature": "thumbnail_y8_x14",
      "value": -0.923477828502655,
      "contribution": 1.322651743888855
    },
    {
      "feature": "thumbnail_y2_x16",
      "value": -1.4450198411941528,
      "contribution": 1.316090703010559
    },
    {
      "feature": "thumbnail_y1_x16",
      "value": -1.246673822402954,
      "contribution": -1.3007597923278809
    },
    {
      "feature": "thumbnail_y3_x15",
      "value": -0.9817338585853577,
      "contribution": 1.2786226272583008
    }
  ],
  "label_dependency_contributions": [],
  "performance": {
    "measurements": [
      {
        "name": "classic_set_linear_contribution_idx_34",
        "wall_time_s": 0.002002000022912398,
        "process_cpu_time_s": 0.0,
        "process_cpu_util_percent": 0.0,
        "rss_start_mb": 378.83203125,
        "rss_end_mb": 378.84765625,
        "rss_delta_mb": 0.015625,
        "rss_peak_mb": 378.8515625,
        "cuda_start": {
          "cuda_available": false,
          "cuda_error": "ModuleNotFoundError: No module named 'torch'"
        },
        "cuda_end": {
          "cuda_available": false,
          "cuda_error": "ModuleNotFoundError: No module named 'torch'"
        }
      },
      {
        "name": "classic_set_modality_shapley_idx_34",
        "wall_time_s": 0.035335299995495006,
        "process_cpu_time_s": 0.03125,
        "process_cpu_util_percent": 88.43847371887078,
        "rss_start_mb": 378.83203125,
        "rss_end_mb": 378.84765625,
        "rss_delta_mb": 0.015625,
        "rss_peak_mb": 378.8515625,
        "cuda_start": {
          "cuda_available": false,
          "cuda_error": "ModuleNotFoundError: No module named 'torch'"
        },
        "cuda_end": {
          "cuda_available": false,
          "cuda_error": "ModuleNotFoundError: No module named 'torch'"
        }
      },
      {
        "name": "classic_set_modality_shapley_visualization_idx_34",
        "wall_time_s": 0.12253170000622049,
        "process_cpu_time_s": 0.125,
        "process_cpu_util_percent": 102.01441748841664,
        "rss_start_mb": 378.83203125,
        "rss_end_mb": 380.92578125,
        "rss_delta_mb": 2.09375,
        "rss_peak_mb": 382.80859375,
        "cuda_start": {
          "cuda_available": false,
          "cuda_error": "ModuleNotFoundError: No module named 'torch'"
        },
        "cuda_end": {
          "cuda_available": false,
          "cuda_error": "ModuleNotFoundError: No module named 'torch'"
        }
      },
      {
        "name": "classic_set_visualization_idx_34",
        "wall_time_s": 0.3823310999723617,
        "process_cpu_time_s": 0.375,
        "process_cpu_util_percent": 98.08252585968245,
        "rss_start_mb": 380.91015625,
        "rss_end_mb": 311.0859375,
        "rss_delta_mb": -69.82421875,
        "rss_peak_mb": 382.06640625,
        "cuda_start": {
          "cuda_available": false,
          "cuda_error": "ModuleNotFoundError: No module named 'torch'"
        },
        "cuda_end": {
          "cuda_available": false,
          "cuda_error": "ModuleNotFoundError: No module named 'torch'"
        }
      }
    ],
    "summary": {
      "count": 4,
      "total_wall_time_s": 0.5422000999969896,
      "mean_wall_time_s": 0.1355500249992474,
      "total_process_cpu_time_s": 0.53125,
      "mean_process_cpu_util_percent": 72.13385426674247,
      "max_rss_peak_mb": 382.80859375
    }
  },
  "modality_shapley": {
    "method": "two_modality_shapley",