{
  "index": 1,
  "target_genre": "Comedy",
  "target_genres": [
    "Comedy"
  ],
  "true_genres": [
    "Drama",
    "Crime",
    "Adventure",
    "Film-Noir"
  ],
  "predicted_genres": [
    "Comedy",
    "Romance",
    "Drama"
  ],
  "probability": 0.669497549533844,
  "top_probabilities": {
    "Sport": 0.7165579199790955,
    "Comedy": 0.669497549533844,
    "Romance": 0.6198729872703552,
    "War": 0.5928064584732056,
    "Musical": 0.5436095595359802
  },
  "threshold": [
    0.36000001430511475,
    0.44999998807907104,
    0.5,
    0.5899999737739563,
    0.5400000214576721,
    0.7599999904632568,
    0.6899999976158142,
    0.8199999928474426,
    0.7200000286102295,
    0.6299999952316284,
    0.7799999713897705,
    0.7400000095367432,
    0.8100000023841858,
    0.6000000238418579,
    0.8899999856948853,
    0.7599999904632568,
    0.550000011920929,
    0.8999999761581421,
    0.7799999713897705,
    0.9700000286102295,
    0.7699999809265137,
    0.8899999856948853,
    0.9399999976158142
  ],
  "target_selection": {
    "policy": "predicted",
    "target_indices": [
      1,
      2,
      0
    ],
    "target_genres": [
      "Comedy",
      "Romance",
      "Drama"
    ],
    "all_selected_indices": [
      1,
      2,
      0
    ],
    "all_selected_genres": [
      "Comedy",
      "Romance",
      "Drama"
    ],
    "predicted_indices": [
      1,
      2,
      0
    ],
    "predicted_genres": [
      "Comedy",
      "Romance",
      "Drama"
    ],
    "threshold": [
      0.36000001430511475,
      0.44999998807907104,
      0.5,
      0.5899999737739563,
      0.5400000214576721,
      0.7599999904632568,
      0.6899999976158142,
      0.8199999928474426,
      0.7200000286102295,
      0.6299999952316284,
      0.7799999713897705,
      0.7400000095367432,
      0.8100000023841858,
      0.6000000238418579,
      0.8899999856948853,
      0.7599999904632568,
      0.550000011920929,
      0.8999999761581421,
      0.7799999713897705,
      0.9700000286102295,
      0.7699999809265137,
      0.8899999856948853,
      0.9399999976158142
    ],
    "max_targets_per_sample": 3
  },
  "methods": [
    "IntegratedGradients_image_pixels",
    "image_occlusion_sensitivity",
    "experimental_label_correlation_head"
  ],
  "top_tokens": [],
  "gate_mean": null,
  "gate_std": null,
  "config": {
    "model_name": "neural_efficientnet_b0_image_only_unfrozen_lr1e4",
    "modality": "image_only",
    "text_encoder": "bigru_attention",
    "image_encoder": "efficientnet_b0",
    "fusion": "gmu",
    "hidden_dim": 256,
    "text_cnn_channels": 128,
    "text_cnn_kernels": [
      3,
      4,
      5
    ],
    "text_rnn_hidden_dim": 128,
    "text_rnn_layers": 1,
    "text_rnn_dropout": 0.2,
    "text_attention_dim": 128,
    "text_transformer_layers": 2,
    "text_transformer_heads": 6,
    "text_transformer_ff_dim": 512,
    "text_transformer_dropout": 0.1,
    "pretrained_image": false,
    "freeze_image_backbone": false,
    "batch_size": 16,
    "epochs": 10,
    "learning_rate": 0.0001,
    "weight_decay": 0.01,
    "num_workers": 0,
    "patience": 3,
    "threshold_metric": "macro_f1",
    "threshold_strategy": "per_label",
    "threshold_min": 0.01,
    "threshold_max": 0.99,
    "threshold_steps": 99,
    "loss": "bce",
    "focal_gamma": 2.0,
    "pos_weight_clip": null,
    "scheduler": "plateau",
    "scheduler_factor": 0.5,
    "scheduler_patience": 1,
    "min_learning_rate": 1e-06,
    "enable_label_correlation": true,
    "max_length": 512,
    "input_size": 224,
    "freeze_embeddings": false
  },
  "performance": {
    "measurements": [
      {
        "name": "neural_image_integrated_gradients_idx_1_Comedy",
        "wall_time_s": 1.0490567669985467,
        "process_cpu_time_s": 1.0598734820000573,
        "process_cpu_util_percent": 101.0310895789232,
        "rss_start_mb": 3341.2109375,
        "rss_end_mb": 3327.5703125,
        "rss_delta_mb": -13.640625,
        "rss_peak_mb": 3489.19140625,
        "cuda_start": {
          "cuda_available": false
        },
        "cuda_end": {
          "cuda_available": false
        }
      },
      {
        "name": "neural_image_ig_visualization_idx_1_Comedy",
        "wall_time_s": 0.028391138999722898,
        "process_cpu_time_s": 0.020201726999857783,
        "process_cpu_util_percent": 71.15504242381736,
        "rss_start_mb": 3327.5703125,
        "rss_end_mb": 3327.5703125,
        "rss_delta_mb": 0.0,
        "rss_peak_mb": 3327.57421875,
        "cuda_start": {
          "cuda_available": false
        },
        "cuda_end": {
          "cuda_available": false
        }
      },
      {
        "name": "neural_image_occlusion_idx_1_Comedy",
        "wall_time_s": 0.650513636001051,
        "process_cpu_time_s": 0.6560960030001297,
        "process_cpu_util_percent": 100.85814757602863,
        "rss_start_mb": 3327.5703125,
        "rss_end_mb": 3327.5703125,
        "rss_delta_mb": 0.0,
        "rss_peak_mb": 3401.078125,
        "cuda_start": {
          "cuda_available": false
        },
        "cuda_end": {
          "cuda_available": false
        }
      },
      {
        "name": "neural_image_occlusion_visualization_idx_1_Comedy",
        "wall_time_s": 0.02996208900003694,
        "process_cpu_time_s": 0.02061480100019253,
        "process_cpu_util_percent": 68.80294962132685,
        "rss_start_mb": 3327.5703125,
        "rss_end_mb": 3327.5703125,
        "rss_delta_mb": 0.0,
        "rss_peak_mb": 3327.57421875,
        "cuda_start": {
          "cuda_available": false
        },
        "cuda_end": {
          "cuda_available": false
        }
      }
    ],
    "summary": {
      "count": 4,
      "total_wall_time_s": 1.7579236309993576,
      "mean_wall_time_s": 0.4394809077498394,
      "total_process_cpu_time_s": 1.7567860130002373,
      "mean_process_cpu_util_percent": 85.461807300024,
      "max_rss_peak_mb": 3489.19140625
    }
  },
  "image_occlusion": {
    "baseline_probability": 0.669497549533844,
    "baseline_logit": 0.7059134244918823,
    "grid_size": 4,
    "top_patches": [
      {
        "row": 1,
        "col": 1,
        "y0": 56,
        "y1": 112,
        "x0": 56,
        "x1": 112,
        "occluded_probability": 0.4362092912197113,
        "probability_delta": 0.2332882583141327,
        "occluded_logit": -0.2565610110759735,
        "logit_delta": 0.9624744653701782
      },
      {
        "row": 0,
        "col": 1,
        "y0": 0,
        "y1": 56,
        "x0": 56,
        "x1": 112,
        "occluded_probability": 0.4873957931995392,
        "probability_delta": 0.1821017563343048,
        "occluded_logit": -0.05042756721377373,
        "logit_delta": 0.7563409805297852
      },
      {
        "row": 0,
        "col": 2,
        "y0": 0,
        "y1": 56,
        "x0": 112,
        "x1": 168,
        "occluded_probability": 0.5725564956665039,
        "probability_delta": 0.09694105386734009,
        "occluded_logit": 0.29228925704956055,
        "logit_delta": 0.4136241674423218
      },
      {
        "row": 1,
        "col": 3,
        "y0": 56,
        "y1": 112,
        "x0": 168,
        "x1": 224,
        "occluded_probability": 0.5965936779975891,
        "probability_delta": 0.07290387153625488,
        "occluded_logit": 0.39129212498664856,
        "logit_delta": 0.31462129950523376
      },
      {
        "row": 2,
        "col": 2,
        "y0": 112,
        "y1": 168,
        "x0": 112,
        "x1": 168,
        "occluded_probability": 0.5992525815963745,
        "probability_delta": 0.07024496793746948,
        "occluded_logit": 0.40235191583633423,
        "logit_delta": 0.3035615086555481
      },
      {
        "row": 3,
        "col": 1,
        "y0": 168,
        "y1": 224,
        "x0": 56,
        "x1": 112,
        "occluded_probability": 0.7385605573654175,
        "probability_delta": -0.06906300783157349,
        "occluded_logit": 1.0385006666183472,