{
  "index": 35,
  "target_genre": "label_set",
  "target_genres": [
    "Thriller",
    "Film-Noir",
    "Crime"
  ],
  "true_genres": [
    "Drama",
    "Romance",
    "Thriller",
    "Crime",
    "Film-Noir"
  ],
  "predicted_genres": [
    "Thriller",
    "Film-Noir",
    "Crime",
    "Mystery",
    "Horror",
    "Romance",
    "Drama"
  ],
  "probability": 0.8758216500282288,
  "set_logit": 6.080859184265137,
  "top_probabilities": {
    "Thriller": 0.920477032661438,
    "Film-Noir": 0.9008914828300476,
    "Crime": 0.806096613407135,
    "Mystery": 0.6753037571907043,
    "Horror": 0.6253834962844849
  },
  "target_selection": {
    "policy": "predicted",
    "target_indices": [
      3,
      22,
      4
    ],
    "target_genres": [
      "Thriller",
      "Film-Noir",
      "Crime"
    ],
    "all_selected_indices": [
      3,
      22,
      4,
      9,
      7,
      2,
      0
    ],
    "all_selected_genres": [
      "Thriller",
      "Film-Noir",
      "Crime",
      "Mystery",
      "Horror",
      "Romance",
      "Drama"
    ],
    "predicted_indices": [
      3,
      22,
      4,
      9,
      7,
      2,
      0
    ],
    "predicted_genres": [
      "Thriller",
      "Film-Noir",
      "Crime",
      "Mystery",
      "Horror",
      "Romance",
      "Drama"
    ],
    "threshold": [
      0.30000001192092896,
      0.44999998807907104,
      0.5,
      0.5,
      0.6000000238418579,
      0.550000011920929,
      0.6000000238418579,
      0.6000000238418579,
      0.6000000238418579,
      0.5,
      0.699999988079071,
      0.75,
      0.6000000238418579,
      0.699999988079071,
      0.6499999761581421,
      0.6000000238418579,
      0.6499999761581421,
      0.550000011920929,
      0.699999988079071,
      0.6000000238418579,
      0.6499999761581421,
      0.5,
      0.699999988079071
    ],
    "max_targets_per_sample": 3
  },
  "methods": [
    "experimental_set_linear_feature_contribution",
    "modality_shapley"
  ],
  "intercept": -9.090986549321226,
  "text_logit_contribution": 9.132017135620117,
  "image_logit_contribution": 6.039826393127441,
  "label_dependency_logit_contribution": 0.0,
  "top_text_features": [
    {
      "feature": "police",
      "tfidf": 0.10435708612203598,
      "contribution": 1.8448495864868164
    },
    {
      "feature": "danny",
      "tfidf": 0.4967174828052521,
      "contribution": 1.321320652961731
    },
    {
      "feature": "killer",
      "tfidf": 0.12618203461170197,
      "contribution": 1.1479524374008179
    },
    {
      "feature": "kills",
      "tfidf": 0.13646091520786285,
      "contribution": 0.7530861496925354
    },
    {
      "feature": "identity",
      "tfidf": 0.14081063866615295,
      "contribution": 0.6438207626342773
    },
    {
      "feature": "love",
      "tfidf": 0.08060811460018158,
      "contribution": -0.6063571572303772
    },
    {
      "feature": "is",
      "tfidf": 0.11414414644241333,
      "contribution": 0.594219982624054
    },
    {
      "feature": "body",
      "tfidf": 0.12765909731388092,
      "contribution": 0.48129111528396606
    },
    {
      "feature": "insanity",
      "tfidf": 0.20407132804393768,
      "contribution": 0.34042051434516907
    },
    {
      "feature": "jerry",
      "tfidf": 0.17123287916183472,
      "contribution": 0.33567604422569275
    },
    {
      "feature": "law",
      "tfidf": 0.1314057558774948,
      "contribution": 0.26205915212631226
    },
    {
      "feature": "coming",
      "tfidf": 0.1352030336856842,
      "contribution": -0.2585810720920563
    }
  ],
  "top_image_features": [
    {
      "feature": "bottom_right_R_hist_bin_1",
      "value": 6.370929718017578,
      "contribution": -2.226652145385742
    },
    {
      "feature": "thumbnail_y5_x5",
      "value": -1.1720576286315918,
      "contribution": 2.1838135719299316
    },
    {
      "feature": "thumbnail_y6_x22",
      "value": -1.3051247596740723,
      "contribution": 2.01265549659729
    },
    {
      "feature": "thumbnail_y17_x3",
      "value": -1.0716944932937622,
      "contribution": 1.9849293231964111
    },
    {
      "feature": "thumbnail_y0_x29",
      "value": -0.9729764461517334,
      "contribution": -1.9554256200790405
    },
    {
      "feature": "thumbnail_y14_x14",
      "value": -1.1749612092971802,
      "contribution": 1.9203344583511353
    },
    {
      "feature": "thumbnail_y19_x17",
      "value": -1.0122720003128052,
      "contribution": -1.8358558416366577
    },
    {
      "feature": "thumbnail_y14_x18",
      "value": -1.2928109169006348,
      "contribution": -1.821636438369751
    },
    {
      "feature": "thumbnail_y0_x24",
      "value": -1.2425947189331055,
      "contribution": -1.8152886629104614
    },
    {
      "feature": "thumbnail_y10_x30",
      "value": -1.1972479820251465,
      "contribution": 1.7976354360580444
    },
    {
      "feature": "thumbnail_y3_x15",
      "value": -1.3738574981689453,
      "contribution": 1.7893294095993042
    },
    {
      "feature": "thumbnail_y15_x18",
      "value": -1.28703773021698,
      "contribution": 1.7332332134246826
    }
  ],
  "label_dependency_contributions": [],
  "performance": {
    "measurements": [
      {
        "name": "classic_set_linear_contribution_idx_35",
        "wall_time_s": 0.0019680999976117164,
        "process_cpu_time_s": 0.0,
        "process_cpu_util_percent": 0.0,
        "rss_start_mb": 329.765625,
        "rss_end_mb": 329.78125,
        "rss_delta_mb": 0.015625,
        "rss_peak_mb": 329.78515625,
        "cuda_start": {
          "cuda_available": false,
          "cuda_error": "ModuleNotFoundError: No module named 'torch'"
        },
        "cuda_end": {
          "cuda_available": false,
          "cuda_error": "ModuleNotFoundError: No module named 'torch'"
        }
      },
      {
        "name": "classic_set_modality_shapley_idx_35",
        "wall_time_s": 0.03848960000323132,
        "process_cpu_time_s": 0.03125,
        "process_cpu_util_percent": 81.1907632123391,
        "rss_start_mb": 329.765625,
        "rss_end_mb": 329.78125,
        "rss_delta_mb": 0.015625,
        "rss_peak_mb": 329.78515625,
        "cuda_start": {
          "cuda_available": false,
          "cuda_error": "ModuleNotFoundError: No module named 'torch'"
        },
        "cuda_end": {
          "cuda_available": false,
          "cuda_error": "ModuleNotFoundError: No module named 'torch'"
        }
      },
      {
        "name": "classic_set_modality_shapley_visualization_idx_35",
        "wall_time_s": 0.11209559999406338,
        "process_cpu_time_s": 0.109375,
        "process_cpu_util_percent": 97.57296451046477,
        "rss_start_mb": 329.765625,
        "rss_end_mb": 331.91015625,
        "rss_delta_mb": 2.14453125,
        "rss_peak_mb": 333.79296875,
        "cuda_start": {
          "cuda_available": false,
          "cuda_error": "ModuleNotFoundError: No module named 'torch'"
        },
        "cuda_end": {
          "cuda_available": false,
          "cuda_error": "ModuleNotFoundError: No module named 'torch'"
        }
      },
      {
        "name": "classic_set_visualization_idx_35",
        "wall_time_s": 0.18012130001443438,
        "process_cpu_time_s": 0.171875,
        "process_cpu_util_percent": 95.42180740768941,
        "rss_start_mb": 331.89453125,
        "rss_end_mb": 333.3203125,
        "rss_delta_mb": 1.42578125,
        "rss_peak_mb": 336.6015625,
        "cuda_start": {
          "cuda_available": false,
          "cuda_error": "ModuleNotFoundError: No module named 'torch'"
        },
        "cuda_end": {
          "cuda_available": false,
          "cuda_error": "ModuleNotFoundError: No module named 'torch'"
        }
      }
    ],
    "summary": {
      "count": 4,
      "total_wall_time_s": 0.3326746000093408,
      "mean_wall_time_s": 0.0831686500023352,
      "total_process_cpu_time_s": 0.3125,
      "mean_process_cpu_util_percent": 68.54638378262332,