{
  "index": 2243,
  "target_genre": "History",
  "target_genres": [
    "History"
  ],
  "true_genres": [
    "Documentary",
    "Music"
  ],
  "predicted_genres": [
    "Documentary",
    "History"
  ],
  "probability": 0.6143183149072557,
  "top_probabilities": {
    "Documentary": 0.8156253099441528,
    "Music": 0.6159152388572693,
    "History": 0.614318311214447,
    "Biography": 0.6018572449684143,
    "Horror": 0.37527942657470703
  },
  "target_selection": {
    "policy": "predicted",
    "target_indices": [
      8,
      15
    ],
    "target_genres": [
      "Documentary",
      "History"
    ],
    "all_selected_indices": [
      8,
      15
    ],
    "all_selected_genres": [
      "Documentary",
      "History"
    ],
    "predicted_indices": [
      8,
      15
    ],
    "predicted_genres": [
      "Documentary",
      "History"
    ],
    "threshold": [
      0.30000001192092896,
      0.44999998807907104,
      0.5,
      0.5,
      0.6000000238418579,
      0.550000011920929,
      0.6000000238418579,
      0.6000000238418579,
      0.6000000238418579,
      0.5,
      0.699999988079071,
      0.75,
      0.6000000238418579,
      0.699999988079071,
      0.6499999761581421,
      0.6000000238418579,
      0.6499999761581421,
      0.550000011920929,
      0.699999988079071,
      0.6000000238418579,
      0.6499999761581421,
      0.5,
      0.699999988079071
    ],
    "max_targets_per_sample": 3
  },
  "method": "linear_feature_contribution",
  "methods": [
    "linear_feature_contribution",
    "modality_shapley"
  ],
  "modality_shapley": {
    "method": "two_modality_shapley",
    "probability": {
      "values": {
        "blank": 0.0657237896979961,
        "text_only": 0.25873619327566977,
        "image_only": 0.2430071885756077,
        "both": 0.6143183149072557
      },
      "shapley": {
        "text": 0.28216176495466083,
        "image": 0.26643276025459883,
        "interaction": 0.17829872275397435,
        "blank_to_both_delta": 0.5485945252092597,
        "abs_total": 0.5485945252092597,
        "text_utilization": 0.5143357288281926,
        "image_utilization": 0.48566427117180744
      }
    },
    "logit": {
      "values": {
        "blank": -2.6543111670749724,
        "text_only": -1.0525475925759153,
        "image_only": -1.136262731736833,
        "both": 0.46550084276223247
      },
      "shapley": {
        "text": 1.6017635744990613,
        "image": 1.5180484353381436,
        "interaction": 8.43769498715119e-15,
        "blank_to_both_delta": 3.119812009837205,
        "abs_total": 3.119812009837205,
        "text_utilization": 0.513416696085686,
        "image_utilization": 0.48658330391431404
      }
    }
  },
  "intercept": -2.6543111670749724,
  "text_logit_contribution": 1.601763574499057,
  "image_logit_contribution": 1.5180484353381525,
  "label_dependency_logit_contribution": 0.0,
  "top_text_features": [
    {
      "feature": "N",
      "tfidf": 0.12230580300092697,
      "contribution": 0.8197783451744273
    },
    {
      "feature": "the",
      "tfidf": 0.17276765406131744,
      "contribution": 0.5568307901793176
    },
    {
      "feature": "a",
      "tfidf": 0.08764367550611496,
      "contribution": -0.5242070277372018
    },
    {
      "feature": "of",
      "tfidf": 0.094825878739357,
      "contribution": 0.4371379845857366
    },
    {
      "feature": "concert",
      "tfidf": 0.3263183832168579,
      "contribution": -0.31255757327472045
    },
    {
      "feature": "historic",
      "tfidf": 0.20118707418441772,
      "contribution": 0.21822494772782036
    },
    {
      "feature": "great",
      "tfidf": 0.11946430802345276,
      "contribution": 0.2153720826335127
    },
    {
      "feature": "and",
      "tfidf": 0.060955893248319626,
      "contribution": 0.17812449817564552
    },
    {
      "feature": "last",
      "tfidf": 0.11246954649686813,
      "contribution": -0.15678292048913198
    },
    {
      "feature": "july",
      "tfidf": 0.18504643440246582,
      "contribution": 0.15377342296059546
    },
    {
      "feature": "cover",
      "tfidf": 0.3165028989315033,
      "contribution": 0.14971495272622443
    },
    {
      "feature": "this",
      "tfidf": 0.07021431624889374,
      "contribution": 0.14215222776528802
    }
  ],
  "top_image_features": [
    {
      "feature": "thumbnail_y7_x25",
      "value": -1.7478864192962646,
      "contribution": -1.3842104549523675
    },
    {
      "feature": "thumbnail_y5_x25",
      "value": -1.7771635055541992,
      "contribution": -1.3617851122811953
    },
    {
      "feature": "thumbnail_y6_x0",
      "value": -1.5086567401885986,
      "contribution": -1.3574428891304267
    },
    {
      "feature": "thumbnail_y7_x6",
      "value": -1.7377601861953735,
      "contribution": -1.3204770887671522
    },
    {
      "feature": "thumbnail_y11_x29",
      "value": -1.543337106704712,
      "contribution": 1.2976751799819788
    },
    {
      "feature": "thumbnail_y7_x5",
      "value": -1.7001550197601318,
      "contribution": 1.2950843470322122
    },
    {
      "feature": "thumbnail_y10_x1",
      "value": -1.522567868232727,
      "contribution": -1.23145154896329
    },
    {
      "feature": "thumbnail_y4_x7",
      "value": -1.7960178852081299,
      "contribution": 1.2289214276288862
    },
    {
      "feature": "thumbnail_y5_x12",
      "value": -1.7186379432678223,
      "contribution": 1.2198982464958585
    },
    {
      "feature": "thumbnail_y11_x28",
      "value": -1.576472282409668,
      "contribution": -1.2012214537498775
    },
    {
      "feature": "thumbnail_y18_x26",
      "value": -1.3197227716445923,
      "contribution": 1.193680682624629
    },
    {
      "feature": "thumbnail_y18_x25",
      "value": -1.334675908088684,
      "contribution": -1.1514040217810468
    }
  ],
  "label_dependency_contributions": [],
  "performance": {
    "measurements": [
      {
        "name": "classic_modality_shapley_idx_2243_History",
        "wall_time_s": 0.025551640999992742,
        "process_cpu_time_s": 0.025711126999997447,
        "process_cpu_util_percent": 100.62417126166085,
        "rss_start_mb": 1037.578125,
        "rss_end_mb": 1037.578125,
        "rss_delta_mb": 0.0,
        "rss_peak_mb": 1037.58203125,
        "cuda_start": {
          "cuda_available": true,
          "cuda_device": "NVIDIA A100-SXM4-40GB",
          "cuda_allocated_mb": 0.0,
          "cuda_reserved_mb": 0.0,
          "cuda_peak_allocated_mb": 0.0,
          "cuda_peak_reserved_mb": 0.0
        },
        "cuda_end": {
          "cuda_available": true,
          "cuda_device": "NVIDIA A100-SXM4-40GB",
          "cuda_allocated_mb": 0.0,
          "cuda_reserved_mb": 0.0,
          "cuda_peak_allocated_mb": 0.0,
          "cuda_peak_reserved_mb": 0.0
        }
      },
      {
        "name": "classic_modality_shapley_visualization_idx_2243_History",
        "wall_time_s": 0.13844179700004133,
        "process_cpu_time_s": 0.13256320800000054,
        "process_cpu_util_percent": 95.75374696989881,
        "rss_start_mb": 1037.578125,
        "rss_end_mb": 1037.76171875,
        "rss_delta_mb": 0.18359375,
        "rss_peak_mb": 1037.75390625,
        "cuda_start": {
          "cuda_available": true,
          "cuda_device": "NVIDIA A100-SXM4-40GB",
          "cuda_allocated_mb": 0.0,
          "cuda_reserved_mb": 0.0,
          "cuda_peak_allocated_mb": 0.0,
          "cuda_peak_reserved_mb": 0.0
        },
        "cuda_end": {
          "cuda_available": true,
          "cuda_device": "NVIDIA A100-SXM4-40GB",
          "cuda_allocated_mb": 0.0,
          "cuda_reserved_mb": 0.0,
          "cuda_peak_allocated_mb": 0.0,
          "cuda_peak_reserved_mb": 0.0
        }
      },
      {
        "name": "classic_linear_contribution_idx_2243_History",
        "wall_time_s": 0.0010668229999737378,
        "process_cpu_time_s": 0.0011390499999990311,