{
  "index": 3150,
  "target_genre": "Biography",
  "target_genres": [
    "Biography"
  ],
  "true_genres": [
    "Drama",
    "War",
    "History"
  ],
  "predicted_genres": [
    "Biography",
    "War",
    "History",
    "Drama"
  ],
  "probability": 0.9068210007526092,
  "top_probabilities": {
    "Biography": 0.9068210124969482,
    "War": 0.8919153809547424,
    "History": 0.762287437915802,
    "Drama": 0.7520530819892883,
    "Action": 0.4558240473270416
  },
  "target_selection": {
    "policy": "predicted",
    "target_indices": [
      13,
      14,
      15
    ],
    "target_genres": [
      "Biography",
      "War",
      "History"
    ],
    "all_selected_indices": [
      13,
      14,
      15,
      0
    ],
    "all_selected_genres": [
      "Biography",
      "War",
      "History",
      "Drama"
    ],
    "predicted_indices": [
      13,
      14,
      15,
      0
    ],
    "predicted_genres": [
      "Biography",
      "War",
      "History",
      "Drama"
    ],
    "threshold": [
      0.30000001192092896,
      0.44999998807907104,
      0.5,
      0.5,
      0.6000000238418579,
      0.550000011920929,
      0.6000000238418579,
      0.6000000238418579,
      0.6000000238418579,
      0.5,
      0.699999988079071,
      0.75,
      0.6000000238418579,
      0.699999988079071,
      0.6499999761581421,
      0.6000000238418579,
      0.6499999761581421,
      0.550000011920929,
      0.699999988079071,
      0.6000000238418579,
      0.6499999761581421,
      0.5,
      0.699999988079071
    ],
    "max_targets_per_sample": 3
  },
  "method": "linear_feature_contribution",
  "methods": [
    "linear_feature_contribution",
    "modality_shapley"
  ],
  "modality_shapley": {
    "method": "two_modality_shapley",
    "probability": {
      "values": {
        "blank": 0.11839089279638118,
        "text_only": 0.9270304868390368,
        "image_only": 0.09327568540514163,
        "both": 0.9068210007526092
      },
      "shapley": {
        "text": 0.8110924546950615,
        "image": -0.02266234673883357,
        "interaction": 0.004905721304811969,
        "blank_to_both_delta": 0.788430107956228,
        "abs_total": 0.8337548014338951,
        "text_utilization": 0.9728189310575978,
        "image_utilization": 0.02718106894240221
      }
    },
    "logit": {
      "values": {
        "blank": -2.0077569681159195,
        "text_only": 2.5419447266760224,
        "image_only": -2.2742789835750292,
        "both": 2.2754227112169136
      },
      "shapley": {
        "text": 4.549701694791942,
        "image": -0.26652201545910925,
        "interaction": 8.881784197001252e-16,
        "blank_to_both_delta": 4.283179679332833,
        "abs_total": 4.816223710251052,
        "text_utilization": 0.9446616204949465,
        "image_utilization": 0.055338379505053444
      }
    }
  },
  "intercept": -2.0077569681159195,
  "text_logit_contribution": 4.549701694791942,
  "image_logit_contribution": -0.26652201545910914,
  "label_dependency_logit_contribution": 0.0,
  "top_text_features": [
    {
      "feature": "N",
      "tfidf": 0.21278825402259827,
      "contribution": 1.2911080706378837
    },
    {
      "feature": "story",
      "tfidf": 0.20498625934123993,
      "contribution": 1.2716318975869132
    },
    {
      "feature": "based",
      "tfidf": 0.13241003453731537,
      "contribution": 0.6561166488827946
    },
    {
      "feature": "most",
      "tfidf": 0.11338183283805847,
      "contribution": 0.3632343982956039
    },
    {
      "feature": "of",
      "tfidf": 0.0733238011598587,
      "contribution": 0.28768762941580567
    },
    {
      "feature": "battles",
      "tfidf": 0.19587279856204987,
      "contribution": 0.2625300223259856
    },
    {
      "feature": "regiment",
      "tfidf": 0.4846654534339905,
      "contribution": 0.19189146324656298
    },
    {
      "feature": "soviet",
      "tfidf": 0.18897315859794617,
      "contribution": 0.1842093347499883
    },
    {
      "feature": "some",
      "tfidf": 0.10581827163696289,
      "contribution": -0.17610430651487718
    },
    {
      "feature": "follows",
      "tfidf": 0.14055310189723969,
      "contribution": -0.17389079807325897
    },
    {
      "feature": "against",
      "tfidf": 0.1143776997923851,
      "contribution": 0.14545404270867662
    },
    {
      "feature": "a",
      "tfidf": 0.03388509526848793,
      "contribution": -0.1413815593988185
    }
  ],
  "top_image_features": [
    {
      "feature": "top_left_B_hist_bin_11",
      "value": 6.125263214111328,
      "contribution": 0.8282140285987345
    },
    {
      "feature": "top_right_B_hist_bin_11",
      "value": 6.158928871154785,
      "contribution": -0.7490765750383356
    },
    {
      "feature": "thumbnail_y17_x5",
      "value": 0.7426221966743469,
      "contribution": -0.7333577763717722
    },
    {
      "feature": "thumbnail_y2_x26",
      "value": 0.8384796380996704,
      "contribution": -0.5894459575228196
    },
    {
      "feature": "thumbnail_y16_x2",
      "value": 0.732614278793335,
      "contribution": 0.5846253502028484
    },
    {
      "feature": "thumbnail_y5_x27",
      "value": 0.8832481503486633,
      "contribution": -0.5834894377536944
    },
    {
      "feature": "thumbnail_y5_x10",
      "value": 0.9112814664840698,
      "contribution": 0.5070987608175346
    },
    {
      "feature": "thumbnail_y0_x20",
      "value": 0.7920902371406555,
      "contribution": 0.5028858676361259
    },
    {
      "feature": "thumbnail_y5_x9",
      "value": 0.9000318050384521,
      "contribution": -0.5025980618870811
    },
    {
      "feature": "thumbnail_y16_x3",
      "value": 0.96369868516922,
      "contribution": -0.5008552684644306
    },
    {
      "feature": "thumbnail_y16_x9",
      "value": 1.0888333320617676,
      "contribution": 0.49957341532551813
    },
    {
      "feature": "top_left_B_hist_bin_10",
      "value": 2.1428537368774414,
      "contribution": -0.4935891601825022
    }
  ],
  "label_dependency_contributions": [],
  "performance": {
    "measurements": [
      {
        "name": "classic_modality_shapley_idx_3150_Biography",
        "wall_time_s": 0.02571363200001997,
        "process_cpu_time_s": 0.025954715000001016,
        "process_cpu_util_percent": 100.93756883500885,
        "rss_start_mb": 993.78515625,
        "rss_end_mb": 993.78515625,
        "rss_delta_mb": 0.0,
        "rss_peak_mb": 993.7890625,
        "cuda_start": {
          "cuda_available": true,
          "cuda_device": "NVIDIA A100-SXM4-40GB",
          "cuda_allocated_mb": 0.0,
          "cuda_reserved_mb": 0.0,
          "cuda_peak_allocated_mb": 0.0,
          "cuda_peak_reserved_mb": 0.0
        },
        "cuda_end": {
          "cuda_available": true,
          "cuda_device": "NVIDIA A100-SXM4-40GB",
          "cuda_allocated_mb": 0.0,
          "cuda_reserved_mb": 0.0,
          "cuda_peak_allocated_mb": 0.0,
          "cuda_peak_reserved_mb": 0.0
        }
      },
      {
        "name": "classic_modality_shapley_visualization_idx_3150_Biography",
        "wall_time_s": 0.1256418110000368,
        "process_cpu_time_s": 0.12086064200000024,
        "process_cpu_util_percent": 96.1946035623164,
        "rss_start_mb": 993.78515625,
        "rss_end_mb": 994.7734375,
        "rss_delta_mb": 0.98828125,
        "rss_peak_mb": 994.77734375,
        "cuda_start": {
          "cuda_available": true,
          "cuda_device": "NVIDIA A100-SXM4-40GB",
          "cuda_allocated_mb": 0.0,
          "cuda_reserved_mb": 0.0,
          "cuda_peak_allocated_mb": 0.0,
          "cuda_peak_reserved_mb": 0.0
        },
        "cuda_end": {
          "cuda_available": true,
          "cuda_device": "NVIDIA A100-SXM4-40GB",
          "cuda_allocated_mb": 0.0,
          "cuda_reserved_mb": 0.0,
          "cuda_peak_allocated_mb": 0.0,