{
  "index": 16,
  "target_genre": "Mystery",
  "target_genres": [
    "Mystery"
  ],
  "true_genres": [
    "Drama",
    "Thriller",
    "Crime",
    "Mystery",
    "Film-Noir"
  ],
  "predicted_genres": [
    "Drama",
    "Thriller",
    "Mystery",
    "Romance"
  ],
  "probability": 0.6180877195492066,
  "top_probabilities": {
    "Drama": 0.8036894798278809,
    "Thriller": 0.6502599120140076,
    "Mystery": 0.6180877089500427,
    "Romance": 0.5659251809120178,
    "Fantasy": 0.4114040732383728
  },
  "target_selection": {
    "policy": "predicted",
    "target_indices": [
      0,
      3,
      9
    ],
    "target_genres": [
      "Drama",
      "Thriller",
      "Mystery"
    ],
    "all_selected_indices": [
      0,
      3,
      9,
      2
    ],
    "all_selected_genres": [
      "Drama",
      "Thriller",
      "Mystery",
      "Romance"
    ],
    "predicted_indices": [
      0,
      3,
      9,
      2
    ],
    "predicted_genres": [
      "Drama",
      "Thriller",
      "Mystery",
      "Romance"
    ],
    "threshold": [
      0.30000001192092896,
      0.44999998807907104,
      0.5,
      0.5,
      0.6000000238418579,
      0.550000011920929,
      0.6000000238418579,
      0.6000000238418579,
      0.6000000238418579,
      0.5,
      0.699999988079071,
      0.75,
      0.6000000238418579,
      0.699999988079071,
      0.6499999761581421,
      0.6000000238418579,
      0.6499999761581421,
      0.550000011920929,
      0.699999988079071,
      0.6000000238418579,
      0.6499999761581421,
      0.5,
      0.699999988079071
    ],
    "max_targets_per_sample": 3
  },
  "method": "linear_feature_contribution",
  "methods": [
    "linear_feature_contribution",
    "modality_shapley"
  ],
  "modality_shapley": {
    "method": "two_modality_shapley",
    "probability": {
      "values": {
        "blank": 0.10581774089238796,
        "text_only": 0.41928377734651195,
        "image_only": 0.209649777966507,
        "both": 0.6180877195492066
      },
      "shapley": {
        "text": 0.3609519890184118,
        "image": 0.15131798963840684,
        "interaction": 0.09497190512857562,
        "blank_to_both_delta": 0.5122699786568187,
        "abs_total": 0.5122699786568187,
        "text_utilization": 0.7046128097626072,
        "image_utilization": 0.2953871902373928
      }
    },
    "logit": {
      "values": {
        "blank": -2.134191434983072,
        "text_only": -0.3257142447839789,
        "image_only": -1.3270377517052059,
        "both": 0.48143943849388204
      },
      "shapley": {
        "text": 1.8084771901990906,
        "image": 0.8071536832778636,
        "interaction": -5.329070518200751e-15,
        "blank_to_both_delta": 2.615630873476954,
        "abs_total": 2.615630873476954,
        "text_utilization": 0.6914114711435121,
        "image_utilization": 0.30858852885648785
      }
    }
  },
  "intercept": -2.134191434983072,
  "text_logit_contribution": 1.8084771901990933,
  "image_logit_contribution": 0.8071536832778655,
  "label_dependency_logit_contribution": 0.0,
  "top_text_features": [
    {
      "feature": "murdered",
      "tfidf": 0.08250788599252701,
      "contribution": 0.36499939065558573
    },
    {
      "feature": "mysterious",
      "tfidf": 0.07592181861400604,
      "contribution": 0.3416718920263835
    },
    {
      "feature": "that",
      "tfidf": 0.1227244958281517,
      "contribution": 0.27402461344124845
    },
    {
      "feature": "the",
      "tfidf": 0.09226766973733902,
      "contribution": 0.21401293025325815
    },
    {
      "feature": "seems",
      "tfidf": 0.07439467310905457,
      "contribution": 0.20294414658057025
    },
    {
      "feature": "lynn",
      "tfidf": 0.401691198348999,
      "contribution": 0.18795655294819255
    },
    {
      "feature": "his",
      "tfidf": 0.12977229058742523,
      "contribution": -0.17888778014990803
    },
    {
      "feature": "is",
      "tfidf": 0.0478525348007679,
      "contribution": 0.17575414098862147
    },
    {
      "feature": "evidence",
      "tfidf": 0.09442358464002609,
      "contribution": 0.17211522807028992
    },
    {
      "feature": "brother",
      "tfidf": 0.06687736511230469,
      "contribution": -0.15228273334214856
    },
    {
      "feature": "nephew",
      "tfidf": 0.21535736322402954,
      "contribution": -0.14259312638002508
    },
    {
      "feature": "and",
      "tfidf": 0.11719398200511932,
      "contribution": -0.1261919561620738
    }
  ],
  "top_image_features": [
    {
      "feature": "thumbnail_y19_x7",
      "value": -1.193709373474121,
      "contribution": 0.8963553928635416
    },
    {
      "feature": "thumbnail_y0_x31",
      "value": -1.2809507846832275,
      "contribution": 0.8611234167495542
    },
    {
      "feature": "thumbnail_y0_x28",
      "value": -1.3293774127960205,
      "contribution": -0.8571452008269721
    },
    {
      "feature": "thumbnail_y18_x17",
      "value": -1.4729540348052979,
      "contribution": 0.8485107591123769
    },
    {
      "feature": "thumbnail_y0_x24",
      "value": -1.3599861860275269,
      "contribution": -0.8480624896460282
    },
    {
      "feature": "thumbnail_y0_x27",
      "value": -1.344929575920105,
      "contribution": 0.8151395866650535
    },
    {
      "feature": "thumbnail_y0_x3",
      "value": -1.313065767288208,
      "contribution": 0.8008069059909896
    },
    {
      "feature": "thumbnail_y13_x3",
      "value": 1.410866379737854,
      "contribution": -0.7905826127893459
    },
    {
      "feature": "thumbnail_y18_x16",
      "value": -1.4789973497390747,
      "contribution": -0.789564969376576
    },
    {
      "feature": "thumbnail_y19_x8",
      "value": -1.1977547407150269,
      "contribution": -0.7633728212186416
    },
    {
      "feature": "thumbnail_y0_x7",
      "value": -1.4026201963424683,
      "contribution": -0.7066006300550999
    },
    {
      "feature": "thumbnail_y1_x8",
      "value": -1.0816131830215454,
      "contribution": 0.7025330515900904
    }
  ],
  "label_dependency_contributions": [],
  "performance": {
    "measurements": [
      {
        "name": "classic_modality_shapley_idx_16_Mystery",
        "wall_time_s": 0.027746839000428736,
        "process_cpu_time_s": 0.027739180000025954,
        "process_cpu_util_percent": 99.97239685427711,
        "rss_start_mb": 2205.8359375,
        "rss_end_mb": 2205.8359375,
        "rss_delta_mb": 0.0,
        "rss_peak_mb": 2205.83984375,
        "cuda_start": {
          "cuda_available": false
        },
        "cuda_end": {
          "cuda_available": false
        }
      },
      {
        "name": "classic_modality_shapley_visualization_idx_16_Mystery",
        "wall_time_s": 0.1334563229993364,
        "process_cpu_time_s": 0.1266250599999239,
        "process_cpu_util_percent": 94.88127437810012,
        "rss_start_mb": 2205.8359375,
        "rss_end_mb": 2206.03515625,
        "rss_delta_mb": 0.19921875,
        "rss_peak_mb": 2206.03125,
        "cuda_start": {
          "cuda_available": false
        },
        "cuda_end": {
          "cuda_available": false
        }
      },
      {
        "name": "classic_linear_contribution_idx_16_Mystery",
        "wall_time_s": 0.0007536899993283441,
        "process_cpu_time_s": 0.000843241999973543,
        "process_cpu_util_percent": 111.88180826666185,
        "rss_start_mb": 2206.03515625,
        "rss_end_mb": 2206.0390625,
        "rss_delta_mb": 0.00390625,
        "rss_peak_mb": 2206.0390625,
        "cuda_start": {
          "cuda_available": false
        },
        "cuda_end": {
          "cuda_available": false
        }
      },
      {
        "name": "classic_visualization_idx_16_Mystery",
        "wall_time_s": 0.2009803600003579,
        "process_cpu_time_s": 0.18709702799992556,
        "process_cpu_util_percent": 93.09219467991419,
        "rss_start_mb": 2206.0390625,
        "rss_end_mb": 2206.578125,
        "rss_delta_mb": 0.5390625,