{
  "index": 40,
  "target_genre": "Thriller",
  "target_genres": [
    "Thriller"
  ],
  "true_genres": [
    "Drama",
    "Thriller",
    "Crime",
    "Film-Noir"
  ],
  "predicted_genres": [
    "Thriller",
    "Mystery",
    "Drama"
  ],
  "probability": 0.711651543243624,
  "top_probabilities": {
    "Thriller": 0.7116515636444092,
    "Mystery": 0.6059768795967102,
    "Drama": 0.5867097973823547,
    "Musical": 0.5460688471794128,
    "War": 0.5145760178565979
  },
  "target_selection": {
    "policy": "predicted",
    "target_indices": [
      3,
      9,
      0
    ],
    "target_genres": [
      "Thriller",
      "Mystery",
      "Drama"
    ],
    "all_selected_indices": [
      3,
      9,
      0
    ],
    "all_selected_genres": [
      "Thriller",
      "Mystery",
      "Drama"
    ],
    "predicted_indices": [
      3,
      9,
      0
    ],
    "predicted_genres": [
      "Thriller",
      "Mystery",
      "Drama"
    ],
    "threshold": [
      0.30000001192092896,
      0.44999998807907104,
      0.5,
      0.5,
      0.6000000238418579,
      0.550000011920929,
      0.6000000238418579,
      0.6000000238418579,
      0.6000000238418579,
      0.5,
      0.699999988079071,
      0.75,
      0.6000000238418579,
      0.699999988079071,
      0.6499999761581421,
      0.6000000238418579,
      0.6499999761581421,
      0.550000011920929,
      0.699999988079071,
      0.6000000238418579,
      0.6499999761581421,
      0.5,
      0.699999988079071
    ],
    "max_targets_per_sample": 3
  },
  "method": "linear_feature_contribution",
  "methods": [
    "linear_feature_contribution",
    "modality_shapley"
  ],
  "modality_shapley": {
    "method": "two_modality_shapley",
    "probability": {
      "values": {
        "blank": 0.22067535862780757,
        "text_only": 0.5992270522064129,
        "image_only": 0.3185242943583098,
        "both": 0.711651543243624
      },
      "shapley": {
        "text": 0.3858394712319598,
        "image": 0.10513671338385666,
        "interaction": 0.014575555306708843,
        "blank_to_both_delta": 0.49097618461581644,
        "abs_total": 0.49097618461581644,
        "text_utilization": 0.7858618876471065,
        "image_utilization": 0.21413811235289346
      }
    },
    "logit": {
      "values": {
        "blank": -1.2617350441840947,
        "text_only": 0.40224552642312217,
        "image_only": -0.7605618526163777,
        "both": 0.9034187179908433
      },
      "shapley": {
        "text": 1.6639805706072188,
        "image": 0.5011731915677191,
        "interaction": 4.218847493575595e-15,
        "blank_to_both_delta": 2.165153762174938,
        "abs_total": 2.165153762174938,
        "text_utilization": 0.7685276674926398,
        "image_utilization": 0.23147233250736018
      }
    }
  },
  "intercept": -1.2617350441840947,
  "text_logit_contribution": 1.6639805706072173,
  "image_logit_contribution": 0.5011731915677167,
  "label_dependency_logit_contribution": 0.0,
  "top_text_features": [
    {
      "feature": "police",
      "tfidf": 0.0646636113524437,
      "contribution": 0.2515069637766444
    },
    {
      "feature": "is",
      "tfidf": 0.07072804868221283,
      "contribution": 0.16084381963156405
    },
    {
      "feature": "information",
      "tfidf": 0.08969758450984955,
      "contribution": 0.1560368151198772
    },
    {
      "feature": "helen",
      "tfidf": 0.21185249090194702,
      "contribution": 0.14278369999899262
    },
    {
      "feature": "little",
      "tfidf": 0.0684412345290184,
      "contribution": -0.13801648859089943
    },
    {
      "feature": "are",
      "tfidf": 0.07556519657373428,
      "contribution": 0.13635597614436137
    },
    {
      "feature": "that",
      "tfidf": 0.06046397611498833,
      "contribution": 0.13611687102290979
    },
    {
      "feature": "bobby",
      "tfidf": 0.10664207488298416,
      "contribution": 0.13481797664538286
    },
    {
      "feature": "gas",
      "tfidf": 0.10490603744983673,
      "contribution": 0.1329827765090984
    },
    {
      "feature": "begin",
      "tfidf": 0.0796537771821022,
      "contribution": 0.13216836518904246
    },
    {
      "feature": "get",
      "tfidf": 0.10256162285804749,
      "contribution": -0.12449805559553585
    },
    {
      "feature": "a",
      "tfidf": 0.11069152504205704,
      "contribution": 0.1213661513603761
    }
  ],
  "top_image_features": [
    {
      "feature": "thumbnail_y10_x27",
      "value": 1.6580119132995605,
      "contribution": -0.6133577471658455
    },
    {
      "feature": "thumbnail_y16_x26",
      "value": 1.490472435951233,
      "contribution": -0.58750536777779
    },
    {
      "feature": "thumbnail_y15_x30",
      "value": 1.573858618736267,
      "contribution": 0.5687117549122476
    },
    {
      "feature": "thumbnail_y19_x31",
      "value": 1.6884772777557373,
      "contribution": 0.5491221224056563
    },
    {
      "feature": "thumbnail_y19_x18",
      "value": 0.8265612721443176,
      "contribution": 0.4884076937005636
    },
    {
      "feature": "thumbnail_y16_x30",
      "value": 1.7677174806594849,
      "contribution": -0.46296529087948024
    },
    {
      "feature": "thumbnail_y3_x31",
      "value": 1.654836654663086,
      "contribution": -0.42999065681202475
    },
    {
      "feature": "thumbnail_y19_x19",
      "value": 0.8235781788825989,
      "contribution": -0.41917286886601557
    },
    {
      "feature": "thumbnail_y19_x30",
      "value": 1.6494969129562378,
      "contribution": -0.4134173965139269
    },
    {
      "feature": "thumbnail_y8_x9",
      "value": -1.665600299835205,
      "contribution": 0.40450449044969994
    },
    {
      "feature": "thumbnail_y11_x31",
      "value": 1.3750734329223633,
      "contribution": -0.3962159327925451
    },
    {
      "feature": "thumbnail_y9_x27",
      "value": 1.45543372631073,
      "contribution": 0.3847963403612873
    }
  ],
  "label_dependency_contributions": [],
  "performance": {
    "measurements": [
      {
        "name": "classic_modality_shapley_idx_40_Thriller",
        "wall_time_s": 0.023981918000572477,
        "process_cpu_time_s": 0.0242135609998968,
        "process_cpu_util_percent": 100.96590689418083,
        "rss_start_mb": 2212.66015625,
        "rss_end_mb": 2212.66015625,
        "rss_delta_mb": 0.0,
        "rss_peak_mb": 2212.6640625,
        "cuda_start": {
          "cuda_available": false
        },
        "cuda_end": {
          "cuda_available": false
        }
      },
      {
        "name": "classic_modality_shapley_visualization_idx_40_Thriller",
        "wall_time_s": 0.13260437300050398,
        "process_cpu_time_s": 0.1243118869999762,
        "process_cpu_util_percent": 93.74644605385957,
        "rss_start_mb": 2212.66015625,
        "rss_end_mb": 2212.6953125,
        "rss_delta_mb": 0.03515625,
        "rss_peak_mb": 2212.69921875,
        "cuda_start": {
          "cuda_available": false
        },
        "cuda_end": {
          "cuda_available": false
        }
      },
      {
        "name": "classic_linear_contribution_idx_40_Thriller",
        "wall_time_s": 0.0006722699999954784,
        "process_cpu_time_s": 0.0007650300001387222,
        "process_cpu_util_percent": 113.79802759960546,
        "rss_start_mb": 2212.6953125,
        "rss_end_mb": 2212.6953125,
        "rss_delta_mb": 0.0,
        "rss_peak_mb": 2212.69921875,
        "cuda_start": {
          "cuda_available": false
        },
        "cuda_end": {
          "cuda_available": false
        }
      },
      {
        "name": "classic_visualization_idx_40_Thriller",
        "wall_time_s": 0.21266813800048112,
        "process_cpu_time_s": 0.19603527699996448,
        "process_cpu_util_percent": 92.17895959549945,
        "rss_start_mb": 2212.6953125,
        "rss_end_mb": 2212.7109375,
        "rss_delta_mb": 0.015625,
        "rss_peak_mb": 2212.71484375,