{
  "index": 11,
  "target_genre": "Crime",
  "target_genres": [
    "Crime"
  ],
  "true_genres": [
    "Drama",
    "Film-Noir"
  ],
  "predicted_genres": [
    "Film-Noir",
    "Crime",
    "Mystery",
    "Romance",
    "Thriller",
    "Drama"
  ],
  "probability": 0.8691413402557373,
  "top_probabilities": {
    "Film-Noir": 0.997855007648468,
    "Western": 0.8848282694816589,
    "Crime": 0.8691413402557373,
    "Mystery": 0.7660613656044006,
    "Romance": 0.7353613376617432
  },
  "threshold": [
    0.36000001430511475,
    0.44999998807907104,
    0.5,
    0.5899999737739563,
    0.5400000214576721,
    0.7599999904632568,
    0.6899999976158142,
    0.8199999928474426,
    0.7200000286102295,
    0.6299999952316284,
    0.7799999713897705,
    0.7400000095367432,
    0.8100000023841858,
    0.6000000238418579,
    0.8899999856948853,
    0.7599999904632568,
    0.550000011920929,
    0.8999999761581421,
    0.7799999713897705,
    0.9700000286102295,
    0.7699999809265137,
    0.8899999856948853,
    0.9399999976158142
  ],
  "target_selection": {
    "policy": "predicted",
    "target_indices": [
      22,
      4,
      9
    ],
    "target_genres": [
      "Film-Noir",
      "Crime",
      "Mystery"
    ],
    "all_selected_indices": [
      22,
      4,
      9,
      2,
      3,
      0
    ],
    "all_selected_genres": [
      "Film-Noir",
      "Crime",
      "Mystery",
      "Romance",
      "Thriller",
      "Drama"
    ],
    "predicted_indices": [
      22,
      4,
      9,
      2,
      3,
      0
    ],
    "predicted_genres": [
      "Film-Noir",
      "Crime",
      "Mystery",
      "Romance",
      "Thriller",
      "Drama"
    ],
    "threshold": [
      0.36000001430511475,
      0.44999998807907104,
      0.5,
      0.5899999737739563,
      0.5400000214576721,
      0.7599999904632568,
      0.6899999976158142,
      0.8199999928474426,
      0.7200000286102295,
      0.6299999952316284,
      0.7799999713897705,
      0.7400000095367432,
      0.8100000023841858,
      0.6000000238418579,
      0.8899999856948853,
      0.7599999904632568,
      0.550000011920929,
      0.8999999761581421,
      0.7799999713897705,
      0.9700000286102295,
      0.7699999809265137,
      0.8899999856948853,
      0.9399999976158142
    ],
    "max_targets_per_sample": 3
  },
  "methods": [
    "IntegratedGradients_image_pixels",
    "image_occlusion_sensitivity",
    "experimental_label_correlation_head"
  ],
  "top_tokens": [],
  "gate_mean": null,
  "gate_std": null,
  "config": {
    "model_name": "neural_efficientnet_b0_image_only_unfrozen_lr1e4",
    "modality": "image_only",
    "text_encoder": "bigru_attention",
    "image_encoder": "efficientnet_b0",
    "fusion": "gmu",
    "hidden_dim": 256,
    "text_cnn_channels": 128,
    "text_cnn_kernels": [
      3,
      4,
      5
    ],
    "text_rnn_hidden_dim": 128,
    "text_rnn_layers": 1,
    "text_rnn_dropout": 0.2,
    "text_attention_dim": 128,
    "text_transformer_layers": 2,
    "text_transformer_heads": 6,
    "text_transformer_ff_dim": 512,
    "text_transformer_dropout": 0.1,
    "pretrained_image": false,
    "freeze_image_backbone": false,
    "batch_size": 16,
    "epochs": 10,
    "learning_rate": 0.0001,
    "weight_decay": 0.01,
    "num_workers": 0,
    "patience": 3,
    "threshold_metric": "macro_f1",
    "threshold_strategy": "per_label",
    "threshold_min": 0.01,
    "threshold_max": 0.99,
    "threshold_steps": 99,
    "loss": "bce",
    "focal_gamma": 2.0,
    "pos_weight_clip": null,
    "scheduler": "plateau",
    "scheduler_factor": 0.5,
    "scheduler_patience": 1,
    "min_learning_rate": 1e-06,
    "enable_label_correlation": true,
    "max_length": 512,
    "input_size": 224,
    "freeze_embeddings": false
  },
  "performance": {
    "measurements": [
      {
        "name": "neural_image_integrated_gradients_idx_11_Crime",
        "wall_time_s": 0.7234836139996332,
        "process_cpu_time_s": 0.7298044789999949,
        "process_cpu_util_percent": 100.87367078922742,
        "rss_start_mb": 3327.66015625,
        "rss_end_mb": 3327.66015625,
        "rss_delta_mb": 0.0,
        "rss_peak_mb": 3491.00390625,
        "cuda_start": {
          "cuda_available": false
        },
        "cuda_end": {
          "cuda_available": false
        }
      },
      {
        "name": "neural_image_ig_visualization_idx_11_Crime",
        "wall_time_s": 0.03398361899962765,
        "process_cpu_time_s": 0.02186184599986518,
        "process_cpu_util_percent": 64.33054113543561,
        "rss_start_mb": 3327.66015625,
        "rss_end_mb": 3327.66015625,
        "rss_delta_mb": 0.0,
        "rss_peak_mb": 3327.6640625,
        "cuda_start": {
          "cuda_available": false
        },
        "cuda_end": {
          "cuda_available": false
        }
      },
      {
        "name": "neural_image_occlusion_idx_11_Crime",
        "wall_time_s": 0.5978702169995813,
        "process_cpu_time_s": 0.6040583519998108,
        "process_cpu_util_percent": 101.03502981487935,
        "rss_start_mb": 3327.66015625,
        "rss_end_mb": 3327.66015625,
        "rss_delta_mb": 0.0,
        "rss_peak_mb": 3401.16796875,
        "cuda_start": {
          "cuda_available": false
        },
        "cuda_end": {
          "cuda_available": false
        }
      },
      {
        "name": "neural_image_occlusion_visualization_idx_11_Crime",
        "wall_time_s": 0.032087698999021086,
        "process_cpu_time_s": 0.021968790000300942,
        "process_cpu_util_percent": 68.46483445563096,
        "rss_start_mb": 3327.66015625,
        "rss_end_mb": 3327.6640625,
        "rss_delta_mb": 0.00390625,
        "rss_peak_mb": 3327.66796875,
        "cuda_start": {
          "cuda_available": false
        },
        "cuda_end": {
          "cuda_available": false
        }
      }
    ],
    "summary": {
      "count": 4,
      "total_wall_time_s": 1.3874251489978633,
      "mean_wall_time_s": 0.3468562872494658,
      "total_process_cpu_time_s": 1.3776934669999719,
      "mean_process_cpu_util_percent": 83.67601904879334,
      "max_rss_peak_mb": 3491.00390625
    }
  },
  "image_occlusion": {
    "baseline_probability": 0.8691413402557373,
    "baseline_logit": 1.8933875560760498,
    "grid_size": 4,
    "top_patches": [
      {
        "row": 1,
        "col": 1,
        "y0": 56,
        "y1": 112,
        "x0": 56,
        "x1": 112,
        "occluded_probability": 0.8224232196807861,
        "probability_delta": 0.04671812057495117,
        "occluded_logit": 1.5328515768051147,
        "logit_delta": 0.36053597927093506
      },
      {
        "row": 2,
        "col": 1,
        "y0": 112,
        "y1": 168,
        "x0": 56,
        "x1": 112,
        "occluded_probability": 0.8249979615211487,
        "probability_delta": 0.04414337873458862,
        "occluded_logit": 1.5505831241607666,
        "logit_delta": 0.3428044319152832
      },
      {
        "row": 1,
        "col": 0,
        "y0": 56,
        "y1": 112,
        "x0": 0,
        "x1": 56,
        "occluded_probability": 0.8290396928787231,
        "probability_delta": 0.04010164737701416,
        "occluded_logit": 1.5788366794586182,
        "logit_delta": 0.31455087661743164
      },
      {
        "row": 2,
        "col": 0,
        "y0": 112,
        "y1": 168,
        "x0": 0,
        "x1": 56,
        "occluded_probability": 0.830344557762146,
        "probability_delta": 0.03879678249359131,
        "occluded_logit": 1.5880712270736694,
        "logit_delta": 0.30531632900238037
      },
      {
        "row": 1,
        "col": 2,
        "y0": 56,
        "y1": 112,
        "x0": 112,
        "x1": 168,
        "occluded_probability": 0.8421832323074341,
        "probability_delta": 0.026958107948303223,
        "occluded_logit": 1.674562931060791,
        "logit_delta": 0.2188246250152588
      },
      {
        "row": 0,
        "col": 3,
        "y0": 0,
        "y1": 56,
        "x0": 168,