{
  "index": 20958,
  "target_genre": "Adventure",
  "target_genres": [
    "Adventure"
  ],
  "true_genres": [
    "Drama",
    "Romance",
    "Action",
    "Horror",
    "Sci-Fi"
  ],
  "predicted_genres": [
    "Sci-Fi",
    "Animation",
    "Adventure"
  ],
  "probability": 0.829337622844233,
  "top_probabilities": {
    "Sci-Fi": 0.9873157739639282,
    "Animation": 0.8903534412384033,
    "Adventure": 0.8293375968933105,
    "Fantasy": 0.720363199710846,
    "Family": 0.569080114364624
  },
  "target_selection": {
    "policy": "predicted",
    "target_indices": [
      10,
      17,
      6
    ],
    "target_genres": [
      "Sci-Fi",
      "Animation",
      "Adventure"
    ],
    "all_selected_indices": [
      10,
      17,
      6
    ],
    "all_selected_genres": [
      "Sci-Fi",
      "Animation",
      "Adventure"
    ],
    "predicted_indices": [
      10,
      17,
      6
    ],
    "predicted_genres": [
      "Sci-Fi",
      "Animation",
      "Adventure"
    ],
    "threshold": [
      0.30000001192092896,
      0.44999998807907104,
      0.5,
      0.5,
      0.6000000238418579,
      0.550000011920929,
      0.6000000238418579,
      0.6000000238418579,
      0.6000000238418579,
      0.5,
      0.699999988079071,
      0.75,
      0.6000000238418579,
      0.699999988079071,
      0.6499999761581421,
      0.6000000238418579,
      0.6499999761581421,
      0.550000011920929,
      0.699999988079071,
      0.6000000238418579,
      0.6499999761581421,
      0.5,
      0.699999988079071
    ],
    "max_targets_per_sample": 3
  },
  "method": "linear_feature_contribution",
  "methods": [
    "linear_feature_contribution",
    "modality_shapley"
  ],
  "modality_shapley": {
    "method": "two_modality_shapley",
    "probability": {
      "values": {
        "blank": 0.12266965005694126,
        "text_only": 0.7321680637029776,
        "image_only": 0.19907289079626103,
        "both": 0.829337622844233
      },
      "shapley": {
        "text": 0.6198815728470042,
        "image": 0.08678639994028756,
        "interaction": 0.020766318401935588,
        "blank_to_both_delta": 0.7066679727872917,
        "abs_total": 0.7066679727872918,
        "text_utilization": 0.8771892836773424,
        "image_utilization": 0.12281071632265753
      }
    },
    "logit": {
      "values": {
        "blank": -1.96738863292905,
        "text_only": 1.0056504024010329,
        "image_only": -1.3920989001152715,
        "both": 1.5809401352148054
      },
      "shapley": {
        "text": 2.9730390353300797,
        "image": 0.5752897328137755,
        "interaction": -5.995204332975845e-15,
        "blank_to_both_delta": 3.5483287681438553,
        "abs_total": 3.5483287681438553,
        "text_utilization": 0.8378702283794542,
        "image_utilization": 0.1621297716205457
      }
    }
  },
  "intercept": -1.96738863292905,
  "text_logit_contribution": 2.9730390353300833,
  "image_logit_contribution": 0.5752897328137796,
  "label_dependency_logit_contribution": 0.0,
  "top_text_features": [
    {
      "feature": "machine",
      "tfidf": 0.3155708909034729,
      "contribution": 0.6332133816130879
    },
    {
      "feature": "race",
      "tfidf": 0.1399427354335785,
      "contribution": 0.40052044205755233
    },
    {
      "feature": "the",
      "tfidf": 0.1461135745048523,
      "contribution": 0.3713471522145512
    },
    {
      "feature": "earth",
      "tfidf": 0.1297474503517151,
      "contribution": 0.31037157588694425
    },
    {
      "feature": "ocean",
      "tfidf": 0.342771053314209,
      "contribution": 0.24859475933997546
    },
    {
      "feature": "to",
      "tfidf": 0.0942808985710144,
      "contribution": 0.2452223907883363
    },
    {
      "feature": "alien",
      "tfidf": 0.1557227075099945,
      "contribution": 0.21268257492039944
    },
    {
      "feature": "giant",
      "tfidf": 0.15760748088359833,
      "contribution": 0.20572251509013476
    },
    {
      "feature": "out",
      "tfidf": 0.13632404804229736,
      "contribution": 0.19295965024464287
    },
    {
      "feature": "different",
      "tfidf": 0.12338417768478394,
      "contribution": -0.1689450297275992
    },
    {
      "feature": "crashes",
      "tfidf": 0.17023511230945587,
      "contribution": 0.16787304861443256
    },
    {
      "feature": "that",
      "tfidf": 0.14575839042663574,
      "contribution": 0.1456643786577747
    }
  ],
  "top_image_features": [
    {
      "feature": "thumbnail_y14_x19",
      "value": 1.7101629972457886,
      "contribution": 0.4694235994706377
    },
    {
      "feature": "thumbnail_y17_x10",
      "value": 0.9890506267547607,
      "contribution": -0.4546720084013151
    },
    {
      "feature": "thumbnail_y12_x2",
      "value": 0.8494130969047546,
      "contribution": -0.4250925279420802
    },
    {
      "feature": "bottom_right_G_hist_bin_7",
      "value": 2.4273393154144287,
      "contribution": -0.4030397512137798
    },
    {
      "feature": "top_right_B_hist_bin_10",
      "value": 3.820436954498291,
      "contribution": 0.3914430628576672
    },
    {
      "feature": "thumbnail_y11_x27",
      "value": 0.8873647451400757,
      "contribution": 0.38756505560672794
    },
    {
      "feature": "thumbnail_y13_x19",
      "value": 1.3608999252319336,
      "contribution": -0.3024116836509497
    },
    {
      "feature": "bottom_left_G_hist_bin_0",
      "value": -0.7644633054733276,
      "contribution": 0.2959043713136757
    },
    {
      "feature": "thumbnail_y0_x18",
      "value": 0.5049364566802979,
      "contribution": 0.29578960342706956
    },
    {
      "feature": "thumbnail_y0_x17",
      "value": 0.5850988626480103,
      "contribution": -0.29535590963724473
    },
    {
      "feature": "thumbnail_y8_x9",
      "value": 0.9520453214645386,
      "contribution": 0.29364222673315854
    },
    {
      "feature": "thumbnail_y19_x13",
      "value": -0.6236246228218079,
      "contribution": 0.2924366977380494
    }
  ],
  "label_dependency_contributions": [],
  "performance": {
    "measurements": [
      {
        "name": "classic_modality_shapley_idx_20958_Adventure",
        "wall_time_s": 0.025873294000007263,
        "process_cpu_time_s": 0.026242605000000196,
        "process_cpu_util_percent": 101.42738299960116,
        "rss_start_mb": 1027.03515625,
        "rss_end_mb": 1027.05859375,
        "rss_delta_mb": 0.0234375,
        "rss_peak_mb": 1027.0625,
        "cuda_start": {
          "cuda_available": true,
          "cuda_device": "NVIDIA A100-SXM4-40GB",
          "cuda_allocated_mb": 0.0,
          "cuda_reserved_mb": 0.0,
          "cuda_peak_allocated_mb": 0.0,
          "cuda_peak_reserved_mb": 0.0
        },
        "cuda_end": {
          "cuda_available": true,
          "cuda_device": "NVIDIA A100-SXM4-40GB",
          "cuda_allocated_mb": 0.0,
          "cuda_reserved_mb": 0.0,
          "cuda_peak_allocated_mb": 0.0,
          "cuda_peak_reserved_mb": 0.0
        }
      },
      {
        "name": "classic_modality_shapley_visualization_idx_20958_Adventure",
        "wall_time_s": 0.13367855599994982,
        "process_cpu_time_s": 0.12925551900000087,
        "process_cpu_util_percent": 96.69128906512829,
        "rss_start_mb": 1027.09765625,
        "rss_end_mb": 1027.3671875,
        "rss_delta_mb": 0.26953125,
        "rss_peak_mb": 1027.36328125,
        "cuda_start": {
          "cuda_available": true,
          "cuda_device": "NVIDIA A100-SXM4-40GB",
          "cuda_allocated_mb": 0.0,
          "cuda_reserved_mb": 0.0,
          "cuda_peak_allocated_mb": 0.0,
          "cuda_peak_reserved_mb": 0.0
        },
        "cuda_end": {
          "cuda_available": true,
          "cuda_device": "NVIDIA A100-SXM4-40GB",
          "cuda_allocated_mb": 0.0,
          "cuda_reserved_mb": 0.0,
          "cuda_peak_allocated_mb": 0.0,