{
  "index": 86,
  "target_genre": "Thriller",
  "target_genres": [
    "Thriller"
  ],
  "true_genres": [
    "Drama",
    "Romance",
    "Mystery",
    "Film-Noir"
  ],
  "predicted_genres": [
    "Crime",
    "Thriller",
    "Mystery",
    "Drama",
    "Romance"
  ],
  "probability": 0.8303700089454651,
  "top_probabilities": {
    "Crime": 0.8536204695701599,
    "Thriller": 0.8303700089454651,
    "Mystery": 0.7631261944770813,
    "Drama": 0.6695628762245178,
    "Romance": 0.5634188055992126
  },
  "threshold": [
    0.36000001430511475,
    0.44999998807907104,
    0.5,
    0.5899999737739563,
    0.5400000214576721,
    0.7599999904632568,
    0.6899999976158142,
    0.8199999928474426,
    0.7200000286102295,
    0.6299999952316284,
    0.7799999713897705,
    0.7400000095367432,
    0.8100000023841858,
    0.6000000238418579,
    0.8899999856948853,
    0.7599999904632568,
    0.550000011920929,
    0.8999999761581421,
    0.7799999713897705,
    0.9700000286102295,
    0.7699999809265137,
    0.8899999856948853,
    0.9399999976158142
  ],
  "target_selection": {
    "policy": "predicted",
    "target_indices": [
      4,
      3,
      9
    ],
    "target_genres": [
      "Crime",
      "Thriller",
      "Mystery"
    ],
    "all_selected_indices": [
      4,
      3,
      9,
      0,
      2
    ],
    "all_selected_genres": [
      "Crime",
      "Thriller",
      "Mystery",
      "Drama",
      "Romance"
    ],
    "predicted_indices": [
      4,
      3,
      9,
      0,
      2
    ],
    "predicted_genres": [
      "Crime",
      "Thriller",
      "Mystery",
      "Drama",
      "Romance"
    ],
    "threshold": [
      0.36000001430511475,
      0.44999998807907104,
      0.5,
      0.5899999737739563,
      0.5400000214576721,
      0.7599999904632568,
      0.6899999976158142,
      0.8199999928474426,
      0.7200000286102295,
      0.6299999952316284,
      0.7799999713897705,
      0.7400000095367432,
      0.8100000023841858,
      0.6000000238418579,
      0.8899999856948853,
      0.7599999904632568,
      0.550000011920929,
      0.8999999761581421,
      0.7799999713897705,
      0.9700000286102295,
      0.7699999809265137,
      0.8899999856948853,
      0.9399999976158142
    ],
    "max_targets_per_sample": 3
  },
  "methods": [
    "IntegratedGradients_image_pixels",
    "image_occlusion_sensitivity",
    "experimental_label_correlation_head"
  ],
  "top_tokens": [],
  "gate_mean": null,
  "gate_std": null,
  "config": {
    "model_name": "neural_efficientnet_b0_image_only_unfrozen_lr1e4",
    "modality": "image_only",
    "text_encoder": "bigru_attention",
    "image_encoder": "efficientnet_b0",
    "fusion": "gmu",
    "hidden_dim": 256,
    "text_cnn_channels": 128,
    "text_cnn_kernels": [
      3,
      4,
      5
    ],
    "text_rnn_hidden_dim": 128,
    "text_rnn_layers": 1,
    "text_rnn_dropout": 0.2,
    "text_attention_dim": 128,
    "text_transformer_layers": 2,
    "text_transformer_heads": 6,
    "text_transformer_ff_dim": 512,
    "text_transformer_dropout": 0.1,
    "pretrained_image": false,
    "freeze_image_backbone": false,
    "batch_size": 16,
    "epochs": 10,
    "learning_rate": 0.0001,
    "weight_decay": 0.01,
    "num_workers": 0,
    "patience": 3,
    "threshold_metric": "macro_f1",
    "threshold_strategy": "per_label",
    "threshold_min": 0.01,
    "threshold_max": 0.99,
    "threshold_steps": 99,
    "loss": "bce",
    "focal_gamma": 2.0,
    "pos_weight_clip": null,
    "scheduler": "plateau",
    "scheduler_factor": 0.5,
    "scheduler_patience": 1,
    "min_learning_rate": 1e-06,
    "enable_label_correlation": true,
    "max_length": 512,
    "input_size": 224,
    "freeze_embeddings": false
  },
  "performance": {
    "measurements": [
      {
        "name": "neural_image_integrated_gradients_idx_86_Thriller",
        "wall_time_s": 0.7208890740002971,
        "process_cpu_time_s": 0.7284506089999923,
        "process_cpu_util_percent": 101.04891796427644,
        "rss_start_mb": 3364.05859375,
        "rss_end_mb": 3343.9609375,
        "rss_delta_mb": -20.09765625,
        "rss_peak_mb": 3505.01171875,
        "cuda_start": {
          "cuda_available": false
        },
        "cuda_end": {
          "cuda_available": false
        }
      },
      {
        "name": "neural_image_ig_visualization_idx_86_Thriller",
        "wall_time_s": 0.028631449000386056,
        "process_cpu_time_s": 0.018231565999940358,
        "process_cpu_util_percent": 63.67671436990329,
        "rss_start_mb": 3343.9609375,
        "rss_end_mb": 3343.9609375,
        "rss_delta_mb": 0.0,
        "rss_peak_mb": 3343.96484375,
        "cuda_start": {
          "cuda_available": false
        },
        "cuda_end": {
          "cuda_available": false
        }
      },
      {
        "name": "neural_image_occlusion_idx_86_Thriller",
        "wall_time_s": 0.5994100470015837,
        "process_cpu_time_s": 0.6052615039998273,
        "process_cpu_util_percent": 100.9762026892132,
        "rss_start_mb": 3343.9609375,
        "rss_end_mb": 3343.9609375,
        "rss_delta_mb": 0.0,
        "rss_peak_mb": 3417.46875,
        "cuda_start": {
          "cuda_available": false
        },
        "cuda_end": {
          "cuda_available": false
        }
      },
      {
        "name": "neural_image_occlusion_visualization_idx_86_Thriller",
        "wall_time_s": 0.0328471590000845,
        "process_cpu_time_s": 0.02248208200035151,
        "process_cpu_util_percent": 68.44452514232258,
        "rss_start_mb": 3343.9609375,
        "rss_end_mb": 3343.9609375,
        "rss_delta_mb": 0.0,
        "rss_peak_mb": 3343.96484375,
        "cuda_start": {
          "cuda_available": false
        },
        "cuda_end": {
          "cuda_available": false
        }
      }
    ],
    "summary": {
      "count": 4,
      "total_wall_time_s": 1.3817777290023514,
      "mean_wall_time_s": 0.34544443225058785,
      "total_process_cpu_time_s": 1.3744257610001114,
      "mean_process_cpu_util_percent": 83.53659004142888,
      "max_rss_peak_mb": 3505.01171875
    }
  },
  "image_occlusion": {
    "baseline_probability": 0.8303700089454651,
    "baseline_logit": 1.588252067565918,
    "grid_size": 4,
    "top_patches": [
      {
        "row": 1,
        "col": 2,
        "y0": 56,
        "y1": 112,
        "x0": 112,
        "x1": 168,
        "occluded_probability": 0.7251507639884949,
        "probability_delta": 0.10521924495697021,
        "occluded_logit": 0.9701569676399231,
        "logit_delta": 0.6180950999259949
      },
      {
        "row": 0,
        "col": 1,
        "y0": 0,
        "y1": 56,
        "x0": 56,
        "x1": 112,
        "occluded_probability": 0.8780252933502197,
        "probability_delta": -0.04765528440475464,
        "occluded_logit": 1.9738616943359375,
        "logit_delta": -0.38560962677001953
      },
      {
        "row": 1,
        "col": 0,
        "y0": 56,
        "y1": 112,
        "x0": 0,
        "x1": 56,
        "occluded_probability": 0.8010219931602478,
        "probability_delta": 0.029348015785217285,
        "occluded_logit": 1.3926939964294434,
        "logit_delta": 0.1955580711364746
      },
      {
        "row": 2,
        "col": 0,
        "y0": 112,
        "y1": 168,
        "x0": 0,
        "x1": 56,
        "occluded_probability": 0.8587418794631958,
        "probability_delta": -0.028371870517730713,
        "occluded_logit": 1.8048796653747559,
        "logit_delta": -0.2166275978088379
      },
      {
        "row": 1,
        "col": 3,
        "y0": 56,
        "y1": 112,
        "x0": 168,
        "x1": 224,
        "occluded_probability": 0.8038536906242371,
        "probability_delta": 0.026516318321228027,
        "occluded_logit": 1.4105565547943115,
        "logit_delta": 0.17769551277160645
      },
      {
        "row": 3,
        "col": 2,
        "y0": 168,
        "y1": 224,
        "x0": 112,
        "x1": 168,