{
  "index": 20958,
  "target_genre": "label_set",
  "target_genres": [
    "Sci-Fi",
    "Action",
    "Adventure"
  ],
  "true_genres": [
    "Drama",
    "Romance",
    "Action",
    "Horror",
    "Sci-Fi"
  ],
  "predicted_genres": [
    "Sci-Fi",
    "Action",
    "Adventure",
    "Horror",
    "Fantasy",
    "Comedy"
  ],
  "probability": 0.694439172744751,
  "set_logit": 2.5375993251800537,
  "top_probabilities": {
    "Sci-Fi": 0.7891401052474976,
    "Action": 0.6777114272117615,
    "Adventure": 0.6164661049842834,
    "Horror": 0.6039294004440308,
    "Fantasy": 0.5668331384658813
  },
  "threshold": [
    0.46000000834465027,
    0.49000000953674316,
    0.5199999809265137,
    0.5099999904632568,
    0.5299999713897705,
    0.5799999833106995,
    0.5699999928474426,
    0.5799999833106995,
    0.7300000190734863,
    0.5799999833106995,
    0.5600000023841858,
    0.5299999713897705,
    0.5899999737739563,
    0.5400000214576721,
    0.5899999737739563,
    0.5699999928474426,
    0.550000011920929,
    0.6100000143051147,
    0.46000000834465027,
    0.6700000166893005,
    0.5400000214576721,
    0.5799999833106995,
    0.5600000023841858
  ],
  "target_selection": {
    "policy": "predicted",
    "target_indices": [
      10,
      5,
      6
    ],
    "target_genres": [
      "Sci-Fi",
      "Action",
      "Adventure"
    ],
    "all_selected_indices": [
      10,
      5,
      6,
      7,
      11,
      1
    ],
    "all_selected_genres": [
      "Sci-Fi",
      "Action",
      "Adventure",
      "Horror",
      "Fantasy",
      "Comedy"
    ],
    "predicted_indices": [
      10,
      5,
      6,
      7,
      11,
      1
    ],
    "predicted_genres": [
      "Sci-Fi",
      "Action",
      "Adventure",
      "Horror",
      "Fantasy",
      "Comedy"
    ],
    "threshold": [
      0.46000000834465027,
      0.49000000953674316,
      0.5199999809265137,
      0.5099999904632568,
      0.5299999713897705,
      0.5799999833106995,
      0.5699999928474426,
      0.5799999833106995,
      0.7300000190734863,
      0.5799999833106995,
      0.5600000023841858,
      0.5299999713897705,
      0.5899999737739563,
      0.5400000214576721,
      0.5899999737739563,
      0.5699999928474426,
      0.550000011920929,
      0.6100000143051147,
      0.46000000834465027,
      0.6700000166893005,
      0.5400000214576721,
      0.5799999833106995,
      0.5600000023841858
    ],
    "max_targets_per_sample": 3
  },
  "methods": [
    "experimental_set_level_attribution",
    "LayerIntegratedGradients_text_embedding",
    "IntegratedGradients_image_pixels",
    "GradCAM_image_branch",
    "modality_shapley",
    "modality_ablation",
    "GMU_gate_summary",
    "experimental_label_correlation_head"
  ],
  "top_tokens": [
    {
      "position": 1,
      "token": "investigate",
      "attribution": 0.3995523154735565
    },
    {
      "position": 42,
      "token": "alien",
      "attribution": 0.3870472311973572
    },
    {
      "position": 28,
      "token": "machine",
      "attribution": 0.30344873666763306
    },
    {
      "position": 52,
      "token": "earth",
      "attribution": 0.2956603765487671
    },
    {
      "position": 21,
      "token": "mysterious",
      "attribution": 0.27475205063819885
    },
    {
      "position": 27,
      "token": "giant",
      "attribution": 0.23036764562129974
    },
    {
      "position": 3,
      "token": "appears",
      "attribution": 0.21783770620822906
    },
    {
      "position": 9,
      "token": "crashes",
      "attribution": 0.2100648432970047
    },
    {
      "position": 36,
      "token": "machine",
      "attribution": 0.17799054086208344
    },
    {
      "position": 0,
      "token": "scientists",
      "attribution": 0.1708742082118988
    },
    {
      "position": 17,
      "token": "days",
      "attribution": -0.10517232120037079
    },
    {
      "position": 14,
      "token": "after",
      "attribution": 0.08557832986116409
    }
  ],
  "gate_mean": 0.39705806970596313,
  "gate_std": 0.26324784755706787,
  "config": {
    "model_name": "neural_transformer_gmu_resnet18_h256_lr2e4_focal",
    "modality": "multimodal",
    "text_encoder": "transformer",
    "image_encoder": "resnet18",
    "fusion": "gmu",
    "hidden_dim": 256,
    "text_cnn_channels": 128,
    "text_cnn_kernels": [
      3,
      4,
      5
    ],
    "text_rnn_hidden_dim": 128,
    "text_rnn_layers": 1,
    "text_rnn_dropout": 0.2,
    "text_attention_dim": 128,
    "text_transformer_layers": 2,
    "text_transformer_heads": 6,
    "text_transformer_ff_dim": 512,
    "text_transformer_dropout": 0.1,
    "pretrained_image": false,
    "freeze_image_backbone": true,
    "batch_size": 16,
    "epochs": 10,
    "learning_rate": 0.0002,
    "weight_decay": 0.01,
    "num_workers": 0,
    "patience": 3,
    "threshold_metric": "macro_f1",
    "threshold_strategy": "per_label",
    "threshold_min": 0.01,
    "threshold_max": 0.99,
    "threshold_steps": 99,
    "loss": "focal",
    "focal_gamma": 2.0,
    "pos_weight_clip": 10.0,
    "scheduler": "none",
    "scheduler_factor": 0.5,
    "scheduler_patience": 1,
    "min_learning_rate": 1e-06,
    "enable_label_correlation": true,
    "max_length": 512,
    "input_size": 224,
    "freeze_embeddings": false
  },
  "performance": {
    "measurements": [
      {
        "name": "neural_set_text_layer_integrated_gradients_idx_20958",
        "wall_time_s": 0.025334005999980036,
        "process_cpu_time_s": 0.025478316999993922,
        "process_cpu_util_percent": 100.56963355899575,
        "rss_start_mb": 2466.21484375,
        "rss_end_mb": 2466.23046875,
        "rss_delta_mb": 0.015625,
        "rss_peak_mb": 2466.234375,
        "cuda_start": {
          "cuda_available": true,
          "cuda_device": "NVIDIA A100-SXM4-40GB",
          "cuda_allocated_mb": 374.13720703125,
          "cuda_reserved_mb": 1590.0,
          "cuda_peak_allocated_mb": 374.13720703125,
          "cuda_peak_reserved_mb": 1590.0
        },
        "cuda_end": {
          "cuda_available": true,
          "cuda_device": "NVIDIA A100-SXM4-40GB",
          "cuda_allocated_mb": 374.13720703125,
          "cuda_reserved_mb": 1590.0,
          "cuda_peak_allocated_mb": 711.0517578125,
          "cuda_peak_reserved_mb": 1590.0
        }
      },
      {
        "name": "neural_set_text_visualization_idx_20958",
        "wall_time_s": 0.19024301900003593,
        "process_cpu_time_s": 0.18579713999999115,
        "process_cpu_util_percent": 97.66305275041711,
        "rss_start_mb": 2466.26953125,
        "rss_end_mb": 2468.7578125,
        "rss_delta_mb": 2.48828125,
        "rss_peak_mb": 2468.75390625,
        "cuda_start": {
          "cuda_available": true,
          "cuda_device": "NVIDIA A100-SXM4-40GB",
          "cuda_allocated_mb": 374.13720703125,
          "cuda_reserved_mb": 1590.0,
          "cuda_peak_allocated_mb": 374.13720703125,
          "cuda_peak_reserved_mb": 1590.0
        },
        "cuda_end": {
          "cuda_available": true,
          "cuda_device": "NVIDIA A100-SXM4-40GB",
          "cuda_allocated_mb": 374.13720703125,
          "cuda_reserved_mb": 1590.0,
          "cuda_peak_allocated_mb": 374.13720703125,
          "cuda_peak_reserved_mb": 1590.0
        }
      },
      {
        "name": "neural_set_image_integrated_gradients_idx_20958",
        "wall_time_s": 0.014403727999933835,
        "process_cpu_time_s": 0.014471603000004052,
        "process_cpu_util_percent": 100.47123217038344,
        "rss_start_mb": 2468.79296875,
        "rss_end_mb": 2468.83203125,
        "rss_delta_mb": 0.0390625,
        "rss_peak_mb": 2468.828125,
        "cuda_start": {
          "cuda_available": true,
          "cuda_device": "NVIDIA A100-SXM4-40GB",
          "cuda_allocated_mb": 374.13720703125,
          "cuda_reserved_mb": 1590.0,
          "cuda_peak_allocated_mb": 374.13720703125,
          "cuda_peak_reserved_mb": 1590.0
        },