{
  "index": 16,
  "target_genre": "Drama",
  "target_genres": [
    "Drama"
  ],
  "true_genres": [
    "Drama",
    "Thriller",
    "Crime",
    "Mystery",
    "Film-Noir"
  ],
  "predicted_genres": [
    "Drama",
    "Thriller",
    "Mystery",
    "Romance"
  ],
  "probability": 0.8036894524430169,
  "top_probabilities": {
    "Drama": 0.8036894798278809,
    "Thriller": 0.6502599120140076,
    "Mystery": 0.6180877089500427,
    "Romance": 0.5659251809120178,
    "Fantasy": 0.4114040732383728
  },
  "target_selection": {
    "policy": "predicted",
    "target_indices": [
      0,
      3,
      9
    ],
    "target_genres": [
      "Drama",
      "Thriller",
      "Mystery"
    ],
    "all_selected_indices": [
      0,
      3,
      9,
      2
    ],
    "all_selected_genres": [
      "Drama",
      "Thriller",
      "Mystery",
      "Romance"
    ],
    "predicted_indices": [
      0,
      3,
      9,
      2
    ],
    "predicted_genres": [
      "Drama",
      "Thriller",
      "Mystery",
      "Romance"
    ],
    "threshold": [
      0.30000001192092896,
      0.44999998807907104,
      0.5,
      0.5,
      0.6000000238418579,
      0.550000011920929,
      0.6000000238418579,
      0.6000000238418579,
      0.6000000238418579,
      0.5,
      0.699999988079071,
      0.75,
      0.6000000238418579,
      0.699999988079071,
      0.6499999761581421,
      0.6000000238418579,
      0.6499999761581421,
      0.550000011920929,
      0.699999988079071,
      0.6000000238418579,
      0.6499999761581421,
      0.5,
      0.699999988079071
    ],
    "max_targets_per_sample": 3
  },
  "method": "linear_feature_contribution",
  "methods": [
    "linear_feature_contribution",
    "modality_shapley"
  ],
  "modality_shapley": {
    "method": "two_modality_shapley",
    "probability": {
      "values": {
        "blank": 0.35764809053502844,
        "text_only": 0.7281026259043709,
        "image_only": 0.4598146152805158,
        "both": 0.8036894524430169
      },
      "shapley": {
        "text": 0.3571646862659218,
        "image": 0.0888766756420667,
        "interaction": -0.026579698206841362,
        "blank_to_both_delta": 0.4460413619079885,
        "abs_total": 0.4460413619079885,
        "text_utilization": 0.8007434215026888,
        "image_utilization": 0.19925657849731118
      }
    },
    "logit": {
      "values": {
        "blank": -0.5855867834776273,
        "text_only": 0.9850173139292494,
        "image_only": -0.16108898768577895,
        "both": 1.4095151097211
      },
      "shapley": {
        "text": 1.5706040974068778,
        "image": 0.4244977957918495,
        "interaction": 2.3314683517128287e-15,
        "blank_to_both_delta": 1.9951018931987274,
        "abs_total": 1.9951018931987272,
        "text_utilization": 0.7872300170537875,
        "image_utilization": 0.21276998294621252
      }
    }
  },
  "intercept": -0.5855867834776273,
  "text_logit_contribution": 1.5706040974068771,
  "image_logit_contribution": 0.4244977957918481,
  "label_dependency_logit_contribution": 0.0,
  "top_text_features": [
    {
      "feature": "his",
      "tfidf": 0.12977229058742523,
      "contribution": 0.2655950635668838
    },
    {
      "feature": "that",
      "tfidf": 0.1227244958281517,
      "contribution": -0.19851519274065504
    },
    {
      "feature": "she",
      "tfidf": 0.12219897657632828,
      "contribution": 0.18633004704579967
    },
    {
      "feature": "her",
      "tfidf": 0.10476814210414886,
      "contribution": 0.18130226063085658
    },
    {
      "feature": "ill",
      "tfidf": 0.09626895934343338,
      "contribution": 0.15444979148444007
    },
    {
      "feature": "dies",
      "tfidf": 0.16620559990406036,
      "contribution": 0.13206440648440634
    },
    {
      "feature": "life",
      "tfidf": 0.04364249110221863,
      "contribution": 0.1315030882782892
    },
    {
      "feature": "mirror",
      "tfidf": 0.12717844545841217,
      "contribution": -0.11802840055226937
    },
    {
      "feature": "widowed",
      "tfidf": 0.10205486416816711,
      "contribution": 0.1080081362037883
    },
    {
      "feature": "boy",
      "tfidf": 0.06993503123521805,
      "contribution": 0.10521878915632259
    },
    {
      "feature": "the",
      "tfidf": 0.09226766973733902,
      "contribution": -0.10503302366889439
    },
    {
      "feature": "wife",
      "tfidf": 0.05486097186803818,
      "contribution": 0.10209326643034701
    }
  ],
  "top_image_features": [
    {
      "feature": "thumbnail_y18_x21",
      "value": -1.3447548151016235,
      "contribution": -0.5935809795085649
    },
    {
      "feature": "thumbnail_y0_x5",
      "value": -1.2573899030685425,
      "contribution": -0.4761889937960506
    },
    {
      "feature": "thumbnail_y0_x26",
      "value": -1.3578301668167114,
      "contribution": -0.42919570470721835
    },
    {
      "feature": "thumbnail_y19_x9",
      "value": -1.1925950050354004,
      "contribution": -0.4202843918193498
    },
    {
      "feature": "thumbnail_y19_x11",
      "value": -1.1699142456054688,
      "contribution": 0.3991053507966273
    },
    {
      "feature": "thumbnail_y11_x3",
      "value": 1.7339783906936646,
      "contribution": 0.37763692210704275
    },
    {
      "feature": "thumbnail_y19_x12",
      "value": -1.155623435974121,
      "contribution": -0.347554029363054
    },
    {
      "feature": "thumbnail_y1_x5",
      "value": -0.9039461612701416,
      "contribution": 0.3353198512164442
    },
    {
      "feature": "thumbnail_y0_x4",
      "value": -1.1170483827590942,
      "contribution": 0.3316152216909479
    },
    {
      "feature": "thumbnail_y0_x30",
      "value": -1.3004015684127808,
      "contribution": -0.32265255788503544
    },
    {
      "feature": "thumbnail_y0_x28",
      "value": -1.3293774127960205,
      "contribution": 0.3139315171361635
    },
    {
      "feature": "thumbnail_y5_x2",
      "value": -0.9896502494812012,
      "contribution": 0.31177256054489794
    }
  ],
  "label_dependency_contributions": [],
  "performance": {
    "measurements": [
      {
        "name": "classic_modality_shapley_idx_16_Drama",
        "wall_time_s": 0.023346377999587276,
        "process_cpu_time_s": 0.02355750599986095,
        "process_cpu_util_percent": 100.9043287154753,
        "rss_start_mb": 2205.765625,
        "rss_end_mb": 2205.765625,
        "rss_delta_mb": 0.0,
        "rss_peak_mb": 2205.76953125,
        "cuda_start": {
          "cuda_available": false
        },
        "cuda_end": {
          "cuda_available": false
        }
      },
      {
        "name": "classic_modality_shapley_visualization_idx_16_Drama",
        "wall_time_s": 0.15089527200052544,
        "process_cpu_time_s": 0.13552075899997362,
        "process_cpu_util_percent": 89.81113669320384,
        "rss_start_mb": 2205.765625,
        "rss_end_mb": 2205.80859375,
        "rss_delta_mb": 0.04296875,
        "rss_peak_mb": 2205.8125,
        "cuda_start": {
          "cuda_available": false
        },
        "cuda_end": {
          "cuda_available": false
        }
      },
      {
        "name": "classic_linear_contribution_idx_16_Drama",
        "wall_time_s": 0.0008085099998424994,
        "process_cpu_time_s": 0.0008588799998960894,
        "process_cpu_util_percent": 106.22997861045656,
        "rss_start_mb": 2205.80859375,
        "rss_end_mb": 2205.80859375,
        "rss_delta_mb": 0.0,
        "rss_peak_mb": 2205.8125,
        "cuda_start": {
          "cuda_available": false
        },
        "cuda_end": {
          "cuda_available": false
        }
      },
      {
        "name": "classic_visualization_idx_16_Drama",
        "wall_time_s": 0.19883225900048274,
        "process_cpu_time_s": 0.18161671600000773,
        "process_cpu_util_percent": 91.34167509486818,
        "rss_start_mb": 2205.80859375,
        "rss_end_mb": 2205.82421875,
        "rss_delta_mb": 0.015625,