{
  "index": 9,
  "target_genre": "Thriller",
  "target_genres": [
    "Thriller"
  ],
  "true_genres": [
    "Drama",
    "Crime",
    "Film-Noir"
  ],
  "predicted_genres": [
    "Crime",
    "Thriller",
    "Drama"
  ],
  "probability": 0.8703922512314843,
  "top_probabilities": {
    "Crime": 0.9799250960350037,
    "Thriller": 0.8703922629356384,
    "Drama": 0.6791054606437683,
    "Comedy": 0.39744019508361816,
    "Mystery": 0.3791048526763916
  },
  "target_selection": {
    "policy": "predicted",
    "target_indices": [
      4,
      3,
      0
    ],
    "target_genres": [
      "Crime",
      "Thriller",
      "Drama"
    ],
    "all_selected_indices": [
      4,
      3,
      0
    ],
    "all_selected_genres": [
      "Crime",
      "Thriller",
      "Drama"
    ],
    "predicted_indices": [
      4,
      3,
      0
    ],
    "predicted_genres": [
      "Crime",
      "Thriller",
      "Drama"
    ],
    "threshold": [
      0.30000001192092896,
      0.44999998807907104,
      0.5,
      0.5,
      0.6000000238418579,
      0.550000011920929,
      0.6000000238418579,
      0.6000000238418579,
      0.6000000238418579,
      0.5,
      0.699999988079071,
      0.75,
      0.6000000238418579,
      0.699999988079071,
      0.6499999761581421,
      0.6000000238418579,
      0.6499999761581421,
      0.550000011920929,
      0.699999988079071,
      0.6000000238418579,
      0.6499999761581421,
      0.5,
      0.699999988079071
    ],
    "max_targets_per_sample": 3
  },
  "method": "linear_feature_contribution",
  "methods": [
    "linear_feature_contribution",
    "modality_shapley"
  ],
  "modality_shapley": {
    "method": "two_modality_shapley",
    "probability": {
      "values": {
        "blank": 0.22067535862780757,
        "text_only": 0.7721168148498183,
        "image_only": 0.3594835596608431,
        "both": 0.8703922512314843
      },
      "shapley": {
        "text": 0.5311750738963259,
        "image": 0.11854181870735078,
        "interaction": -0.04053276465136951,
        "blank_to_both_delta": 0.6497168926036767,
        "abs_total": 0.6497168926036767,
        "text_utilization": 0.8175485044996966,
        "image_utilization": 0.18245149550030332
      }
    },
    "logit": {
      "values": {
        "blank": -1.2617350441840947,
        "text_only": 1.2203027013222536,
        "image_only": -0.5776063439930157,
        "both": 1.9044314015133403
      },
      "shapley": {
        "text": 2.4820377455063523,
        "image": 0.6841287001910829,
        "interaction": 7.771561172376096e-15,
        "blank_to_both_delta": 3.166166445697435,
        "abs_total": 3.166166445697435,
        "text_utilization": 0.7839252256871212,
        "image_utilization": 0.21607477431287878
      }
    }
  },
  "intercept": -1.2617350441840947,
  "text_logit_contribution": 2.4820377455063474,
  "image_logit_contribution": 0.6841287001910804,
  "label_dependency_logit_contribution": 0.0,
  "top_text_features": [
    {
      "feature": "tom",
      "tfidf": 0.4832363724708557,
      "contribution": 0.7646808449314444
    },
    {
      "feature": "murder",
      "tfidf": 0.07616395503282547,
      "contribution": 0.4094497273061856
    },
    {
      "feature": "plan",
      "tfidf": 0.19956353306770325,
      "contribution": 0.33365035794437414
    },
    {
      "feature": "that",
      "tfidf": 0.14602991938591003,
      "contribution": 0.32874344328160243
    },
    {
      "feature": "case",
      "tfidf": 0.08385288715362549,
      "contribution": 0.23449282267692
    },
    {
      "feature": "of",
      "tfidf": 0.0749894306063652,
      "contribution": -0.14261734981071233
    },
    {
      "feature": "death",
      "tfidf": 0.033271484076976776,
      "contribution": 0.12163892441021797
    },
    {
      "feature": "may",
      "tfidf": 0.10340229421854019,
      "contribution": 0.11687481190506967
    },
    {
      "feature": "on",
      "tfidf": 0.08221933245658875,
      "contribution": 0.09872837194556808
    },
    {
      "feature": "evidence",
      "tfidf": 0.09987080842256546,
      "contribution": 0.09456991222240586
    },
    {
      "feature": "investigative",
      "tfidf": 0.06998080015182495,
      "contribution": 0.09167599781006812
    },
    {
      "feature": "the",
      "tfidf": 0.1366267204284668,
      "contribution": 0.09125255754484714
    }
  ],
  "top_image_features": [
    {
      "feature": "top_right_G_hist_bin_15",
      "value": 1.8835368156433105,
      "contribution": 0.9717067844806907
    },
    {
      "feature": "thumbnail_y19_x18",
      "value": 1.6333227157592773,
      "contribution": 0.9651158450760884
    },
    {
      "feature": "thumbnail_y0_x5",
      "value": 1.620619535446167,
      "contribution": 0.7687450318230956
    },
    {
      "feature": "thumbnail_y19_x11",
      "value": 1.6773849725723267,
      "contribution": -0.7562600014563519
    },
    {
      "feature": "thumbnail_y19_x19",
      "value": 1.4496076107025146,
      "contribution": -0.737800243484598
    },
    {
      "feature": "thumbnail_y12_x29",
      "value": 1.7685388326644897,
      "contribution": 0.7333330950545623
    },
    {
      "feature": "thumbnail_y9_x28",
      "value": 1.8221924304962158,
      "contribution": -0.7238932305044222
    },
    {
      "feature": "thumbnail_y0_x4",
      "value": 1.619006633758545,
      "contribution": -0.7186138109528496
    },
    {
      "feature": "thumbnail_y10_x27",
      "value": 1.8622428178787231,
      "contribution": -0.6889100435815139
    },
    {
      "feature": "thumbnail_y19_x28",
      "value": 1.631334662437439,
      "contribution": -0.6573294957788297
    },
    {
      "feature": "thumbnail_y15_x29",
      "value": 1.8138166666030884,
      "contribution": -0.6511326621884903
    },
    {
      "feature": "thumbnail_y15_x30",
      "value": 1.7290146350860596,
      "contribution": 0.6247771786377506
    }
  ],
  "label_dependency_contributions": [],
  "performance": {
    "measurements": [
      {
        "name": "classic_modality_shapley_idx_9_Thriller",
        "wall_time_s": 0.031003678000161017,
        "process_cpu_time_s": 0.031059070999845062,
        "process_cpu_util_percent": 100.17866589790978,
        "rss_start_mb": 2197.95703125,
        "rss_end_mb": 2197.95703125,
        "rss_delta_mb": 0.0,
        "rss_peak_mb": 2197.9609375,
        "cuda_start": {
          "cuda_available": false
        },
        "cuda_end": {
          "cuda_available": false
        }
      },
      {
        "name": "classic_modality_shapley_visualization_idx_9_Thriller",
        "wall_time_s": 0.12002734399993642,
        "process_cpu_time_s": 0.11149104299988721,
        "process_cpu_util_percent": 92.88803641272465,
        "rss_start_mb": 2197.95703125,
        "rss_end_mb": 2197.98828125,
        "rss_delta_mb": 0.03125,
        "rss_peak_mb": 2197.98828125,
        "cuda_start": {
          "cuda_available": false
        },
        "cuda_end": {
          "cuda_available": false
        }
      },
      {
        "name": "classic_linear_contribution_idx_9_Thriller",
        "wall_time_s": 0.0006539289997817832,
        "process_cpu_time_s": 0.0007526279998728569,
        "process_cpu_util_percent": 115.09322879456481,
        "rss_start_mb": 2197.98828125,
        "rss_end_mb": 2197.98828125,
        "rss_delta_mb": 0.0,
        "rss_peak_mb": 2197.9921875,
        "cuda_start": {
          "cuda_available": false
        },
        "cuda_end": {
          "cuda_available": false
        }
      },
      {
        "name": "classic_visualization_idx_9_Thriller",
        "wall_time_s": 0.2717637570003717,
        "process_cpu_time_s": 0.24147574299990993,
        "process_cpu_util_percent": 88.85502087004915,
        "rss_start_mb": 2197.98828125,
        "rss_end_mb": 2198.4765625,
        "rss_delta_mb": 0.48828125,
        "rss_peak_mb": 2198.48046875,
        "cuda_start": {
          "cuda_available": false
        },