{
  "index": 9,
  "target_genre": "War",
  "target_genres": [
    "War"
  ],
  "true_genres": [
    "Drama",
    "Crime",
    "Film-Noir"
  ],
  "predicted_genres": [
    "War",
    "History",
    "Biography",
    "Drama"
  ],
  "probability": 0.980059802532196,
  "top_probabilities": {
    "War": 0.980059802532196,
    "History": 0.9579941630363464,
    "Western": 0.9510634541511536,
    "Biography": 0.7802865505218506,
    "Action": 0.6538263559341431
  },
  "threshold": [
    0.36000001430511475,
    0.44999998807907104,
    0.5,
    0.5899999737739563,
    0.5400000214576721,
    0.7599999904632568,
    0.6899999976158142,
    0.8199999928474426,
    0.7200000286102295,
    0.6299999952316284,
    0.7799999713897705,
    0.7400000095367432,
    0.8100000023841858,
    0.6000000238418579,
    0.8899999856948853,
    0.7599999904632568,
    0.550000011920929,
    0.8999999761581421,
    0.7799999713897705,
    0.9700000286102295,
    0.7699999809265137,
    0.8899999856948853,
    0.9399999976158142
  ],
  "target_selection": {
    "policy": "predicted",
    "target_indices": [
      14,
      15,
      13
    ],
    "target_genres": [
      "War",
      "History",
      "Biography"
    ],
    "all_selected_indices": [
      14,
      15,
      13,
      0
    ],
    "all_selected_genres": [
      "War",
      "History",
      "Biography",
      "Drama"
    ],
    "predicted_indices": [
      14,
      15,
      13,
      0
    ],
    "predicted_genres": [
      "War",
      "History",
      "Biography",
      "Drama"
    ],
    "threshold": [
      0.36000001430511475,
      0.44999998807907104,
      0.5,
      0.5899999737739563,
      0.5400000214576721,
      0.7599999904632568,
      0.6899999976158142,
      0.8199999928474426,
      0.7200000286102295,
      0.6299999952316284,
      0.7799999713897705,
      0.7400000095367432,
      0.8100000023841858,
      0.6000000238418579,
      0.8899999856948853,
      0.7599999904632568,
      0.550000011920929,
      0.8999999761581421,
      0.7799999713897705,
      0.9700000286102295,
      0.7699999809265137,
      0.8899999856948853,
      0.9399999976158142
    ],
    "max_targets_per_sample": 3
  },
  "methods": [
    "IntegratedGradients_image_pixels",
    "image_occlusion_sensitivity",
    "experimental_label_correlation_head"
  ],
  "top_tokens": [],
  "gate_mean": null,
  "gate_std": null,
  "config": {
    "model_name": "neural_efficientnet_b0_image_only_unfrozen_lr1e4",
    "modality": "image_only",
    "text_encoder": "bigru_attention",
    "image_encoder": "efficientnet_b0",
    "fusion": "gmu",
    "hidden_dim": 256,
    "text_cnn_channels": 128,
    "text_cnn_kernels": [
      3,
      4,
      5
    ],
    "text_rnn_hidden_dim": 128,
    "text_rnn_layers": 1,
    "text_rnn_dropout": 0.2,
    "text_attention_dim": 128,
    "text_transformer_layers": 2,
    "text_transformer_heads": 6,
    "text_transformer_ff_dim": 512,
    "text_transformer_dropout": 0.1,
    "pretrained_image": false,
    "freeze_image_backbone": false,
    "batch_size": 16,
    "epochs": 10,
    "learning_rate": 0.0001,
    "weight_decay": 0.01,
    "num_workers": 0,
    "patience": 3,
    "threshold_metric": "macro_f1",
    "threshold_strategy": "per_label",
    "threshold_min": 0.01,
    "threshold_max": 0.99,
    "threshold_steps": 99,
    "loss": "bce",
    "focal_gamma": 2.0,
    "pos_weight_clip": null,
    "scheduler": "plateau",
    "scheduler_factor": 0.5,
    "scheduler_patience": 1,
    "min_learning_rate": 1e-06,
    "enable_label_correlation": true,
    "max_length": 512,
    "input_size": 224,
    "freeze_embeddings": false
  },
  "performance": {
    "measurements": [
      {
        "name": "neural_image_integrated_gradients_idx_9_War",
        "wall_time_s": 0.7418768139996246,
        "process_cpu_time_s": 0.7466590230001202,
        "process_cpu_util_percent": 100.64460957806642,
        "rss_start_mb": 3327.6015625,
        "rss_end_mb": 3371.81640625,
        "rss_delta_mb": 44.21484375,
        "rss_peak_mb": 3490.9453125,
        "cuda_start": {
          "cuda_available": false
        },
        "cuda_end": {
          "cuda_available": false
        }
      },
      {
        "name": "neural_image_ig_visualization_idx_9_War",
        "wall_time_s": 0.03305509900019388,
        "process_cpu_time_s": 0.02191028900006131,
        "process_cpu_util_percent": 66.28414272767056,
        "rss_start_mb": 3371.81640625,
        "rss_end_mb": 3371.81640625,
        "rss_delta_mb": 0.0,
        "rss_peak_mb": 3371.8203125,
        "cuda_start": {
          "cuda_available": false
        },
        "cuda_end": {
          "cuda_available": false
        }
      },
      {
        "name": "neural_image_occlusion_idx_9_War",
        "wall_time_s": 0.6094562670004962,
        "process_cpu_time_s": 0.6139090689998739,
        "process_cpu_util_percent": 100.73061878931735,
        "rss_start_mb": 3371.81640625,
        "rss_end_mb": 3371.8203125,
        "rss_delta_mb": 0.00390625,
        "rss_peak_mb": 3445.32421875,
        "cuda_start": {
          "cuda_available": false
        },
        "cuda_end": {
          "cuda_available": false
        }
      },
      {
        "name": "neural_image_occlusion_visualization_idx_9_War",
        "wall_time_s": 0.029991929999596323,
        "process_cpu_time_s": 0.017809271999794873,
        "process_cpu_util_percent": 59.3802132774869,
        "rss_start_mb": 3371.8203125,
        "rss_end_mb": 3371.8203125,
        "rss_delta_mb": 0.0,
        "rss_peak_mb": 3371.82421875,
        "cuda_start": {
          "cuda_available": false
        },
        "cuda_end": {
          "cuda_available": false
        }
      }
    ],
    "summary": {
      "count": 4,
      "total_wall_time_s": 1.414380109999911,
      "mean_wall_time_s": 0.35359502749997773,
      "total_process_cpu_time_s": 1.4002876529998503,
      "mean_process_cpu_util_percent": 81.75989609313531,
      "max_rss_peak_mb": 3490.9453125
    }
  },
  "image_occlusion": {
    "baseline_probability": 0.980059802532196,
    "baseline_logit": 3.8948748111724854,
    "grid_size": 4,
    "top_patches": [
      {
        "row": 3,
        "col": 2,
        "y0": 168,
        "y1": 224,
        "x0": 112,
        "x1": 168,
        "occluded_probability": 0.9338334202766418,
        "probability_delta": 0.0462263822555542,
        "occluded_logit": 2.6471235752105713,
        "logit_delta": 1.247751235961914
      },
      {
        "row": 0,
        "col": 2,
        "y0": 0,
        "y1": 56,
        "x0": 112,
        "x1": 168,
        "occluded_probability": 0.9663683772087097,
        "probability_delta": 0.013691425323486328,
        "occluded_logit": 3.358079671859741,
        "logit_delta": 0.5367951393127441
      },
      {
        "row": 0,
        "col": 3,
        "y0": 0,
        "y1": 56,
        "x0": 168,
        "x1": 224,
        "occluded_probability": 0.9717950820922852,
        "probability_delta": 0.008264720439910889,
        "occluded_logit": 3.5396475791931152,
        "logit_delta": 0.3552272319793701
      },
      {
        "row": 2,
        "col": 2,
        "y0": 112,
        "y1": 168,
        "x0": 112,
        "x1": 168,
        "occluded_probability": 0.9731777310371399,
        "probability_delta": 0.006882071495056152,
        "occluded_logit": 3.591334104537964,
        "logit_delta": 0.3035407066345215
      },
      {
        "row": 2,
        "col": 3,
        "y0": 112,
        "y1": 168,
        "x0": 168,
        "x1": 224,
        "occluded_probability": 0.9737963676452637,
        "probability_delta": 0.006263434886932373,
        "occluded_logit": 3.6153035163879395,
        "logit_delta": 0.2795712947845459
      },
      {
        "row": 0,
        "col": 1,
        "y0": 0,
        "y1": 56,
        "x0": 56,
        "x1": 112,
        "occluded_probability": 0.9738924503326416,
        "probability_delta": 0.006167352199554443,