{
  "index": 86,
  "target_genre": "Drama",
  "target_genres": [
    "Drama"
  ],
  "true_genres": [
    "Drama",
    "Romance",
    "Mystery",
    "Film-Noir"
  ],
  "predicted_genres": [
    "Drama"
  ],
  "probability": 0.5445690438378078,
  "top_probabilities": {
    "Drama": 0.5445690155029297,
    "Family": 0.49480268359184265,
    "Mystery": 0.4766092300415039,
    "Thriller": 0.41445034742355347,
    "Comedy": 0.41068652272224426
  },
  "target_selection": {
    "policy": "predicted",
    "target_indices": [
      0
    ],
    "target_genres": [
      "Drama"
    ],
    "all_selected_indices": [
      0
    ],
    "all_selected_genres": [
      "Drama"
    ],
    "predicted_indices": [
      0
    ],
    "predicted_genres": [
      "Drama"
    ],
    "threshold": [
      0.30000001192092896,
      0.44999998807907104,
      0.5,
      0.5,
      0.6000000238418579,
      0.550000011920929,
      0.6000000238418579,
      0.6000000238418579,
      0.6000000238418579,
      0.5,
      0.699999988079071,
      0.75,
      0.6000000238418579,
      0.699999988079071,
      0.6499999761581421,
      0.6000000238418579,
      0.6499999761581421,
      0.550000011920929,
      0.699999988079071,
      0.6000000238418579,
      0.6499999761581421,
      0.5,
      0.699999988079071
    ],
    "max_targets_per_sample": 3
  },
  "method": "linear_feature_contribution",
  "methods": [
    "linear_feature_contribution",
    "modality_shapley"
  ],
  "modality_shapley": {
    "method": "two_modality_shapley",
    "probability": {
      "values": {
        "blank": 0.35764809053502844,
        "text_only": 0.3687147644018255,
        "image_only": 0.5326779224477696,
        "both": 0.5445690438378078
      },
      "shapley": {
        "text": 0.01147889762841764,
        "image": 0.17544205567436172,
        "interaction": 0.0008244475232411785,
        "blank_to_both_delta": 0.18692095330277936,
        "abs_total": 0.18692095330277936,
        "text_utilization": 0.06141043807873067,
        "image_utilization": 0.9385895619212693
      }
    },
    "logit": {
      "values": {
        "blank": -0.5855867834776273,
        "text_only": -0.5377344488772469,
        "image_only": 0.13089827492541672,
        "both": 0.1787506095257977
      },
      "shapley": {
        "text": 0.047852334600380686,
        "image": 0.7164850584030442,
        "interaction": 5.551115123125783e-16,
        "blank_to_both_delta": 0.764337393003425,
        "abs_total": 0.764337393003425,
        "text_utilization": 0.06260629800191689,
        "image_utilization": 0.937393701998083
      }
    }
  },
  "intercept": -0.5855867834776273,
  "text_logit_contribution": 0.04785233460038049,
  "image_logit_contribution": 0.7164850584030449,
  "label_dependency_logit_contribution": 0.0,
  "top_text_features": [
    {
      "feature": "ellen",
      "tfidf": 0.452380895614624,
      "contribution": -0.313436655231866
    },
    {
      "feature": "jeff",
      "tfidf": 0.4421239197254181,
      "contribution": -0.20000582196744754
    },
    {
      "feature": "house",
      "tfidf": 0.08236593008041382,
      "contribution": -0.15471609854023957
    },
    {
      "feature": "that",
      "tfidf": 0.0801118016242981,
      "contribution": -0.1295862707190734
    },
    {
      "feature": "california",
      "tfidf": 0.11920525878667831,
      "contribution": -0.12175385527935864
    },
    {
      "feature": "flashback",
      "tfidf": 0.15619154274463654,
      "contribution": 0.11070874867180308
    },
    {
      "feature": "in",
      "tfidf": 0.05612977221608162,
      "contribution": 0.11070032458539227
    },
    {
      "feature": "atmosphere",
      "tfidf": 0.15666571259498596,
      "contribution": 0.1070298352815936
    },
    {
      "feature": "coast",
      "tfidf": 0.13052918016910553,
      "contribution": 0.1022595998914285
    },
    {
      "feature": "accidents",
      "tfidf": 0.17088322341442108,
      "contribution": -0.09406201164017981
    },
    {
      "feature": "paranoia",
      "tfidf": 0.16330519318580627,
      "contribution": 0.0932619378843684
    },
    {
      "feature": "foster",
      "tfidf": 0.13988742232322693,
      "contribution": 0.08042273808947112
    }
  ],
  "top_image_features": [
    {
      "feature": "thumbnail_y9_x30",
      "value": -1.4475162029266357,
      "contribution": -0.4712652206570588
    },
    {
      "feature": "thumbnail_y1_x5",
      "value": -1.0310511589050293,
      "contribution": 0.38246959389128465
    },
    {
      "feature": "thumbnail_y19_x11",
      "value": -0.921241819858551,
      "contribution": 0.31427306835885893
    },
    {
      "feature": "thumbnail_y12_x24",
      "value": 1.354202151298523,
      "contribution": 0.2995385636440661
    },
    {
      "feature": "thumbnail_y12_x11",
      "value": -1.4481720924377441,
      "contribution": 0.2957967475516921
    },
    {
      "feature": "thumbnail_y15_x2",
      "value": 0.6897759437561035,
      "contribution": -0.2932432118433152
    },
    {
      "feature": "thumbnail_y19_x9",
      "value": -0.8221756219863892,
      "contribution": -0.289744280159037
    },
    {
      "feature": "thumbnail_y11_x25",
      "value": 1.7167283296585083,
      "contribution": -0.27725353939187447
    },
    {
      "feature": "thumbnail_y5_x1",
      "value": 1.0872783660888672,
      "contribution": 0.27585158989876174
    },
    {
      "feature": "thumbnail_y11_x11",
      "value": -1.6452388763427734,
      "contribution": -0.27348122950158266
    },
    {
      "feature": "thumbnail_y1_x4",
      "value": -1.1390055418014526,
      "contribution": -0.2727328218602009
    },
    {
      "feature": "thumbnail_y10_x30",
      "value": -1.4248342514038086,
      "contribution": 0.2678070498687274
    }
  ],
  "label_dependency_contributions": [],
  "performance": {
    "measurements": [
      {
        "name": "classic_modality_shapley_idx_86_Drama",
        "wall_time_s": 0.037475117999747454,
        "process_cpu_time_s": 0.03598231599994506,
        "process_cpu_util_percent": 96.01655156946416,
        "rss_start_mb": 2041.4296875,
        "rss_end_mb": 2041.4296875,
        "rss_delta_mb": 0.0,
        "rss_peak_mb": 2041.43359375,
        "cuda_start": {
          "cuda_available": false
        },
        "cuda_end": {
          "cuda_available": false
        }
      },
      {
        "name": "classic_modality_shapley_visualization_idx_86_Drama",
        "wall_time_s": 0.139818693000052,
        "process_cpu_time_s": 0.13122068600000603,
        "process_cpu_util_percent": 93.8506026515047,
        "rss_start_mb": 2041.4296875,
        "rss_end_mb": 2041.4296875,
        "rss_delta_mb": 0.0,
        "rss_peak_mb": 2041.43359375,
        "cuda_start": {
          "cuda_available": false
        },
        "cuda_end": {
          "cuda_available": false
        }
      },
      {
        "name": "classic_linear_contribution_idx_86_Drama",
        "wall_time_s": 0.0007926200005385908,
        "process_cpu_time_s": 0.0008502409998527583,
        "process_cpu_util_percent": 107.26968777913926,
        "rss_start_mb": 2041.4296875,
        "rss_end_mb": 2041.4296875,
        "rss_delta_mb": 0.0,
        "rss_peak_mb": 2041.43359375,
        "cuda_start": {
          "cuda_available": false
        },
        "cuda_end": {
          "cuda_available": false
        }
      },
      {
        "name": "classic_visualization_idx_86_Drama",
        "wall_time_s": 0.2316371770002661,
        "process_cpu_time_s": 0.1971110619999763,
        "process_cpu_util_percent": 85.0947436644636,
        "rss_start_mb": 2041.4296875,
        "rss_end_mb": 2041.4296875,
        "rss_delta_mb": 0.0,
        "rss_peak_mb": 2041.43359375,
        "cuda_start": {
          "cuda_available": false
        },
        "cuda_end": {
          "cuda_available": false
        }
      }
    ],
    "summary": {
      "count": 4,
      "total_wall_time_s": 0.40972360800060414,