{
  "local_explanation_count": 41,
  "by_model": {
    "classic": {
      "sample_count": 40,
      "modality_shapley_summary": {
        "count": 40,
        "mean_logit_text": 3.813681644407282,
        "mean_logit_image": 3.751380321089286,
        "mean_logit_interaction": 7.227063150011537e-08,
        "mean_logit_text_utilization": 0.5500150094362957,
        "mean_logit_image_utilization": 0.4499849905637044,
        "mean_probability_text": 0.3642746252054499,
        "mean_probability_image": 0.3250659599423395,
        "mean_probability_interaction": 0.10871263475115919,
        "mean_probability_text_utilization": 0.5484542414225549,
        "mean_probability_image_utilization": 0.45154575857744506
      },
      "performance": {
        "count": 160,
        "total_wall_time_s": 15.430357499950333,
        "mean_wall_time_s": 0.09643973437468958,
        "total_process_cpu_time_s": 15.015625,
        "mean_process_cpu_util_percent": 101.5223123348068,
        "max_rss_peak_mb": 382.80859375
      },
      "output_stats": {
        "file_count": 200,
        "total_bytes": 8671752,
        "total_mb": 8.270027160644531,
        "file_count_by_suffix": {
          ".json": 40,
          ".png": 160
        }
      }
    },
    "neural": {
      "sample_count": 1,
      "modality_shapley_summary": {
        "count": 1,
        "mean_logit_text": -0.001681176945567131,
        "mean_logit_image": 0.003910718485713005,
        "mean_logit_interaction": 0.000589076429605484,
        "mean_logit_text_utilization": 0.3006452760477075,
        "mean_logit_image_utilization": 0.6993547239522925,
        "mean_probability_text": -0.00041997432708740234,
        "mean_probability_image": 0.0009769797325134277,
        "mean_probability_interaction": 0.00014722347259521484,
        "mean_probability_text_utilization": 0.30063574689593375,
        "mean_probability_image_utilization": 0.6993642531040662
      },
      "performance": {
        "count": 9,
        "total_wall_time_s": 1.4180747999926098,
        "mean_wall_time_s": 0.15756386666584554,
        "total_process_cpu_time_s": 7.3125,
        "mean_process_cpu_util_percent": 528.6705841995555,
        "max_rss_peak_mb": null
      },
      "output_stats": {
        "file_count": 81,
        "total_bytes": 4578396,
        "total_mb": 4.366298675537109,
        "file_count_by_suffix": {
          ".json": 16,
          ".png": 65
        }
      }
    }
  },
  "top_neural_tokens": [
    {
      "token": "citizen",
      "count": 1
    },
    {
      "token": "latino",
      "count": 1
    },
    {
      "token": "willing",
      "count": 1
    },
    {
      "token": "thinks",
      "count": 1
    },
    {
      "token": "larry",
      "count": 1
    },
    {
      "token": "powers",
      "count": 1
    },
    {
      "token": "when",
      "count": 1
    },
    {
      "token": "possibly",
      "count": 1
    },
    {
      "token": "young",
      "count": 1
    },
    {
      "token": "fighting",
      "count": 1
    },
    {
      "token": "by",
      "count": 1
    },
    {
      "token": "and",
      "count": 1
    }
  ],
  "top_classic_text_features": [
    {
      "feature": "the",
      "count": 22
    },
    {
      "feature": "is",
      "count": 22
    },
    {
      "feature": "to",
      "count": 17
    },
    {
      "feature": "him",
      "count": 13
    },
    {
      "feature": "killer",
      "count": 12
    },
    {
      "feature": "police",
      "count": 12
    },
    {
      "feature": "he",
      "count": 11
    },
    {
      "feature": "prison",
      "count": 11
    },
    {
      "feature": "of",
      "count": 9
    },
    {
      "feature": "his",
      "count": 8
    },
    {
      "feature": "crime",
      "count": 8
    },
    {
      "feature": "detective",
      "count": 8
    },
    {
      "feature": "life",
      "count": 7
    },
    {
      "feature": "eddie",
      "count": 7
    },
    {
      "feature": "graham",
      "count": 7
    },
    {
      "feature": "jerry",
      "count": 6
    },
    {
      "feature": "gangster",
      "count": 6
    },
    {
      "feature": "killed",
      "count": 6
    },
    {
      "feature": "kills",
      "count": 6
    },
    {
      "feature": "mary",
      "count": 5
    }
  ],
  "figures": {
    "xai_modality_utilization": "C:\\Users\\samue\\Documents\\diplomka\\outputs\\final_xai_analysis\\figures\\xai_modality_utilization.png"
  }
}