{
  "index": 17,
  "target_genre": "Film-Noir",
  "target_genres": [
    "Film-Noir"
  ],
  "true_genres": [
    "Drama",
    "Thriller",
    "Crime",
    "Film-Noir"
  ],
  "predicted_genres": [
    "Film-Noir",
    "Drama",
    "Comedy"
  ],
  "probability": 0.9730102113130675,
  "top_probabilities": {
    "Film-Noir": 0.9730101823806763,
    "Drama": 0.7705147862434387,
    "Fantasy": 0.5944518446922302,
    "Crime": 0.5247349143028259,
    "Comedy": 0.4913363456726074
  },
  "target_selection": {
    "policy": "predicted",
    "target_indices": [
      22,
      0,
      1
    ],
    "target_genres": [
      "Film-Noir",
      "Drama",
      "Comedy"
    ],
    "all_selected_indices": [
      22,
      0,
      1
    ],
    "all_selected_genres": [
      "Film-Noir",
      "Drama",
      "Comedy"
    ],
    "predicted_indices": [
      22,
      0,
      1
    ],
    "predicted_genres": [
      "Film-Noir",
      "Drama",
      "Comedy"
    ],
    "threshold": [
      0.30000001192092896,
      0.44999998807907104,
      0.5,
      0.5,
      0.6000000238418579,
      0.550000011920929,
      0.6000000238418579,
      0.6000000238418579,
      0.6000000238418579,
      0.5,
      0.699999988079071,
      0.75,
      0.6000000238418579,
      0.699999988079071,
      0.6499999761581421,
      0.6000000238418579,
      0.6499999761581421,
      0.550000011920929,
      0.699999988079071,
      0.6000000238418579,
      0.6499999761581421,
      0.5,
      0.699999988079071
    ],
    "max_targets_per_sample": 3
  },
  "method": "linear_feature_contribution",
  "methods": [
    "linear_feature_contribution",
    "modality_shapley"
  ],
  "modality_shapley": {
    "method": "two_modality_shapley",
    "probability": {
      "values": {
        "blank": 0.0016041584260689514,
        "text_only": 0.009828158884287175,
        "image_only": 0.8537114611713142,
        "both": 0.9730102113130675
      },
      "shapley": {
        "text": 0.06376137529998575,
        "image": 0.9076446775870128,
        "interaction": 0.11107474968353512,
        "blank_to_both_delta": 0.9714060528869986,
        "abs_total": 0.9714060528869986,
        "text_utilization": 0.06563823141773543,
        "image_utilization": 0.9343617685822646
      }
    },
    "logit": {
      "values": {
        "blank": -6.433550558579656,
        "text_only": -4.612626883929827,
        "image_only": 1.7640123044606426,
        "both": 3.584935979110462
      },
      "shapley": {
        "text": 1.820923674649824,
        "image": 8.197562863040293,
        "interaction": -8.881784197001252e-15,
        "blank_to_both_delta": 10.018486537690118,
        "abs_total": 10.018486537690118,
        "text_utilization": 0.18175636287970298,
        "image_utilization": 0.818243637120297
      }
    }
  },
  "intercept": -6.433550558579656,
  "text_logit_contribution": 1.820923674649829,
  "image_logit_contribution": 8.197562863040298,
  "label_dependency_logit_contribution": 0.0,
  "top_text_features": [
    {
      "feature": "newspaper",
      "tfidf": 0.2668193280696869,
      "contribution": 0.46379174285727504
    },
    {
      "feature": "he",
      "tfidf": 0.07571636885404587,
      "contribution": 0.23359305899962196
    },
    {
      "feature": "to",
      "tfidf": 0.10199737548828125,
      "contribution": 0.22828563307781352
    },
    {
      "feature": "life",
      "tfidf": 0.16822803020477295,
      "contribution": -0.22599967571773644
    },
    {
      "feature": "larry",
      "tfidf": 0.14442667365074158,
      "contribution": 0.19190854451946213
    },
    {
      "feature": "rich",
      "tfidf": 0.10717067867517471,
      "contribution": 0.1896146235419279
    },
    {
      "feature": "weekly",
      "tfidf": 0.1681789755821228,
      "contribution": 0.16280297843314806
    },
    {
      "feature": "finds",
      "tfidf": 0.07053383439779282,
      "contribution": 0.13515559171053027
    },
    {
      "feature": "citizen",
      "tfidf": 0.15237602591514587,
      "contribution": 0.12784413917158724
    },
    {
      "feature": "himself",
      "tfidf": 0.07623158395290375,
      "contribution": 0.12340206573963486
    },
    {
      "feature": "wilder",
      "tfidf": 0.359003484249115,
      "contribution": 0.11661247766384995
    },
    {
      "feature": "him",
      "tfidf": 0.0488731674849987,
      "contribution": 0.11230098332438306
    }
  ],
  "top_image_features": [
    {
      "feature": "thumbnail_y0_x17",
      "value": 1.4316779375076294,
      "contribution": -2.681450486647095
    },
    {
      "feature": "thumbnail_y0_x12",
      "value": 1.476372480392456,
      "contribution": 2.5731584351101175
    },
    {
      "feature": "thumbnail_y0_x29",
      "value": 1.4447147846221924,
      "contribution": 2.437303758453447
    },
    {
      "feature": "thumbnail_y5_x5",
      "value": 1.3614035844802856,
      "contribution": -2.4233980254026175
    },
    {
      "feature": "thumbnail_y0_x11",
      "value": 1.4726766347885132,
      "contribution": -2.300103141383734
    },
    {
      "feature": "thumbnail_y19_x2",
      "value": 1.675839900970459,
      "contribution": -2.1349713148226153
    },
    {
      "feature": "thumbnail_y1_x31",
      "value": 1.416067361831665,
      "contribution": -2.1199947791986182
    },
    {
      "feature": "thumbnail_y8_x4",
      "value": 1.619686245918274,
      "contribution": -2.102461578707778
    },
    {
      "feature": "thumbnail_y0_x31",
      "value": 1.3877710103988647,
      "contribution": 2.050259072249428
    },
    {
      "feature": "thumbnail_y2_x1",
      "value": 1.3507490158081055,
      "contribution": -2.049479645056342
    },
    {
      "feature": "thumbnail_y0_x14",
      "value": 1.4861315488815308,
      "contribution": 1.8518449591498627
    },
    {
      "feature": "thumbnail_y3_x16",
      "value": 1.5784728527069092,
      "contribution": 1.825324261600161
    }
  ],
  "label_dependency_contributions": [],
  "performance": {
    "measurements": [
      {
        "name": "classic_modality_shapley_idx_17_Film-Noir",
        "wall_time_s": 0.034951800014823675,
        "process_cpu_time_s": 0.03125,
        "process_cpu_util_percent": 89.40884299734584,
        "rss_start_mb": 324.92578125,
        "rss_end_mb": 324.9453125,
        "rss_delta_mb": 0.01953125,
        "rss_peak_mb": 324.94921875,
        "cuda_start": {
          "cuda_available": false,
          "cuda_error": "ModuleNotFoundError: No module named 'torch'"
        },
        "cuda_end": {
          "cuda_available": false,
          "cuda_error": "ModuleNotFoundError: No module named 'torch'"
        }
      },
      {
        "name": "classic_modality_shapley_visualization_idx_17_Film-Noir",
        "wall_time_s": 0.11671620002016425,
        "process_cpu_time_s": 0.125,
        "process_cpu_util_percent": 107.09738663390738,
        "rss_start_mb": 324.94140625,
        "rss_end_mb": 326.91796875,
        "rss_delta_mb": 1.9765625,
        "rss_peak_mb": 328.80078125,
        "cuda_start": {
          "cuda_available": false,
          "cuda_error": "ModuleNotFoundError: No module named 'torch'"
        },
        "cuda_end": {
          "cuda_available": false,
          "cuda_error": "ModuleNotFoundError: No module named 'torch'"
        }
      },
      {
        "name": "classic_linear_contribution_idx_17_Film-Noir",
        "wall_time_s": 0.0020414000027813017,
        "process_cpu_time_s": 0.0,
        "process_cpu_util_percent": 0.0,
        "rss_start_mb": 326.90234375,
        "rss_end_mb": 326.91796875,
        "rss_delta_mb": 0.015625,
        "rss_peak_mb": 326.921875,
        "cuda_start": {
          "cuda_available": false,
          "cuda_error": "ModuleNotFoundError: No module named 'torch'"
        },
        "cuda_end": {
          "cuda_available": false,