{
  "index": 18437,
  "target_genre": "label_set",
  "target_genres": [
    "Drama",
    "Thriller",
    "Crime"
  ],
  "true_genres": [
    "Drama",
    "Sport"
  ],
  "predicted_genres": [
    "Drama",
    "Thriller",
    "Crime",
    "Romance"
  ],
  "probability": 0.5827072262763977,
  "set_logit": 1.0085593461990356,
  "top_probabilities": {
    "Drama": 0.6357964873313904,
    "Thriller": 0.5662723183631897,
    "Crime": 0.5460529327392578,
    "Romance": 0.5271919965744019,
    "Mystery": 0.4962778389453888
  },
  "threshold": [
    0.46000000834465027,
    0.49000000953674316,
    0.5199999809265137,
    0.5099999904632568,
    0.5299999713897705,
    0.5799999833106995,
    0.5699999928474426,
    0.5799999833106995,
    0.7300000190734863,
    0.5799999833106995,
    0.5600000023841858,
    0.5299999713897705,
    0.5899999737739563,
    0.5400000214576721,
    0.5899999737739563,
    0.5699999928474426,
    0.550000011920929,
    0.6100000143051147,
    0.46000000834465027,
    0.6700000166893005,
    0.5400000214576721,
    0.5799999833106995,
    0.5600000023841858
  ],
  "target_selection": {
    "policy": "predicted",
    "target_indices": [
      0,
      3,
      4
    ],
    "target_genres": [
      "Drama",
      "Thriller",
      "Crime"
    ],
    "all_selected_indices": [
      0,
      3,
      4,
      2
    ],
    "all_selected_genres": [
      "Drama",
      "Thriller",
      "Crime",
      "Romance"
    ],
    "predicted_indices": [
      0,
      3,
      4,
      2
    ],
    "predicted_genres": [
      "Drama",
      "Thriller",
      "Crime",
      "Romance"
    ],
    "threshold": [
      0.46000000834465027,
      0.49000000953674316,
      0.5199999809265137,
      0.5099999904632568,
      0.5299999713897705,
      0.5799999833106995,
      0.5699999928474426,
      0.5799999833106995,
      0.7300000190734863,
      0.5799999833106995,
      0.5600000023841858,
      0.5299999713897705,
      0.5899999737739563,
      0.5400000214576721,
      0.5899999737739563,
      0.5699999928474426,
      0.550000011920929,
      0.6100000143051147,
      0.46000000834465027,
      0.6700000166893005,
      0.5400000214576721,
      0.5799999833106995,
      0.5600000023841858
    ],
    "max_targets_per_sample": 3
  },
  "methods": [
    "experimental_set_level_attribution",
    "LayerIntegratedGradients_text_embedding",
    "IntegratedGradients_image_pixels",
    "GradCAM_image_branch",
    "modality_shapley",
    "modality_ablation",
    "GMU_gate_summary",
    "experimental_label_correlation_head"
  ],
  "top_tokens": [
    {
      "position": 3,
      "token": "trained",
      "attribution": 0.22341559827327728
    },
    {
      "position": 2,
      "token": "has",
      "attribution": 0.14052072167396545
    },
    {
      "position": 36,
      "token": "protect",
      "attribution": 0.13412801921367645
    },
    {
      "position": 74,
      "token": "ex",
      "attribution": 0.13163435459136963
    },
    {
      "position": 24,
      "token": "boxers",
      "attribution": -0.1307230293750763
    },
    {
      "position": 85,
      "token": "knows",
      "attribution": 0.12409750372171402
    },
    {
      "position": 44,
      "token": "painful",
      "attribution": -0.11408455669879913
    },
    {
      "position": 101,
      "token": "past",
      "attribution": 0.11371248960494995
    },
    {
      "position": 29,
      "token": "rules",
      "attribution": 0.11147824674844742
    },
    {
      "position": 45,
      "token": "estrangement",
      "attribution": 0.10642698407173157
    },
    {
      "position": 18,
      "token": "most",
      "attribution": -0.1042107343673706
    },
    {
      "position": 111,
      "token": "elude",
      "attribution": 0.10364200174808502
    }
  ],
  "gate_mean": 0.42092758417129517,
  "gate_std": 0.13215482234954834,
  "config": {
    "model_name": "neural_transformer_gmu_resnet18_h256_lr2e4_focal",
    "modality": "multimodal",
    "text_encoder": "transformer",
    "image_encoder": "resnet18",
    "fusion": "gmu",
    "hidden_dim": 256,
    "text_cnn_channels": 128,
    "text_cnn_kernels": [
      3,
      4,
      5
    ],
    "text_rnn_hidden_dim": 128,
    "text_rnn_layers": 1,
    "text_rnn_dropout": 0.2,
    "text_attention_dim": 128,
    "text_transformer_layers": 2,
    "text_transformer_heads": 6,
    "text_transformer_ff_dim": 512,
    "text_transformer_dropout": 0.1,
    "pretrained_image": false,
    "freeze_image_backbone": true,
    "batch_size": 16,
    "epochs": 10,
    "learning_rate": 0.0002,
    "weight_decay": 0.01,
    "num_workers": 0,
    "patience": 3,
    "threshold_metric": "macro_f1",
    "threshold_strategy": "per_label",
    "threshold_min": 0.01,
    "threshold_max": 0.99,
    "threshold_steps": 99,
    "loss": "focal",
    "focal_gamma": 2.0,
    "pos_weight_clip": 10.0,
    "scheduler": "none",
    "scheduler_factor": 0.5,
    "scheduler_patience": 1,
    "min_learning_rate": 1e-06,
    "enable_label_correlation": true,
    "max_length": 512,
    "input_size": 224,
    "freeze_embeddings": false
  },
  "performance": {
    "measurements": [
      {
        "name": "neural_set_text_layer_integrated_gradients_idx_18437",
        "wall_time_s": 0.023659962000010637,
        "process_cpu_time_s": 0.023836819000003118,
        "process_cpu_util_percent": 100.74749486069506,
        "rss_start_mb": 2460.98828125,
        "rss_end_mb": 2461.015625,
        "rss_delta_mb": 0.02734375,
        "rss_peak_mb": 2461.01953125,
        "cuda_start": {
          "cuda_available": true,
          "cuda_device": "NVIDIA A100-SXM4-40GB",
          "cuda_allocated_mb": 584.11083984375,
          "cuda_reserved_mb": 1590.0,
          "cuda_peak_allocated_mb": 584.11083984375,
          "cuda_peak_reserved_mb": 1590.0
        },
        "cuda_end": {
          "cuda_available": true,
          "cuda_device": "NVIDIA A100-SXM4-40GB",
          "cuda_allocated_mb": 584.11083984375,
          "cuda_reserved_mb": 1590.0,
          "cuda_peak_allocated_mb": 921.025390625,
          "cuda_peak_reserved_mb": 1590.0
        }
      },
      {
        "name": "neural_set_text_visualization_idx_18437",
        "wall_time_s": 0.19888675700008207,
        "process_cpu_time_s": 0.1950188850000032,
        "process_cpu_util_percent": 98.05523904234747,
        "rss_start_mb": 2461.02734375,
        "rss_end_mb": 2464.58984375,
        "rss_delta_mb": 3.5625,
        "rss_peak_mb": 2464.59375,
        "cuda_start": {
          "cuda_available": true,
          "cuda_device": "NVIDIA A100-SXM4-40GB",
          "cuda_allocated_mb": 584.11083984375,
          "cuda_reserved_mb": 1590.0,
          "cuda_peak_allocated_mb": 584.11083984375,
          "cuda_peak_reserved_mb": 1590.0
        },
        "cuda_end": {
          "cuda_available": true,
          "cuda_device": "NVIDIA A100-SXM4-40GB",
          "cuda_allocated_mb": 584.11083984375,
          "cuda_reserved_mb": 1590.0,
          "cuda_peak_allocated_mb": 584.11083984375,
          "cuda_peak_reserved_mb": 1590.0
        }
      },
      {
        "name": "neural_set_image_integrated_gradients_idx_18437",
        "wall_time_s": 0.01597915100001046,
        "process_cpu_time_s": 0.016029086999992614,
        "process_cpu_util_percent": 100.31250721632283,
        "rss_start_mb": 2464.6171875,
        "rss_end_mb": 2464.66015625,
        "rss_delta_mb": 0.04296875,
        "rss_peak_mb": 2464.65625,
        "cuda_start": {
          "cuda_available": true,
          "cuda_device": "NVIDIA A100-SXM4-40GB",
          "cuda_allocated_mb": 584.11083984375,
          "cuda_reserved_mb": 1590.0,
          "cuda_peak_allocated_mb": 584.11083984375,
          "cuda_peak_reserved_mb": 1590.0
        },
        "cuda_end": {
          "cuda_available": true,
          "cuda_device": "NVIDIA A100-SXM4-40GB",
          "cuda_allocated_mb": 584.11083984375,
          "cuda_reserved_mb": 1590.0,