{
  "index": 17,
  "target_genre": "Romance",
  "target_genres": [
    "Romance"
  ],
  "true_genres": [
    "Drama",
    "Thriller",
    "Crime",
    "Film-Noir"
  ],
  "predicted_genres": [
    "Film-Noir",
    "Romance",
    "Crime",
    "Drama",
    "Thriller"
  ],
  "probability": 0.9741654482946375,
  "top_probabilities": {
    "Film-Noir": 1.0,
    "Romance": 0.9741654396057129,
    "Crime": 0.9616051316261292,
    "Drama": 0.9610167145729065,
    "Thriller": 0.45569536089897156
  },
  "target_selection": {
    "policy": "predicted",
    "target_indices": [
      22,
      2,
      4
    ],
    "target_genres": [
      "Film-Noir",
      "Romance",
      "Crime"
    ],
    "all_selected_indices": [
      22,
      2,
      4,
      0,
      3
    ],
    "all_selected_genres": [
      "Film-Noir",
      "Romance",
      "Crime",
      "Drama",
      "Thriller"
    ],
    "predicted_indices": [
      22,
      2,
      4,
      0,
      3
    ],
    "predicted_genres": [
      "Film-Noir",
      "Romance",
      "Crime",
      "Drama",
      "Thriller"
    ],
    "threshold": [
      0.05000000074505806,
      0.5,
      0.8500000238418579,
      0.05000000074505806,
      0.05000000074505806,
      0.5,
      0.05000000074505806,
      0.5,
      0.5,
      0.5,
      0.5,
      0.5,
      0.5,
      0.5,
      0.5,
      0.5,
      0.5,
      0.5,
      0.5,
      0.5,
      0.5,
      0.5,
      0.5
    ],
    "max_targets_per_sample": 3
  },
  "method": "linear_feature_contribution",
  "methods": [
    "linear_feature_contribution",
    "modality_shapley",
    "classifier_chain_label_dependency"
  ],
  "modality_shapley": {
    "method": "two_modality_shapley",
    "probability": {
      "values": {
        "blank": 0.3833356520636157,
        "text_only": 0.34109810721057454,
        "image_only": 0.9783922574096043,
        "both": 0.9741654482946375
      },
      "shapley": {
        "text": -0.02323217698400401,
        "image": 0.6140619732150259,
        "interaction": 0.038010735738074286,
        "blank_to_both_delta": 0.5908297962310218,
        "abs_total": 0.6372941501990299,
        "text_utilization": 0.0364544017495665,
        "image_utilization": 0.9635455982504335
      }
    },
    "logit": {
      "values": {
        "blank": -0.47541388776153326,
        "text_only": -0.6584045102317939,
        "image_only": 3.8128589670990056,
        "both": 3.629868344628745
      },
      "shapley": {
        "text": -0.18299062247026054,
        "image": 4.288272854860539,
        "interaction": 0.0,
        "blank_to_both_delta": 4.1052822323902785,
        "abs_total": 4.471263477330799,
        "text_utilization": 0.0409259314281117,
        "image_utilization": 0.9590740685718884
      }
    }
  },
  "intercept": -0.012209533713757992,
  "text_logit_contribution": -0.18299061059951782,
  "image_logit_contribution": 4.288272857666016,
  "label_dependency_logit_contribution": -0.46320435404777527,
  "top_text_features": [
    {
      "feature": "the",
      "tfidf": 0.2601794898509979,
      "contribution": -0.042426951229572296
    },
    {
      "feature": "a",
      "tfidf": 0.3122153878211975,
      "contribution": -0.023299919441342354
    },
    {
      "feature": "to",
      "tfidf": 0.20814359188079834,
      "contribution": -0.019727535545825958
    },
    {
      "feature": "and",
      "tfidf": 0.15610769391059875,
      "contribution": -0.012716948986053467
    },
    {
      "feature": "of",
      "tfidf": 0.1144876629114151,
      "contribution": -0.00709876511245966
    },
    {
      "feature": "for",
      "tfidf": 0.20863360166549683,
      "contribution": -0.007015371695160866
    },
    {
      "feature": "his",
      "tfidf": 0.1201145276427269,
      "contribution": -0.007010773755609989
    },
    {
      "feature": "is",
      "tfidf": 0.1144876629114151,
      "contribution": -0.006355435587465763
    },
    {
      "feature": "he",
      "tfidf": 0.12606310844421387,
      "contribution": -0.005196267738938332
    },
    {
      "feature": "life",
      "tfidf": 0.3801354169845581,
      "contribution": -0.004832322243601084
    },
    {
      "feature": "with",
      "tfidf": 0.146269291639328,
      "contribution": -0.004487865138798952
    },
    {
      "feature": "that",
      "tfidf": 0.08568372577428818,
      "contribution": -0.0033517766278237104
    }
  ],
  "top_image_features": [
    {
      "feature": "top_right_B_hist_bin_14",
      "value": 6.206282615661621,
      "contribution": 0.4347526431083679
    },
    {
      "feature": "top_left_G_hist_bin_13",
      "value": 4.596542835235596,
      "contribution": 0.3694172501564026
    },
    {
      "feature": "top_left_R_hist_bin_13",
      "value": 3.9414820671081543,
      "contribution": 0.334188848733902
    },
    {
      "feature": "bottom_left_R_hist_bin_9",
      "value": 3.5893654823303223,
      "contribution": 0.23503847420215607
    },
    {
      "feature": "bottom_right_R_hist_bin_9",
      "value": 2.55397367477417,
      "contribution": 0.2339438945055008
    },
    {
      "feature": "bottom_left_G_hist_bin_7",
      "value": 2.8778655529022217,
      "contribution": 0.19975467026233673
    },
    {
      "feature": "top_left_B_hist_bin_14",
      "value": 2.744846820831299,
      "contribution": 0.14914536476135254
    },
    {
      "feature": "bottom_right_R_hist_bin_8",
      "value": 3.0251424312591553,
      "contribution": 0.14830899238586426
    },
    {
      "feature": "global_R_hist_bin_8",
      "value": 2.8638899326324463,
      "contribution": 0.12973222136497498
    },
    {
      "feature": "global_R_hist_bin_9",
      "value": 1.4877729415893555,
      "contribution": 0.12298858165740967
    },
    {
      "feature": "bottom_right_G_hist_bin_6",
      "value": 2.8782405853271484,
      "contribution": 0.12225116789340973
    },
    {
      "feature": "bottom_left_B_hist_bin_14",
      "value": 2.9262073040008545,
      "contribution": -0.11791092902421951
    }
  ],
  "label_dependency_contributions": [
    {
      "genre": "Drama",
      "value": 1.0,
      "coefficient": -0.46320435404777527,
      "contribution": -0.46320435404777527
    },
    {
      "genre": "Comedy",
      "value": 0.0,
      "coefficient": 0.0,
      "contribution": 0.0
    }
  ],
  "performance": {
    "measurements": [
      {
        "name": "classic_modality_shapley_idx_17_Romance",
        "wall_time_s": 0.1411934999996447,
        "process_cpu_time_s": 0.15625,
        "process_cpu_util_percent": 110.66373452063529
      },
      {
        "name": "classic_modality_shapley_visualization_idx_17_Romance",
        "wall_time_s": 0.10573029999795835,
        "process_cpu_time_s": 0.109375,
        "process_cpu_util_percent": 103.4471669919711
      },
      {
        "name": "classic_linear_contribution_idx_17_Romance",
        "wall_time_s": 0.0002660000027390197,
        "process_cpu_time_s": 0.0,
        "process_cpu_util_percent": 0.0
      },
      {
        "name": "classic_visualization_idx_17_Romance",
        "wall_time_s": 0.17789739999716403,
        "process_cpu_time_s": 0.171875,
        "process_cpu_util_percent": 96.61467790014918
      }
    ],
    "summary": {
      "count": 4,
      "total_wall_time_s": 0.4250871999975061,
      "mean_wall_time_s": 0.10627179999937653,
      "total_process_cpu_time_s": 0.4375,
      "mean_process_cpu_util_percent": 77.68139485318889,
      "max_rss_peak_mb": null
    }
  }
}