{
  "index": 20958,
  "target_genre": "Animation",
  "target_genres": [
    "Animation"
  ],
  "true_genres": [
    "Drama",
    "Romance",
    "Action",
    "Horror",
    "Sci-Fi"
  ],
  "predicted_genres": [
    "Sci-Fi",
    "Animation",
    "Adventure"
  ],
  "probability": 0.8903534116027477,
  "top_probabilities": {
    "Sci-Fi": 0.9873157739639282,
    "Animation": 0.8903534412384033,
    "Adventure": 0.8293375968933105,
    "Fantasy": 0.720363199710846,
    "Family": 0.569080114364624
  },
  "target_selection": {
    "policy": "predicted",
    "target_indices": [
      10,
      17,
      6
    ],
    "target_genres": [
      "Sci-Fi",
      "Animation",
      "Adventure"
    ],
    "all_selected_indices": [
      10,
      17,
      6
    ],
    "all_selected_genres": [
      "Sci-Fi",
      "Animation",
      "Adventure"
    ],
    "predicted_indices": [
      10,
      17,
      6
    ],
    "predicted_genres": [
      "Sci-Fi",
      "Animation",
      "Adventure"
    ],
    "threshold": [
      0.30000001192092896,
      0.44999998807907104,
      0.5,
      0.5,
      0.6000000238418579,
      0.550000011920929,
      0.6000000238418579,
      0.6000000238418579,
      0.6000000238418579,
      0.5,
      0.699999988079071,
      0.75,
      0.6000000238418579,
      0.699999988079071,
      0.6499999761581421,
      0.6000000238418579,
      0.6499999761581421,
      0.550000011920929,
      0.699999988079071,
      0.6000000238418579,
      0.6499999761581421,
      0.5,
      0.699999988079071
    ],
    "max_targets_per_sample": 3
  },
  "method": "linear_feature_contribution",
  "methods": [
    "linear_feature_contribution",
    "modality_shapley"
  ],
  "modality_shapley": {
    "method": "two_modality_shapley",
    "probability": {
      "values": {
        "blank": 0.09773913871584991,
        "text_only": 0.41168968667360195,
        "image_only": 0.5569367611948118,
        "both": 0.8903534116027477
      },
      "shapley": {
        "text": 0.32368359918284395,
        "image": 0.46893067370405384,
        "interaction": 0.019466102450183848,
        "blank_to_both_delta": 0.7926142728868978,
        "abs_total": 0.7926142728868978,
        "text_utilization": 0.40837467890138796,
        "image_utilization": 0.5916253210986121
      }
    },
    "logit": {
      "values": {
        "blank": -2.222601601638295,
        "text_only": -0.35698467456750205,
        "image_only": 0.22873918771212054,
        "both": 2.0943561147829177
      },
      "shapley": {
        "text": 1.865616927070795,
        "image": 2.4513407893504175,
        "interaction": 4.440892098500626e-15,
        "blank_to_both_delta": 4.3169577164212125,
        "abs_total": 4.3169577164212125,
        "text_utilization": 0.4321601112686839,
        "image_utilization": 0.5678398887313161
      }
    }
  },
  "intercept": -2.222601601638295,
  "text_logit_contribution": 1.865616927070793,
  "image_logit_contribution": 2.4513407893504144,
  "label_dependency_logit_contribution": 0.0,
  "top_text_features": [
    {
      "feature": "earth",
      "tfidf": 0.1297474503517151,
      "contribution": 0.40043823657837396
    },
    {
      "feature": "the",
      "tfidf": 0.1461135745048523,
      "contribution": 0.2800980282896741
    },
    {
      "feature": "alien",
      "tfidf": 0.1557227075099945,
      "contribution": 0.22957485644191836
    },
    {
      "feature": "machine",
      "tfidf": 0.3155708909034729,
      "contribution": 0.2278848777254111
    },
    {
      "feature": "in",
      "tfidf": 0.06808305531740189,
      "contribution": -0.1974892857278083
    },
    {
      "feature": "of",
      "tfidf": 0.09623570740222931,
      "contribution": -0.1931971199740174
    },
    {
      "feature": "else",
      "tfidf": 0.1433001011610031,
      "contribution": 0.18871835008185556
    },
    {
      "feature": "like",
      "tfidf": 0.09969265013933182,
      "contribution": 0.18584505497050496
    },
    {
      "feature": "classic",
      "tfidf": 0.15887831151485443,
      "contribution": 0.1790066888955592
    },
    {
      "feature": "ocean",
      "tfidf": 0.342771053314209,
      "contribution": -0.17686645625551725
    },
    {
      "feature": "that",
      "tfidf": 0.14575839042663574,
      "contribution": 0.17083268780197158
    },
    {
      "feature": "days",
      "tfidf": 0.11612730473279953,
      "contribution": -0.15557664169029703
    }
  ],
  "top_image_features": [
    {
      "feature": "thumbnail_y17_x23",
      "value": 0.9461321234703064,
      "contribution": -0.6819634245207452
    },
    {
      "feature": "thumbnail_y2_x24",
      "value": 0.7051101922988892,
      "contribution": -0.5914670248692356
    },
    {
      "feature": "thumbnail_y11_x3",
      "value": 1.0416167974472046,
      "contribution": -0.5834905286251821
    },
    {
      "feature": "bottom_right_G_hist_bin_7",
      "value": 2.4273393154144287,
      "contribution": 0.5467466588707984
    },
    {
      "feature": "thumbnail_y7_x14",
      "value": 0.7048051953315735,
      "contribution": 0.5249993129646343
    },
    {
      "feature": "thumbnail_y1_x22",
      "value": 0.8223125338554382,
      "contribution": -0.5194257368537666
    },
    {
      "feature": "thumbnail_y19_x23",
      "value": 0.8171356916427612,
      "contribution": -0.5016460408981893
    },
    {
      "feature": "thumbnail_y13_x20",
      "value": 0.7311103940010071,
      "contribution": 0.500124100740347
    },
    {
      "feature": "thumbnail_y7_x20",
      "value": 0.9821949005126953,
      "contribution": 0.48748647506010634
    },
    {
      "feature": "thumbnail_y12_x25",
      "value": 0.8237178325653076,
      "contribution": 0.4808315780002523
    },
    {
      "feature": "thumbnail_y12_x24",
      "value": 0.5121505856513977,
      "contribution": -0.4581931172416388
    },
    {
      "feature": "thumbnail_y19_x22",
      "value": 0.8546199798583984,
      "contribution": 0.44348617040071536
    }
  ],
  "label_dependency_contributions": [],
  "performance": {
    "measurements": [
      {
        "name": "classic_modality_shapley_idx_20958_Animation",
        "wall_time_s": 0.02600465599994095,
        "process_cpu_time_s": 0.026200039999999092,
        "process_cpu_util_percent": 100.75134237522153,
        "rss_start_mb": 1025.2890625,
        "rss_end_mb": 1025.2890625,
        "rss_delta_mb": 0.0,
        "rss_peak_mb": 1025.29296875,
        "cuda_start": {
          "cuda_available": true,
          "cuda_device": "NVIDIA A100-SXM4-40GB",
          "cuda_allocated_mb": 0.0,
          "cuda_reserved_mb": 0.0,
          "cuda_peak_allocated_mb": 0.0,
          "cuda_peak_reserved_mb": 0.0
        },
        "cuda_end": {
          "cuda_available": true,
          "cuda_device": "NVIDIA A100-SXM4-40GB",
          "cuda_allocated_mb": 0.0,
          "cuda_reserved_mb": 0.0,
          "cuda_peak_allocated_mb": 0.0,
          "cuda_peak_reserved_mb": 0.0
        }
      },
      {
        "name": "classic_modality_shapley_visualization_idx_20958_Animation",
        "wall_time_s": 0.5041966370000637,
        "process_cpu_time_s": 0.127209962000002,
        "process_cpu_util_percent": 25.23022818178495,
        "rss_start_mb": 1025.2890625,
        "rss_end_mb": 1025.45703125,
        "rss_delta_mb": 0.16796875,
        "rss_peak_mb": 1025.44921875,
        "cuda_start": {
          "cuda_available": true,
          "cuda_device": "NVIDIA A100-SXM4-40GB",
          "cuda_allocated_mb": 0.0,
          "cuda_reserved_mb": 0.0,
          "cuda_peak_allocated_mb": 0.0,
          "cuda_peak_reserved_mb": 0.0
        },
        "cuda_end": {
          "cuda_available": true,
          "cuda_device": "NVIDIA A100-SXM4-40GB",
          "cuda_allocated_mb": 0.0,
          "cuda_reserved_mb": 0.0,
          "cuda_peak_allocated_mb": 0.0,