{
  "index": 46,
  "target_genre": "Drama",
  "target_genres": [
    "Drama"
  ],
  "true_genres": [
    "Drama",
    "Thriller",
    "Crime",
    "Mystery",
    "Film-Noir"
  ],
  "predicted_genres": [
    "Film-Noir",
    "Drama",
    "War",
    "Mystery",
    "Thriller",
    "Crime"
  ],
  "probability": 0.8427637338553211,
  "top_probabilities": {
    "Film-Noir": 0.9635820388793945,
    "Drama": 0.8427637219429016,
    "War": 0.7824780941009521,
    "Mystery": 0.7384094595909119,
    "Thriller": 0.7379939556121826
  },
  "target_selection": {
    "policy": "predicted",
    "target_indices": [
      22,
      0,
      14
    ],
    "target_genres": [
      "Film-Noir",
      "Drama",
      "War"
    ],
    "all_selected_indices": [
      22,
      0,
      14,
      9,
      3,
      4
    ],
    "all_selected_genres": [
      "Film-Noir",
      "Drama",
      "War",
      "Mystery",
      "Thriller",
      "Crime"
    ],
    "predicted_indices": [
      22,
      0,
      14,
      9,
      3,
      4
    ],
    "predicted_genres": [
      "Film-Noir",
      "Drama",
      "War",
      "Mystery",
      "Thriller",
      "Crime"
    ],
    "threshold": [
      0.30000001192092896,
      0.44999998807907104,
      0.5,
      0.5,
      0.6000000238418579,
      0.550000011920929,
      0.6000000238418579,
      0.6000000238418579,
      0.6000000238418579,
      0.5,
      0.699999988079071,
      0.75,
      0.6000000238418579,
      0.699999988079071,
      0.6499999761581421,
      0.6000000238418579,
      0.6499999761581421,
      0.550000011920929,
      0.699999988079071,
      0.6000000238418579,
      0.6499999761581421,
      0.5,
      0.699999988079071
    ],
    "max_targets_per_sample": 3
  },
  "method": "linear_feature_contribution",
  "methods": [
    "linear_feature_contribution",
    "modality_shapley"
  ],
  "modality_shapley": {
    "method": "two_modality_shapley",
    "probability": {
      "values": {
        "blank": 0.35764809053502844,
        "text_only": 0.7406661446717605,
        "image_only": 0.5109773818729344,
        "both": 0.8427637338553211
      },
      "shapley": {
        "text": 0.3574022030595594,
        "image": 0.12771344026073328,
        "interaction": -0.05123170215434536,
        "blank_to_both_delta": 0.48511564332029267,
        "abs_total": 0.48511564332029267,
        "text_utilization": 0.7367360916530746,
        "image_utilization": 0.26326390834692537
      }
    },
    "logit": {
      "values": {
        "blank": -0.5855867834776273,
        "text_only": 1.0494337284255333,
        "image_only": 0.04391658450073532,
        "both": 1.6789370964038914
      },
      "shapley": {
        "text": 1.6350205119031584,
        "image": 0.6295033679783604,
        "interaction": -4.440892098500626e-15,
        "blank_to_both_delta": 2.264523879881519,
        "abs_total": 2.264523879881519,
        "text_utilization": 0.7220151337016166,
        "image_utilization": 0.27798486629838337
      }
    }
  },
  "intercept": -0.5855867834776273,
  "text_logit_contribution": 1.6350205119031602,
  "image_logit_contribution": 0.6295033679783608,
  "label_dependency_logit_contribution": 0.0,
  "top_text_features": [
    {
      "feature": "his",
      "tfidf": 0.24130374193191528,
      "contribution": 0.49385799069454134
    },
    {
      "feature": "war",
      "tfidf": 0.08176165819168091,
      "contribution": 0.22698548575629798
    },
    {
      "feature": "is",
      "tfidf": 0.15889090299606323,
      "contribution": 0.19787846836555428
    },
    {
      "feature": "professor",
      "tfidf": 0.11660534888505936,
      "contribution": -0.1783576673361442
    },
    {
      "feature": "court",
      "tfidf": 0.12036450207233429,
      "contribution": 0.1467483662453589
    },
    {
      "feature": "so",
      "tfidf": 0.07187008112668991,
      "contribution": -0.14550015186723272
    },
    {
      "feature": "him",
      "tfidf": 0.10103853046894073,
      "contribution": 0.14481046746430148
    },
    {
      "feature": "past",
      "tfidf": 0.09656530618667603,
      "contribution": 0.14019102774047584
    },
    {
      "feature": "own",
      "tfidf": 0.07514142990112305,
      "contribution": 0.13942604609143136
    },
    {
      "feature": "wife",
      "tfidf": 0.07286476343870163,
      "contribution": 0.13559733730246787
    },
    {
      "feature": "prove",
      "tfidf": 0.12018756568431854,
      "contribution": -0.11813794436520504
    },
    {
      "feature": "in",
      "tfidf": 0.05710209906101227,
      "contribution": 0.11261796816539016
    }
  ],
  "top_image_features": [
    {
      "feature": "thumbnail_y1_x5",
      "value": -1.059296727180481,
      "contribution": 0.3929473193991182
    },
    {
      "feature": "bottom_left_B_hist_bin_7",
      "value": 9.29132080078125,
      "contribution": 0.32725870017976244
    },
    {
      "feature": "bottom_right_G_hist_bin_7",
      "value": 4.5926513671875,
      "contribution": 0.290407639965214
    },
    {
      "feature": "thumbnail_y8_x25",
      "value": -0.900467574596405,
      "contribution": 0.2589532751344131
    },
    {
      "feature": "top_left_R_hist_bin_2",
      "value": 3.4408302307128906,
      "contribution": -0.24596095212347227
    },
    {
      "feature": "thumbnail_y1_x4",
      "value": -1.0131134986877441,
      "contribution": -0.24258819928545586
    },
    {
      "feature": "thumbnail_y1_x8",
      "value": -1.1392216682434082,
      "contribution": -0.22221119881738238
    },
    {
      "feature": "thumbnail_y2_x12",
      "value": -1.1631219387054443,
      "contribution": -0.21488426770707156
    },
    {
      "feature": "thumbnail_y2_x5",
      "value": -1.1576454639434814,
      "contribution": -0.2123185560037433
    },
    {
      "feature": "thumbnail_y8_x26",
      "value": -0.8988953828811646,
      "contribution": -0.19653315508959618
    },
    {
      "feature": "thumbnail_y6_x2",
      "value": -0.7111261487007141,
      "contribution": -0.1888195761110608
    },
    {
      "feature": "thumbnail_y7_x26",
      "value": -0.7534856200218201,
      "contribution": 0.18214095588514173
    }
  ],
  "label_dependency_contributions": [],
  "performance": {
    "measurements": [
      {
        "name": "classic_modality_shapley_idx_46_Drama",
        "wall_time_s": 0.028943600016646087,
        "process_cpu_time_s": 0.03125,
        "process_cpu_util_percent": 107.96860094123555,
        "rss_start_mb": 349.82421875,
        "rss_end_mb": 349.83984375,
        "rss_delta_mb": 0.015625,
        "rss_peak_mb": 349.84375,
        "cuda_start": {
          "cuda_available": false,
          "cuda_error": "ModuleNotFoundError: No module named 'torch'"
        },
        "cuda_end": {
          "cuda_available": false,
          "cuda_error": "ModuleNotFoundError: No module named 'torch'"
        }
      },
      {
        "name": "classic_modality_shapley_visualization_idx_46_Drama",
        "wall_time_s": 0.11505640001269057,
        "process_cpu_time_s": 0.109375,
        "process_cpu_util_percent": 95.06207389413895,
        "rss_start_mb": 349.82421875,
        "rss_end_mb": 348.44140625,
        "rss_delta_mb": -1.3828125,
        "rss_peak_mb": 350.32421875,
        "cuda_start": {
          "cuda_available": false,
          "cuda_error": "ModuleNotFoundError: No module named 'torch'"
        },
        "cuda_end": {
          "cuda_available": false,
          "cuda_error": "ModuleNotFoundError: No module named 'torch'"
        }
      },
      {
        "name": "classic_linear_contribution_idx_46_Drama",
        "wall_time_s": 0.0019825999916065484,
        "process_cpu_time_s": 0.0,
        "process_cpu_util_percent": 0.0,
        "rss_start_mb": 348.42578125,
        "rss_end_mb": 348.44140625,
        "rss_delta_mb": 0.015625,
        "rss_peak_mb": 348.4453125,
        "cuda_start": {
          "cuda_available": false,