{
  "index": 3150,
  "target_genre": "War",
  "target_genres": [
    "War"
  ],
  "true_genres": [
    "Drama",
    "War",
    "History"
  ],
  "predicted_genres": [
    "Biography",
    "War",
    "History",
    "Drama"
  ],
  "probability": 0.8919153844785331,
  "top_probabilities": {
    "Biography": 0.9068210124969482,
    "War": 0.8919153809547424,
    "History": 0.762287437915802,
    "Drama": 0.7520530819892883,
    "Action": 0.4558240473270416
  },
  "target_selection": {
    "policy": "predicted",
    "target_indices": [
      13,
      14,
      15
    ],
    "target_genres": [
      "Biography",
      "War",
      "History"
    ],
    "all_selected_indices": [
      13,
      14,
      15,
      0
    ],
    "all_selected_genres": [
      "Biography",
      "War",
      "History",
      "Drama"
    ],
    "predicted_indices": [
      13,
      14,
      15,
      0
    ],
    "predicted_genres": [
      "Biography",
      "War",
      "History",
      "Drama"
    ],
    "threshold": [
      0.30000001192092896,
      0.44999998807907104,
      0.5,
      0.5,
      0.6000000238418579,
      0.550000011920929,
      0.6000000238418579,
      0.6000000238418579,
      0.6000000238418579,
      0.5,
      0.699999988079071,
      0.75,
      0.6000000238418579,
      0.699999988079071,
      0.6499999761581421,
      0.6000000238418579,
      0.6499999761581421,
      0.550000011920929,
      0.699999988079071,
      0.6000000238418579,
      0.6499999761581421,
      0.5,
      0.699999988079071
    ],
    "max_targets_per_sample": 3
  },
  "method": "linear_feature_contribution",
  "methods": [
    "linear_feature_contribution",
    "modality_shapley"
  ],
  "modality_shapley": {
    "method": "two_modality_shapley",
    "probability": {
      "values": {
        "blank": 0.04648564916576492,
        "text_only": 0.9372812819762286,
        "image_only": 0.026214523100899886,
        "both": 0.8919153844785331
      },
      "shapley": {
        "text": 0.8782482470940485,
        "image": -0.03281851178128026,
        "interaction": -0.025094771432830454,
        "blank_to_both_delta": 0.8454297353127682,
        "abs_total": 0.9110667588753287,
        "text_utilization": 0.9639779286626665,
        "image_utilization": 0.03602207133733344
      }
    },
    "logit": {
      "values": {
        "blank": -3.021010830749345,
        "text_only": 2.7043234952394646,
        "image_only": -3.614877455775317,
        "both": 2.1104568702134885
      },
      "shapley": {
        "text": 5.725334325988808,
        "image": -0.5938666250259741,
        "interaction": -3.9968028886505635e-15,
        "blank_to_both_delta": 5.131467700962833,
        "abs_total": 6.319200951014782,
        "text_utilization": 0.9060218800399745,
        "image_utilization": 0.09397811996002545
      }
    }
  },
  "intercept": -3.021010830749345,
  "text_logit_contribution": 5.725334325988809,
  "image_logit_contribution": -0.5938666250259725,
  "label_dependency_logit_contribution": 0.0,
  "top_text_features": [
    {
      "feature": "war",
      "tfidf": 0.11141319572925568,
      "contribution": 1.5715982548497
    },
    {
      "feature": "the",
      "tfidf": 0.2671840488910675,
      "contribution": 0.6223989854795757
    },
    {
      "feature": "N",
      "tfidf": 0.21278825402259827,
      "contribution": 0.5969451539196609
    },
    {
      "feature": "during",
      "tfidf": 0.11271952837705612,
      "contribution": 0.5564836787275482
    },
    {
      "feature": "soviet",
      "tfidf": 0.18897315859794617,
      "contribution": 0.4043844905787834
    },
    {
      "feature": "regiment",
      "tfidf": 0.4846654534339905,
      "contribution": 0.39619502150064256
    },
    {
      "feature": "infantry",
      "tfidf": 0.24893011152744293,
      "contribution": 0.3743568371146142
    },
    {
      "feature": "wartime",
      "tfidf": 0.2438560277223587,
      "contribution": 0.3061650229727777
    },
    {
      "feature": "against",
      "tfidf": 0.1143776997923851,
      "contribution": 0.26230330689355597
    },
    {
      "feature": "battles",
      "tfidf": 0.19587279856204987,
      "contribution": 0.21832735682241458
    },
    {
      "feature": "of",
      "tfidf": 0.0733238011598587,
      "contribution": 0.15550848504921982
    },
    {
      "feature": "story",
      "tfidf": 0.20498625934123993,
      "contribution": 0.13513554138587525
    }
  ],
  "top_image_features": [
    {
      "feature": "top_left_G_hist_bin_11",
      "value": 5.6440110206604,
      "contribution": 0.8107313150509734
    },
    {
      "feature": "thumbnail_y1_x27",
      "value": 0.49913352727890015,
      "contribution": -0.6030830249095434
    },
    {
      "feature": "thumbnail_y10_x14",
      "value": -1.1406652927398682,
      "contribution": 0.5639646757052091
    },
    {
      "feature": "top_right_G_hist_bin_11",
      "value": 5.693597793579102,
      "contribution": -0.5462781644001645
    },
    {
      "feature": "thumbnail_y3_x27",
      "value": 1.0069292783737183,
      "contribution": -0.5343472672556644
    },
    {
      "feature": "thumbnail_y2_x27",
      "value": 0.8080695867538452,
      "contribution": 0.5205293964897596
    },
    {
      "feature": "thumbnail_y4_x29",
      "value": 1.0105416774749756,
      "contribution": -0.5053598777131922
    },
    {
      "feature": "thumbnail_y5_x6",
      "value": 0.8196398615837097,
      "contribution": 0.49058855578333244
    },
    {
      "feature": "top_right_R_hist_bin_10",
      "value": 4.332369327545166,
      "contribution": 0.4722400796219741
    },
    {
      "feature": "thumbnail_y3_x12",
      "value": 0.6819859743118286,
      "contribution": 0.46419115203645395
    },
    {
      "feature": "bottom_right_B_hist_bin_3",
      "value": 1.959532618522644,
      "contribution": 0.45313722036708404
    },
    {
      "feature": "thumbnail_y0_x27",
      "value": 0.5332016348838806,
      "contribution": 0.44406465314419985
    }
  ],
  "label_dependency_contributions": [],
  "performance": {
    "measurements": [
      {
        "name": "classic_modality_shapley_idx_3150_War",
        "wall_time_s": 0.026359301000070445,
        "process_cpu_time_s": 0.02648877600000077,
        "process_cpu_util_percent": 100.49119284282226,
        "rss_start_mb": 997.48828125,
        "rss_end_mb": 997.48828125,
        "rss_delta_mb": 0.0,
        "rss_peak_mb": 997.4921875,
        "cuda_start": {
          "cuda_available": true,
          "cuda_device": "NVIDIA A100-SXM4-40GB",
          "cuda_allocated_mb": 0.0,
          "cuda_reserved_mb": 0.0,
          "cuda_peak_allocated_mb": 0.0,
          "cuda_peak_reserved_mb": 0.0
        },
        "cuda_end": {
          "cuda_available": true,
          "cuda_device": "NVIDIA A100-SXM4-40GB",
          "cuda_allocated_mb": 0.0,
          "cuda_reserved_mb": 0.0,
          "cuda_peak_allocated_mb": 0.0,
          "cuda_peak_reserved_mb": 0.0
        }
      },
      {
        "name": "classic_modality_shapley_visualization_idx_3150_War",
        "wall_time_s": 0.1380307790000188,
        "process_cpu_time_s": 0.12882820600000144,
        "process_cpu_util_percent": 93.33295583297685,
        "rss_start_mb": 997.48828125,
        "rss_end_mb": 997.48828125,
        "rss_delta_mb": 0.0,
        "rss_peak_mb": 997.4921875,
        "cuda_start": {
          "cuda_available": true,
          "cuda_device": "NVIDIA A100-SXM4-40GB",
          "cuda_allocated_mb": 0.0,
          "cuda_reserved_mb": 0.0,
          "cuda_peak_allocated_mb": 0.0,
          "cuda_peak_reserved_mb": 0.0
        },
        "cuda_end": {
          "cuda_available": true,
          "cuda_device": "NVIDIA A100-SXM4-40GB",
          "cuda_allocated_mb": 0.0,
          "cuda_reserved_mb": 0.0,
          "cuda_peak_allocated_mb": 0.0,
          "cuda_peak_reserved_mb": 0.0
        }
      },
      {
        "name": "classic_linear_contribution_idx_3150_War",