{
  "index": 44,
  "target_genre": "Drama",
  "target_genres": [
    "Drama"
  ],
  "true_genres": [
    "Drama",
    "Crime",
    "Film-Noir"
  ],
  "predicted_genres": [
    "Film-Noir",
    "Crime",
    "Drama",
    "Comedy"
  ],
  "probability": 0.7077537651588284,
  "top_probabilities": {
    "Film-Noir": 0.9787116050720215,
    "Crime": 0.9709160327911377,
    "Drama": 0.7077537775039673,
    "Thriller": 0.48828232288360596,
    "Romance": 0.4780157208442688
  },
  "target_selection": {
    "policy": "predicted",
    "target_indices": [
      22,
      4,
      0
    ],
    "target_genres": [
      "Film-Noir",
      "Crime",
      "Drama"
    ],
    "all_selected_indices": [
      22,
      4,
      0,
      1
    ],
    "all_selected_genres": [
      "Film-Noir",
      "Crime",
      "Drama",
      "Comedy"
    ],
    "predicted_indices": [
      22,
      4,
      0,
      1
    ],
    "predicted_genres": [
      "Film-Noir",
      "Crime",
      "Drama",
      "Comedy"
    ],
    "threshold": [
      0.30000001192092896,
      0.44999998807907104,
      0.5,
      0.5,
      0.6000000238418579,
      0.550000011920929,
      0.6000000238418579,
      0.6000000238418579,
      0.6000000238418579,
      0.5,
      0.699999988079071,
      0.75,
      0.6000000238418579,
      0.699999988079071,
      0.6499999761581421,
      0.6000000238418579,
      0.6499999761581421,
      0.550000011920929,
      0.699999988079071,
      0.6000000238418579,
      0.6499999761581421,
      0.5,
      0.699999988079071
    ],
    "max_targets_per_sample": 3
  },
  "method": "linear_feature_contribution",
  "methods": [
    "linear_feature_contribution",
    "modality_shapley"
  ],
  "modality_shapley": {
    "method": "two_modality_shapley",
    "probability": {
      "values": {
        "blank": 0.35764809053502844,
        "text_only": 0.7907739914254488,
        "image_only": 0.2629514385481311,
        "both": 0.7077537651588284
      },
      "shapley": {
        "text": 0.4389641137505588,
        "image": -0.08885843912675889,
        "interaction": 0.01167642572027694,
        "blank_to_both_delta": 0.35010567462379993,
        "abs_total": 0.5278225528773177,
        "text_utilization": 0.8316509238903016,
        "image_utilization": 0.16834907610969843
      }
    },
    "logit": {
      "values": {
        "blank": -0.5855867834776273,
        "text_only": 1.3295971533812851,
        "image_only": -1.0306844099015158,
        "both": 0.8844995269573958
      },
      "shapley": {
        "text": 1.915183936858912,
        "image": -0.44509762642388895,
        "interaction": -8.881784197001252e-16,
        "blank_to_both_delta": 1.470086310435023,
        "abs_total": 2.360281563282801,
        "text_utilization": 0.8114218094366571,
        "image_utilization": 0.1885781905633429
      }
    }
  },
  "intercept": -0.5855867834776273,
  "text_logit_contribution": 1.9151839368589134,
  "image_logit_contribution": -0.44509762642388734,
  "label_dependency_logit_contribution": 0.0,
  "top_text_features": [
    {
      "feature": "joan",
      "tfidf": 0.34846535325050354,
      "contribution": 0.2051266056549053
    },
    {
      "feature": "prison",
      "tfidf": 0.11333177983760834,
      "contribution": 0.19017459762271902
    },
    {
      "feature": "his",
      "tfidf": 0.07559783011674881,
      "contribution": 0.15472032129886715
    },
    {
      "feature": "the",
      "tfidf": 0.13437451422214508,
      "contribution": -0.1529654056829309
    },
    {
      "feature": "is",
      "tfidf": 0.12195800989866257,
      "contribution": 0.15188323402162543
    },
    {
      "feature": "based",
      "tfidf": 0.053274232894182205,
      "contribution": 0.1258612609855684
    },
    {
      "feature": "eddie",
      "tfidf": 0.6065381169319153,
      "contribution": 0.10365038350496604
    },
    {
      "feature": "life",
      "tfidf": 0.03177948668599129,
      "contribution": 0.09575761001631224
    },
    {
      "feature": "in",
      "tfidf": 0.04695983976125717,
      "contribution": 0.0926151897434527
    },
    {
      "feature": "graham",
      "tfidf": 0.08879372477531433,
      "contribution": 0.09141274642160484
    },
    {
      "feature": "small",
      "tfidf": 0.04857628792524338,
      "contribution": 0.08880875344773538
    },
    {
      "feature": "public",
      "tfidf": 0.063285231590271,
      "contribution": 0.08295516524163218
    }
  ],
  "top_image_features": [
    {
      "feature": "thumbnail_y15_x2",
      "value": 1.5195012092590332,
      "contribution": -0.6459828282449833
    },
    {
      "feature": "thumbnail_y15_x1",
      "value": 1.5818887948989868,
      "contribution": 0.5620479428482085
    },
    {
      "feature": "thumbnail_y0_x5",
      "value": 1.4113097190856934,
      "contribution": 0.5344803178599793
    },
    {
      "feature": "thumbnail_y18_x1",
      "value": 1.6165821552276611,
      "contribution": 0.47001473007158096
    },
    {
      "feature": "thumbnail_y17_x1",
      "value": 1.6188410520553589,
      "contribution": -0.462305471627741
    },
    {
      "feature": "thumbnail_y9_x30",
      "value": 1.279571771621704,
      "contribution": 0.41658785724169795
    },
    {
      "feature": "thumbnail_y5_x2",
      "value": 1.2966499328613281,
      "contribution": -0.4084876145996721
    },
    {
      "feature": "thumbnail_y12_x3",
      "value": 1.7007529735565186,
      "contribution": -0.4003104857696961
    },
    {
      "feature": "thumbnail_y11_x3",
      "value": 1.6915889978408813,
      "contribution": 0.36840508857738297
    },
    {
      "feature": "thumbnail_y7_x0",
      "value": 1.4408409595489502,
      "contribution": 0.3599409609004541
    },
    {
      "feature": "thumbnail_y14_x2",
      "value": 1.6115869283676147,
      "contribution": 0.35421820515031915
    },
    {
      "feature": "thumbnail_y6_x2",
      "value": 1.3118857145309448,
      "contribution": 0.3483344058947559
    }
  ],
  "label_dependency_contributions": [],
  "performance": {
    "measurements": [
      {
        "name": "classic_modality_shapley_idx_44_Drama",
        "wall_time_s": 0.029592400009278208,
        "process_cpu_time_s": 0.03125,
        "process_cpu_util_percent": 105.60143817399765,
        "rss_start_mb": 340.42578125,
        "rss_end_mb": 340.44140625,
        "rss_delta_mb": 0.015625,
        "rss_peak_mb": 340.4453125,
        "cuda_start": {
          "cuda_available": false,
          "cuda_error": "ModuleNotFoundError: No module named 'torch'"
        },
        "cuda_end": {
          "cuda_available": false,
          "cuda_error": "ModuleNotFoundError: No module named 'torch'"
        }
      },
      {
        "name": "classic_modality_shapley_visualization_idx_44_Drama",
        "wall_time_s": 0.12040839999099262,
        "process_cpu_time_s": 0.09375,
        "process_cpu_util_percent": 77.86001641663965,
        "rss_start_mb": 340.42578125,
        "rss_end_mb": 342.578125,
        "rss_delta_mb": 2.15234375,
        "rss_peak_mb": 344.4609375,
        "cuda_start": {
          "cuda_available": false,
          "cuda_error": "ModuleNotFoundError: No module named 'torch'"
        },
        "cuda_end": {
          "cuda_available": false,
          "cuda_error": "ModuleNotFoundError: No module named 'torch'"
        }
      },
      {
        "name": "classic_linear_contribution_idx_44_Drama",
        "wall_time_s": 0.0014628999924752861,
        "process_cpu_time_s": 0.0,
        "process_cpu_util_percent": 0.0,
        "rss_start_mb": 342.5625,
        "rss_end_mb": 342.5859375,
        "rss_delta_mb": 0.0234375,
        "rss_peak_mb": 342.58203125,
        "cuda_start": {
          "cuda_available": false,
          "cuda_error": "ModuleNotFoundError: No module named 'torch'"
        },
        "cuda_end": {
          "cuda_available": false,