{
  "index": 66,
  "target_genre": "Crime",
  "target_genres": [
    "Crime"
  ],
  "true_genres": [
    "Thriller",
    "Crime",
    "Mystery",
    "Film-Noir"
  ],
  "predicted_genres": [
    "Mystery",
    "Thriller",
    "Crime",
    "Comedy",
    "Drama"
  ],
  "probability": 0.6627981512821259,
  "top_probabilities": {
    "Mystery": 0.908561646938324,
    "Thriller": 0.808325469493866,
    "Crime": 0.6627981662750244,
    "Comedy": 0.578359842300415,
    "Drama": 0.5773690342903137
  },
  "target_selection": {
    "policy": "predicted",
    "target_indices": [
      9,
      3,
      4
    ],
    "target_genres": [
      "Mystery",
      "Thriller",
      "Crime"
    ],
    "all_selected_indices": [
      9,
      3,
      4,
      1,
      0
    ],
    "all_selected_genres": [
      "Mystery",
      "Thriller",
      "Crime",
      "Comedy",
      "Drama"
    ],
    "predicted_indices": [
      9,
      3,
      4,
      1,
      0
    ],
    "predicted_genres": [
      "Mystery",
      "Thriller",
      "Crime",
      "Comedy",
      "Drama"
    ],
    "threshold": [
      0.30000001192092896,
      0.44999998807907104,
      0.5,
      0.5,
      0.6000000238418579,
      0.550000011920929,
      0.6000000238418579,
      0.6000000238418579,
      0.6000000238418579,
      0.5,
      0.699999988079071,
      0.75,
      0.6000000238418579,
      0.699999988079071,
      0.6499999761581421,
      0.6000000238418579,
      0.6499999761581421,
      0.550000011920929,
      0.699999988079071,
      0.6000000238418579,
      0.6499999761581421,
      0.5,
      0.699999988079071
    ],
    "max_targets_per_sample": 3
  },
  "method": "linear_feature_contribution",
  "methods": [
    "linear_feature_contribution",
    "modality_shapley"
  ],
  "modality_shapley": {
    "method": "two_modality_shapley",
    "probability": {
      "values": {
        "blank": 0.19849919263820678,
        "text_only": 0.6539543577206928,
        "image_only": 0.20482943374787366,
        "both": 0.6627981512821259
      },
      "shapley": {
        "text": 0.4567119413083691,
        "image": 0.00758701733555002,
        "interaction": 0.0025135524517662933,
        "blank_to_both_delta": 0.4642989586439191,
        "abs_total": 0.4642989586439191,
        "text_utilization": 0.9836591980354437,
        "image_utilization": 0.016340801964556347
      }
    },
    "logit": {
      "values": {
        "blank": -1.395700946557475,
        "text_only": 0.6364668791440347,
        "image_only": -1.356379038076116,
        "both": 0.6757887876253867
      },
      "shapley": {
        "text": 2.0321678257015066,
        "image": 0.03932190848135553,
        "interaction": -6.8833827526759706e-15,
        "blank_to_both_delta": 2.0714897341828618,
        "abs_total": 2.071489734182862,
        "text_utilization": 0.9810175701899547,
        "image_utilization": 0.018982429810045276
      }
    }
  },
  "intercept": -1.395700946557475,
  "text_logit_contribution": 2.03216782570151,
  "image_logit_contribution": 0.03932190848135786,
  "label_dependency_logit_contribution": 0.0,
  "top_text_features": [
    {
      "feature": "killer",
      "tfidf": 0.08224843442440033,
      "contribution": 0.19271440424488034
    },
    {
      "feature": "piano",
      "tfidf": 0.11675776541233063,
      "contribution": 0.18001269728190364
    },
    {
      "feature": "love",
      "tfidf": 0.05254227668046951,
      "contribution": -0.16031358556250985
    },
    {
      "feature": "innocent",
      "tfidf": 0.09575844556093216,
      "contribution": 0.15531392597764831
    },
    {
      "feature": "guy",
      "tfidf": 0.09184525161981583,
      "contribution": 0.14761225639857536
    },
    {
      "feature": "execution",
      "tfidf": 0.11831364780664444,
      "contribution": 0.14252852609234148
    },
    {
      "feature": "nightclub",
      "tfidf": 0.11296746134757996,
      "contribution": 0.14216899837857827
    },
    {
      "feature": "meet",
      "tfidf": 0.07199624925851822,
      "contribution": -0.13387569781805997
    },
    {
      "feature": "marlowe",
      "tfidf": 0.13879013061523438,
      "contribution": 0.12924845003795057
    },
    {
      "feature": "killing",
      "tfidf": 0.08435004204511642,
      "contribution": 0.12338912261115008
    },
    {
      "feature": "to",
      "tfidf": 0.12342417240142822,
      "contribution": -0.12229874345432
    },
    {
      "feature": "suspect",
      "tfidf": 0.09686648100614548,
      "contribution": 0.12178027439030667
    }
  ],
  "top_image_features": [
    {
      "feature": "thumbnail_y11_x22",
      "value": 1.63600492477417,
      "contribution": 0.6430495663687319
    },
    {
      "feature": "thumbnail_y19_x27",
      "value": -0.9259094595909119,
      "contribution": -0.6090597806371386
    },
    {
      "feature": "thumbnail_y19_x28",
      "value": -0.9550156593322754,
      "contribution": 0.5719943984498406
    },
    {
      "feature": "thumbnail_y19_x24",
      "value": -1.2280759811401367,
      "contribution": -0.5326003586900577
    },
    {
      "feature": "thumbnail_y18_x24",
      "value": -1.3245619535446167,
      "contribution": 0.5320034303652452
    },
    {
      "feature": "thumbnail_y19_x5",
      "value": -0.7563329339027405,
      "contribution": 0.527187034835828
    },
    {
      "feature": "thumbnail_y19_x4",
      "value": -0.7936471104621887,
      "contribution": -0.49395396612778864
    },
    {
      "feature": "thumbnail_y18_x11",
      "value": -1.3490421772003174,
      "contribution": 0.48424320541205185
    },
    {
      "feature": "thumbnail_y10_x30",
      "value": -0.8625624179840088,
      "contribution": 0.41832204213850305
    },
    {
      "feature": "thumbnail_y12_x9",
      "value": -1.4580634832382202,
      "contribution": -0.40242385677694115
    },
    {
      "feature": "thumbnail_y19_x21",
      "value": -1.138181447982788,
      "contribution": 0.3857411588145436
    },
    {
      "feature": "thumbnail_y5_x4",
      "value": -1.100584626197815,
      "contribution": -0.37990291110417845
    }
  ],
  "label_dependency_contributions": [],
  "performance": {
    "measurements": [
      {
        "name": "classic_modality_shapley_idx_66_Crime",
        "wall_time_s": 0.031440478000149596,
        "process_cpu_time_s": 0.03157740799997555,
        "process_cpu_util_percent": 100.43552136778995,
        "rss_start_mb": 2052.7890625,
        "rss_end_mb": 2052.7890625,
        "rss_delta_mb": 0.0,
        "rss_peak_mb": 2052.79296875,
        "cuda_start": {
          "cuda_available": false
        },
        "cuda_end": {
          "cuda_available": false
        }
      },
      {
        "name": "classic_modality_shapley_visualization_idx_66_Crime",
        "wall_time_s": 0.12079364400051418,
        "process_cpu_time_s": 0.11436375800008136,
        "process_cpu_util_percent": 94.67696661224538,
        "rss_start_mb": 2052.7890625,
        "rss_end_mb": 2052.7890625,
        "rss_delta_mb": 0.0,
        "rss_peak_mb": 2052.79296875,
        "cuda_start": {
          "cuda_available": false
        },
        "cuda_end": {
          "cuda_available": false
        }
      },
      {
        "name": "classic_linear_contribution_idx_66_Crime",
        "wall_time_s": 0.0007408589999613469,
        "process_cpu_time_s": 0.0008489100000588223,
        "process_cpu_util_percent": 114.58455658946075,
        "rss_start_mb": 2052.7890625,
        "rss_end_mb": 2052.7890625,
        "rss_delta_mb": 0.0,
        "rss_peak_mb": 2052.79296875,
        "cuda_start": {
          "cuda_available": false
        },
        "cuda_end": {
          "cuda_available": false
        }
      },
      {
        "name": "classic_visualization_idx_66_Crime",
        "wall_time_s": 0.22538484899996547,
        "process_cpu_time_s": 0.2097826649999206,
        "process_cpu_util_percent": 93.07753645851888,
        "rss_start_mb": 2052.7890625,