{
  "index": 40,
  "target_genre": "Mystery",
  "target_genres": [
    "Mystery"
  ],
  "true_genres": [
    "Drama",
    "Thriller",
    "Crime",
    "Film-Noir"
  ],
  "predicted_genres": [
    "Thriller",
    "Mystery",
    "Drama"
  ],
  "probability": 0.6059768529749648,
  "top_probabilities": {
    "Thriller": 0.7116515636444092,
    "Mystery": 0.6059768795967102,
    "Drama": 0.5867097973823547,
    "Musical": 0.5460688471794128,
    "War": 0.5145760178565979
  },
  "target_selection": {
    "policy": "predicted",
    "target_indices": [
      3,
      9,
      0
    ],
    "target_genres": [
      "Thriller",
      "Mystery",
      "Drama"
    ],
    "all_selected_indices": [
      3,
      9,
      0
    ],
    "all_selected_genres": [
      "Thriller",
      "Mystery",
      "Drama"
    ],
    "predicted_indices": [
      3,
      9,
      0
    ],
    "predicted_genres": [
      "Thriller",
      "Mystery",
      "Drama"
    ],
    "threshold": [
      0.30000001192092896,
      0.44999998807907104,
      0.5,
      0.5,
      0.6000000238418579,
      0.550000011920929,
      0.6000000238418579,
      0.6000000238418579,
      0.6000000238418579,
      0.5,
      0.699999988079071,
      0.75,
      0.6000000238418579,
      0.699999988079071,
      0.6499999761581421,
      0.6000000238418579,
      0.6499999761581421,
      0.550000011920929,
      0.699999988079071,
      0.6000000238418579,
      0.6499999761581421,
      0.5,
      0.699999988079071
    ],
    "max_targets_per_sample": 3
  },
  "method": "linear_feature_contribution",
  "methods": [
    "linear_feature_contribution",
    "modality_shapley"
  ],
  "modality_shapley": {
    "method": "two_modality_shapley",
    "probability": {
      "values": {
        "blank": 0.10581774089238796,
        "text_only": 0.4112484251080348,
        "image_only": 0.20669680889110584,
        "both": 0.6059768529749648
      },
      "shapley": {
        "text": 0.3523553641497529,
        "image": 0.14780374793282397,
        "interaction": 0.09384935986821219,
        "blank_to_both_delta": 0.5001591120825769,
        "abs_total": 0.5001591120825768,
        "text_utilization": 0.7044865436572885,
        "image_utilization": 0.29551345634271164
      }
    },
    "logit": {
      "values": {
        "blank": -2.134191434983072,
        "text_only": -0.3588068477550732,
        "image_only": -1.3449524546659317,
        "both": 0.43043213256206725
      },
      "shapley": {
        "text": 1.775384587227999,
        "image": 0.7892389803171405,
        "interaction": 0.0,
        "blank_to_both_delta": 2.5646235675451394,
        "abs_total": 2.5646235675451394,
        "text_utilization": 0.6922593279166498,
        "image_utilization": 0.3077406720833502
      }
    }
  },
  "intercept": -2.134191434983072,
  "text_logit_contribution": 1.7753845872279985,
  "image_logit_contribution": 0.7892389803171413,
  "label_dependency_logit_contribution": 0.0,
  "top_text_features": [
    {
      "feature": "the",
      "tfidf": 0.16365055739879608,
      "contribution": 0.37958404526956496
    },
    {
      "feature": "police",
      "tfidf": 0.0646636113524437,
      "contribution": 0.28405023975527144
    },
    {
      "feature": "strange",
      "tfidf": 0.08105489611625671,
      "contribution": 0.2737925970404781
    },
    {
      "feature": "is",
      "tfidf": 0.07072804868221283,
      "contribution": 0.2597719742893168
    },
    {
      "feature": "found",
      "tfidf": 0.07327993214130402,
      "contribution": 0.23319743966260142
    },
    {
      "feature": "soon",
      "tfidf": 0.11741866916418076,
      "contribution": 0.22985856581053735
    },
    {
      "feature": "find",
      "tfidf": 0.05182434991002083,
      "contribution": 0.1889721474926661
    },
    {
      "feature": "information",
      "tfidf": 0.08969758450984955,
      "contribution": 0.17078843124050977
    },
    {
      "feature": "and",
      "tfidf": 0.15397119522094727,
      "contribution": -0.16579286739053833
    },
    {
      "feature": "that",
      "tfidf": 0.06046397611498833,
      "contribution": 0.1350066062217213
    },
    {
      "feature": "doug",
      "tfidf": 0.35472795367240906,
      "contribution": -0.12635697995071915
    },
    {
      "feature": "get",
      "tfidf": 0.10256162285804749,
      "contribution": -0.12634812265033066
    }
  ],
  "top_image_features": [
    {
      "feature": "thumbnail_y2_x30",
      "value": 1.6602482795715332,
      "contribution": -1.1185878441133545
    },
    {
      "feature": "thumbnail_y0_x31",
      "value": 1.59305739402771,
      "contribution": -1.0709381208291513
    },
    {
      "feature": "thumbnail_y6_x2",
      "value": -1.189541220664978,
      "contribution": 1.0364276275160071
    },
    {
      "feature": "thumbnail_y6_x1",
      "value": -1.2092008590698242,
      "contribution": -0.9890374315254399
    },
    {
      "feature": "thumbnail_y6_x0",
      "value": -1.1144847869873047,
      "contribution": 0.8493336075645953
    },
    {
      "feature": "thumbnail_y0_x30",
      "value": 1.590397596359253,
      "contribution": 0.8454001790848097
    },
    {
      "feature": "thumbnail_y11_x27",
      "value": 1.655608892440796,
      "contribution": 0.7538608919812609
    },
    {
      "feature": "thumbnail_y5_x27",
      "value": 1.4729493856430054,
      "contribution": -0.7332204564028435
    },
    {
      "feature": "thumbnail_y17_x30",
      "value": 1.7575076818466187,
      "contribution": 0.668017234879578
    },
    {
      "feature": "thumbnail_y15_x27",
      "value": 1.9003814458847046,
      "contribution": 0.5904473857870314
    },
    {
      "feature": "thumbnail_y5_x0",
      "value": -1.1997133493423462,
      "contribution": -0.5481535135667825
    },
    {
      "feature": "thumbnail_y15_x30",
      "value": 1.573858618736267,
      "contribution": -0.5316267794084529
    }
  ],
  "label_dependency_contributions": [],
  "performance": {
    "measurements": [
      {
        "name": "classic_modality_shapley_idx_40_Mystery",
        "wall_time_s": 0.024076749000414566,
        "process_cpu_time_s": 0.023849509999990914,
        "process_cpu_util_percent": 99.05618902111851,
        "rss_start_mb": 2212.7109375,
        "rss_end_mb": 2212.7109375,
        "rss_delta_mb": 0.0,
        "rss_peak_mb": 2212.71484375,
        "cuda_start": {
          "cuda_available": false
        },
        "cuda_end": {
          "cuda_available": false
        }
      },
      {
        "name": "classic_modality_shapley_visualization_idx_40_Mystery",
        "wall_time_s": 0.1484220729998924,
        "process_cpu_time_s": 0.12346297699991737,
        "process_cpu_util_percent": 83.18370341048052,
        "rss_start_mb": 2212.7109375,
        "rss_end_mb": 2212.7109375,
        "rss_delta_mb": 0.0,
        "rss_peak_mb": 2212.71484375,
        "cuda_start": {
          "cuda_available": false
        },
        "cuda_end": {
          "cuda_available": false
        }
      },
      {
        "name": "classic_linear_contribution_idx_40_Mystery",
        "wall_time_s": 0.000770089000070584,
        "process_cpu_time_s": 0.0008665509999445931,
        "process_cpu_util_percent": 112.52608462985027,
        "rss_start_mb": 2212.7109375,
        "rss_end_mb": 2212.7109375,
        "rss_delta_mb": 0.0,
        "rss_peak_mb": 2212.71484375,
        "cuda_start": {
          "cuda_available": false
        },
        "cuda_end": {
          "cuda_available": false
        }
      },
      {
        "name": "classic_visualization_idx_40_Mystery",
        "wall_time_s": 0.21502029800012679,
        "process_cpu_time_s": 0.19910873300000276,
        "process_cpu_util_percent": 92.59997072457101,
        "rss_start_mb": 2212.7109375,
        "rss_end_mb": 2212.9140625,
        "rss_delta_mb": 0.203125,
        "rss_peak_mb": 2212.91015625,
        "cuda_start": {
          "cuda_available": false
        },