{
  "index": 18437,
  "target_genre": "Drama",
  "target_genres": [
    "Drama"
  ],
  "true_genres": [
    "Drama",
    "Sport"
  ],
  "predicted_genres": [
    "Thriller",
    "Drama",
    "Action",
    "Crime"
  ],
  "probability": 0.7326884072421666,
  "top_probabilities": {
    "Thriller": 0.7346489429473877,
    "Drama": 0.7326884269714355,
    "Action": 0.6406503319740295,
    "Crime": 0.614486038684845,
    "Horror": 0.27866634726524353
  },
  "target_selection": {
    "policy": "predicted",
    "target_indices": [
      3,
      0,
      5
    ],
    "target_genres": [
      "Thriller",
      "Drama",
      "Action"
    ],
    "all_selected_indices": [
      3,
      0,
      5,
      4
    ],
    "all_selected_genres": [
      "Thriller",
      "Drama",
      "Action",
      "Crime"
    ],
    "predicted_indices": [
      3,
      0,
      5,
      4
    ],
    "predicted_genres": [
      "Thriller",
      "Drama",
      "Action",
      "Crime"
    ],
    "threshold": [
      0.30000001192092896,
      0.44999998807907104,
      0.5,
      0.5,
      0.6000000238418579,
      0.550000011920929,
      0.6000000238418579,
      0.6000000238418579,
      0.6000000238418579,
      0.5,
      0.699999988079071,
      0.75,
      0.6000000238418579,
      0.699999988079071,
      0.6499999761581421,
      0.6000000238418579,
      0.6499999761581421,
      0.550000011920929,
      0.699999988079071,
      0.6000000238418579,
      0.6499999761581421,
      0.5,
      0.699999988079071
    ],
    "max_targets_per_sample": 3
  },
  "method": "linear_feature_contribution",
  "methods": [
    "linear_feature_contribution",
    "modality_shapley"
  ],
  "modality_shapley": {
    "method": "two_modality_shapley",
    "probability": {
      "values": {
        "blank": 0.35764809053502844,
        "text_only": 0.6935623055748855,
        "image_only": 0.40272880445912007,
        "both": 0.7326884072421666
      },
      "shapley": {
        "text": 0.3329369089114518,
        "image": 0.04210340779568633,
        "interaction": -0.005954612256810599,
        "blank_to_both_delta": 0.3750403167071381,
        "abs_total": 0.3750403167071381,
        "text_utilization": 0.8877363154837454,
        "image_utilization": 0.11226368451625451
      }
    },
    "logit": {
      "values": {
        "blank": -0.5855867834776273,
        "text_only": 0.8168266240522447,
        "image_only": -0.39410788050262807,
        "both": 1.0083055270272459
      },
      "shapley": {
        "text": 1.402413407529873,
        "image": 0.19147890297500017,
        "interaction": 1.887379141862766e-15,
        "blank_to_both_delta": 1.5938923105048732,
        "abs_total": 1.5938923105048732,
        "text_utilization": 0.8798671016146955,
        "image_utilization": 0.12013289838530451
      }
    }
  },
  "intercept": -0.5855867834776273,
  "text_logit_contribution": 1.402413407529872,
  "image_logit_contribution": 0.19147890297500092,
  "label_dependency_logit_contribution": 0.0,
  "top_text_features": [
    {
      "feature": "frankie",
      "tfidf": 0.4090648889541626,
      "contribution": 0.31476277242446044
    },
    {
      "feature": "his",
      "tfidf": 0.1441188007593155,
      "contribution": 0.294956973292128
    },
    {
      "feature": "that",
      "tfidf": 0.10221890360116959,
      "contribution": -0.1653460070313839
    },
    {
      "feature": "life",
      "tfidf": 0.048467233777046204,
      "contribution": 0.14604095139893095
    },
    {
      "feature": "the",
      "tfidf": 0.12296158075332642,
      "contribution": -0.13997347779990946
    },
    {
      "feature": "close",
      "tfidf": 0.08985820412635803,
      "contribution": 0.12962791948541175
    },
    {
      "feature": "been",
      "tfidf": 0.12404303252696991,
      "contribution": -0.12317848628031285
    },
    {
      "feature": "past",
      "tfidf": 0.08074316382408142,
      "contribution": 0.11722084842389732
    },
    {
      "feature": "teaches",
      "tfidf": 0.12169011682271957,
      "contribution": 0.10092305591351258
    },
    {
      "feature": "in",
      "tfidf": 0.0477459654211998,
      "contribution": 0.09416560340601912
    },
    {
      "feature": "during",
      "tfidf": 0.06916666030883789,
      "contribution": 0.09286857097157653
    },
    {
      "feature": "get",
      "tfidf": 0.057796042412519455,
      "contribution": -0.09271281375778545
    }
  ],
  "top_image_features": [
    {
      "feature": "thumbnail_y15_x2",
      "value": -1.4648332595825195,
      "contribution": 0.6227419406884611
    },
    {
      "feature": "thumbnail_y1_x5",
      "value": -1.666576623916626,
      "contribution": 0.6182184841487703
    },
    {
      "feature": "thumbnail_y0_x5",
      "value": -1.4666996002197266,
      "contribution": -0.5554571458902744
    },
    {
      "feature": "thumbnail_y15_x1",
      "value": -1.4261723756790161,
      "contribution": -0.5067216181580696
    },
    {
      "feature": "thumbnail_y0_x26",
      "value": -1.5907474756240845,
      "contribution": -0.5028183940060218
    },
    {
      "feature": "thumbnail_y18_x21",
      "value": -1.1206636428833008,
      "contribution": -0.4946661022307152
    },
    {
      "feature": "thumbnail_y9_x30",
      "value": -1.5143566131591797,
      "contribution": -0.4930263315954796
    },
    {
      "feature": "thumbnail_y19_x9",
      "value": -1.3531100749969482,
      "contribution": -0.47685177493917685
    },
    {
      "feature": "thumbnail_y19_x11",
      "value": -1.3812859058380127,
      "contribution": 0.47121282441912016
    },
    {
      "feature": "thumbnail_y19_x28",
      "value": -1.2585779428482056,
      "contribution": 0.46926257673200544
    },
    {
      "feature": "thumbnail_y8_x24",
      "value": -1.6366748809814453,
      "contribution": -0.46393470424731637
    },
    {
      "feature": "top_right_G_hist_bin_0",
      "value": 3.5025973320007324,
      "contribution": 0.43874086048344635
    }
  ],
  "label_dependency_contributions": [],
  "performance": {
    "measurements": [
      {
        "name": "classic_modality_shapley_idx_18437_Drama",
        "wall_time_s": 0.02592092000008961,
        "process_cpu_time_s": 0.026038254999999566,
        "process_cpu_util_percent": 100.45266525998903,
        "rss_start_mb": 967.79296875,
        "rss_end_mb": 967.79296875,
        "rss_delta_mb": 0.0,
        "rss_peak_mb": 967.796875,
        "cuda_start": {
          "cuda_available": true,
          "cuda_device": "NVIDIA A100-SXM4-40GB",
          "cuda_allocated_mb": 0.0,
          "cuda_reserved_mb": 0.0,
          "cuda_peak_allocated_mb": 0.0,
          "cuda_peak_reserved_mb": 0.0
        },
        "cuda_end": {
          "cuda_available": true,
          "cuda_device": "NVIDIA A100-SXM4-40GB",
          "cuda_allocated_mb": 0.0,
          "cuda_reserved_mb": 0.0,
          "cuda_peak_allocated_mb": 0.0,
          "cuda_peak_reserved_mb": 0.0
        }
      },
      {
        "name": "classic_modality_shapley_visualization_idx_18437_Drama",
        "wall_time_s": 0.15872222699999838,
        "process_cpu_time_s": 0.1541290640000028,
        "process_cpu_util_percent": 97.10616270524253,
        "rss_start_mb": 967.79296875,
        "rss_end_mb": 967.85546875,
        "rss_delta_mb": 0.0625,
        "rss_peak_mb": 967.859375,
        "cuda_start": {
          "cuda_available": true,
          "cuda_device": "NVIDIA A100-SXM4-40GB",
          "cuda_allocated_mb": 0.0,
          "cuda_reserved_mb": 0.0,
          "cuda_peak_allocated_mb": 0.0,
          "cuda_peak_reserved_mb": 0.0
        },
        "cuda_end": {
          "cuda_available": true,
          "cuda_device": "NVIDIA A100-SXM4-40GB",
          "cuda_allocated_mb": 0.0,
          "cuda_reserved_mb": 0.0,
          "cuda_peak_allocated_mb": 0.0,
          "cuda_peak_reserved_mb": 0.0
        }
      },
      {
        "name": "classic_linear_contribution_idx_18437_Drama",