{
  "index": 16,
  "target_genre": "Action",
  "target_genres": [
    "Action"
  ],
  "true_genres": [
    "Drama",
    "Thriller",
    "Crime",
    "Mystery",
    "Film-Noir"
  ],
  "predicted_genres": [
    "Action",
    "Thriller",
    "Crime",
    "Mystery",
    "Drama"
  ],
  "probability": 0.8897483348846436,
  "top_probabilities": {
    "Action": 0.8897483348846436,
    "Thriller": 0.8324973583221436,
    "Crime": 0.8018249273300171,
    "War": 0.7832969427108765,
    "Horror": 0.6877582669258118
  },
  "threshold": [
    0.36000001430511475,
    0.44999998807907104,
    0.5,
    0.5899999737739563,
    0.5400000214576721,
    0.7599999904632568,
    0.6899999976158142,
    0.8199999928474426,
    0.7200000286102295,
    0.6299999952316284,
    0.7799999713897705,
    0.7400000095367432,
    0.8100000023841858,
    0.6000000238418579,
    0.8899999856948853,
    0.7599999904632568,
    0.550000011920929,
    0.8999999761581421,
    0.7799999713897705,
    0.9700000286102295,
    0.7699999809265137,
    0.8899999856948853,
    0.9399999976158142
  ],
  "target_selection": {
    "policy": "predicted",
    "target_indices": [
      5,
      3,
      4
    ],
    "target_genres": [
      "Action",
      "Thriller",
      "Crime"
    ],
    "all_selected_indices": [
      5,
      3,
      4,
      9,
      0
    ],
    "all_selected_genres": [
      "Action",
      "Thriller",
      "Crime",
      "Mystery",
      "Drama"
    ],
    "predicted_indices": [
      5,
      3,
      4,
      9,
      0
    ],
    "predicted_genres": [
      "Action",
      "Thriller",
      "Crime",
      "Mystery",
      "Drama"
    ],
    "threshold": [
      0.36000001430511475,
      0.44999998807907104,
      0.5,
      0.5899999737739563,
      0.5400000214576721,
      0.7599999904632568,
      0.6899999976158142,
      0.8199999928474426,
      0.7200000286102295,
      0.6299999952316284,
      0.7799999713897705,
      0.7400000095367432,
      0.8100000023841858,
      0.6000000238418579,
      0.8899999856948853,
      0.7599999904632568,
      0.550000011920929,
      0.8999999761581421,
      0.7799999713897705,
      0.9700000286102295,
      0.7699999809265137,
      0.8899999856948853,
      0.9399999976158142
    ],
    "max_targets_per_sample": 3
  },
  "methods": [
    "IntegratedGradients_image_pixels",
    "image_occlusion_sensitivity",
    "experimental_label_correlation_head"
  ],
  "top_tokens": [],
  "gate_mean": null,
  "gate_std": null,
  "config": {
    "model_name": "neural_efficientnet_b0_image_only_unfrozen_lr1e4",
    "modality": "image_only",
    "text_encoder": "bigru_attention",
    "image_encoder": "efficientnet_b0",
    "fusion": "gmu",
    "hidden_dim": 256,
    "text_cnn_channels": 128,
    "text_cnn_kernels": [
      3,
      4,
      5
    ],
    "text_rnn_hidden_dim": 128,
    "text_rnn_layers": 1,
    "text_rnn_dropout": 0.2,
    "text_attention_dim": 128,
    "text_transformer_layers": 2,
    "text_transformer_heads": 6,
    "text_transformer_ff_dim": 512,
    "text_transformer_dropout": 0.1,
    "pretrained_image": false,
    "freeze_image_backbone": false,
    "batch_size": 16,
    "epochs": 10,
    "learning_rate": 0.0001,
    "weight_decay": 0.01,
    "num_workers": 0,
    "patience": 3,
    "threshold_metric": "macro_f1",
    "threshold_strategy": "per_label",
    "threshold_min": 0.01,
    "threshold_max": 0.99,
    "threshold_steps": 99,
    "loss": "bce",
    "focal_gamma": 2.0,
    "pos_weight_clip": null,
    "scheduler": "plateau",
    "scheduler_factor": 0.5,
    "scheduler_patience": 1,
    "min_learning_rate": 1e-06,
    "enable_label_correlation": true,
    "max_length": 512,
    "input_size": 224,
    "freeze_embeddings": false
  },
  "performance": {
    "measurements": [
      {
        "name": "neural_image_integrated_gradients_idx_16_Action",
        "wall_time_s": 1.158866145000502,
        "process_cpu_time_s": 1.1574691099999654,
        "process_cpu_util_percent": 99.87944811343714,
        "rss_start_mb": 3327.68359375,
        "rss_end_mb": 3452.546875,
        "rss_delta_mb": 124.86328125,
        "rss_peak_mb": 3499.328125,
        "cuda_start": {
          "cuda_available": false
        },
        "cuda_end": {
          "cuda_available": false
        }
      },
      {
        "name": "neural_image_ig_visualization_idx_16_Action",
        "wall_time_s": 0.04231009999966773,
        "process_cpu_time_s": 0.021866117999707058,
        "process_cpu_util_percent": 51.68061053951368,
        "rss_start_mb": 3452.546875,
        "rss_end_mb": 3452.546875,
        "rss_delta_mb": 0.0,
        "rss_peak_mb": 3452.55078125,
        "cuda_start": {
          "cuda_available": false
        },
        "cuda_end": {
          "cuda_available": false
        }
      },
      {
        "name": "neural_image_occlusion_idx_16_Action",
        "wall_time_s": 0.7352398740003991,
        "process_cpu_time_s": 0.7022315429999253,
        "process_cpu_util_percent": 95.51053579005756,
        "rss_start_mb": 3452.546875,
        "rss_end_mb": 3327.68359375,
        "rss_delta_mb": -124.86328125,
        "rss_peak_mb": 3452.546875,
        "cuda_start": {
          "cuda_available": false
        },
        "cuda_end": {
          "cuda_available": false
        }
      },
      {
        "name": "neural_image_occlusion_visualization_idx_16_Action",
        "wall_time_s": 0.03673644899936335,
        "process_cpu_time_s": 0.02384369199990033,
        "process_cpu_util_percent": 64.90472718338549,
        "rss_start_mb": 3327.68359375,
        "rss_end_mb": 3327.68359375,
        "rss_delta_mb": 0.0,
        "rss_peak_mb": 3327.6875,
        "cuda_start": {
          "cuda_available": false
        },
        "cuda_end": {
          "cuda_available": false
        }
      }
    ],
    "summary": {
      "count": 4,
      "total_wall_time_s": 1.9731525679999322,
      "mean_wall_time_s": 0.49328814199998305,
      "total_process_cpu_time_s": 1.9054104629994981,
      "mean_process_cpu_util_percent": 77.99383040659846,
      "max_rss_peak_mb": 3499.328125
    }
  },
  "image_occlusion": {
    "baseline_probability": 0.8897483348846436,
    "baseline_logit": 2.0881733894348145,
    "grid_size": 4,
    "top_patches": [
      {
        "row": 3,
        "col": 2,
        "y0": 168,
        "y1": 224,
        "x0": 112,
        "x1": 168,
        "occluded_probability": 0.8490208387374878,
        "probability_delta": 0.04072749614715576,
        "occluded_logit": 1.7269420623779297,
        "logit_delta": 0.36123132705688477
      },
      {
        "row": 2,
        "col": 2,
        "y0": 112,
        "y1": 168,
        "x0": 112,
        "x1": 168,
        "occluded_probability": 0.8599966168403625,
        "probability_delta": 0.029751718044281006,
        "occluded_logit": 1.815261721611023,
        "logit_delta": 0.2729116678237915
      },
      {
        "row": 2,
        "col": 3,
        "y0": 112,
        "y1": 168,
        "x0": 168,
        "x1": 224,
        "occluded_probability": 0.9071530699729919,
        "probability_delta": -0.01740473508834839,
        "occluded_logit": 2.2793591022491455,
        "logit_delta": -0.19118571281433105
      },
      {
        "row": 1,
        "col": 0,
        "y0": 56,
        "y1": 112,
        "x0": 0,
        "x1": 56,
        "occluded_probability": 0.8748804926872253,
        "probability_delta": 0.014867842197418213,
        "occluded_logit": 1.9448177814483643,
        "logit_delta": 0.1433556079864502
      },
      {
        "row": 1,
        "col": 2,
        "y0": 56,
        "y1": 112,
        "x0": 112,
        "x1": 168,
        "occluded_probability": 0.875232458114624,
        "probability_delta": 0.014515876770019531,
        "occluded_logit": 1.9480373859405518,
        "logit_delta": 0.1401360034942627
      },
      {
        "row": 0,
        "col": 3,
        "y0": 0,
        "y1": 56,
        "x0": 168,
        "x1": 224,