{
  "index": 29,
  "target_genre": "Crime",
  "target_genres": [
    "Crime"
  ],
  "true_genres": [
    "Thriller",
    "Crime",
    "Film-Noir"
  ],
  "predicted_genres": [
    "Film-Noir",
    "Crime",
    "Comedy",
    "Thriller",
    "Romance",
    "Action",
    "Drama"
  ],
  "probability": 0.6780931637438564,
  "top_probabilities": {
    "Film-Noir": 0.9800414443016052,
    "Crime": 0.6780931353569031,
    "Comedy": 0.6718892455101013,
    "Thriller": 0.667786180973053,
    "Romance": 0.6534234881401062
  },
  "target_selection": {
    "policy": "predicted",
    "target_indices": [
      22,
      4,
      1
    ],
    "target_genres": [
      "Film-Noir",
      "Crime",
      "Comedy"
    ],
    "all_selected_indices": [
      22,
      4,
      1,
      3,
      2,
      5,
      0
    ],
    "all_selected_genres": [
      "Film-Noir",
      "Crime",
      "Comedy",
      "Thriller",
      "Romance",
      "Action",
      "Drama"
    ],
    "predicted_indices": [
      22,
      4,
      1,
      3,
      2,
      5,
      0
    ],
    "predicted_genres": [
      "Film-Noir",
      "Crime",
      "Comedy",
      "Thriller",
      "Romance",
      "Action",
      "Drama"
    ],
    "threshold": [
      0.30000001192092896,
      0.44999998807907104,
      0.5,
      0.5,
      0.6000000238418579,
      0.550000011920929,
      0.6000000238418579,
      0.6000000238418579,
      0.6000000238418579,
      0.5,
      0.699999988079071,
      0.75,
      0.6000000238418579,
      0.699999988079071,
      0.6499999761581421,
      0.6000000238418579,
      0.6499999761581421,
      0.550000011920929,
      0.699999988079071,
      0.6000000238418579,
      0.6499999761581421,
      0.5,
      0.699999988079071
    ],
    "max_targets_per_sample": 3
  },
  "method": "linear_feature_contribution",
  "methods": [
    "linear_feature_contribution",
    "modality_shapley"
  ],
  "modality_shapley": {
    "method": "two_modality_shapley",
    "probability": {
      "values": {
        "blank": 0.19849919263820678,
        "text_only": 0.32932275274392914,
        "image_only": 0.5151381978510323,
        "both": 0.6780931637438564
      },
      "shapley": {
        "text": 0.14688926299927324,
        "image": 0.3327047081063764,
        "interaction": 0.03213140578710175,
        "blank_to_both_delta": 0.4795939711056496,
        "abs_total": 0.47959397110564966,
        "text_utilization": 0.30627837681244546,
        "image_utilization": 0.6937216231875546
      }
    },
    "logit": {
      "values": {
        "blank": -1.395700946557475,
        "text_only": -0.7112497373859187,
        "image_only": 0.06057130369690067,
        "both": 0.7450225128684569
      },
      "shapley": {
        "text": 0.6844512091715562,
        "image": 1.4562722502543757,
        "interaction": 0.0,
        "blank_to_both_delta": 2.140723459425932,
        "abs_total": 2.140723459425932,
        "text_utilization": 0.3197289244240367,
        "image_utilization": 0.6802710755759632
      }
    }
  },
  "intercept": -1.395700946557475,
  "text_logit_contribution": 0.6844512091715562,
  "image_logit_contribution": 1.456272250254376,
  "label_dependency_logit_contribution": 0.0,
  "top_text_features": [
    {
      "feature": "corruption",
      "tfidf": 0.1418513059616089,
      "contribution": 0.28953728597824985
    },
    {
      "feature": "revenge",
      "tfidf": 0.10757691413164139,
      "contribution": 0.26173353171541813
    },
    {
      "feature": "mary",
      "tfidf": 0.3586784601211548,
      "contribution": -0.24740435993799056
    },
    {
      "feature": "book",
      "tfidf": 0.2301931232213974,
      "contribution": -0.2445981040606405
    },
    {
      "feature": "mike",
      "tfidf": 0.25340378284454346,
      "contribution": 0.24186519263301207
    },
    {
      "feature": "is",
      "tfidf": 0.09391797333955765,
      "contribution": 0.19437660034234774
    },
    {
      "feature": "him",
      "tfidf": 0.1493057906627655,
      "contribution": 0.16204507240282642
    },
    {
      "feature": "he",
      "tfidf": 0.19275902211666107,
      "contribution": 0.1540435576895819
    },
    {
      "feature": "up",
      "tfidf": 0.11409208923578262,
      "contribution": 0.14802265102982604
    },
    {
      "feature": "away",
      "tfidf": 0.08815450966358185,
      "contribution": -0.12446698851543468
    },
    {
      "feature": "the",
      "tfidf": 0.1207263395190239,
      "contribution": -0.12219494659332
    },
    {
      "feature": "crooked",
      "tfidf": 0.15701138973236084,
      "contribution": 0.11084225291841024
    }
  ],
  "top_image_features": [
    {
      "feature": "thumbnail_y19_x5",
      "value": 1.7016533613204956,
      "contribution": -1.1861040947191277
    },
    {
      "feature": "thumbnail_y19_x27",
      "value": 1.7183557748794556,
      "contribution": 1.1303280039573689
    },
    {
      "feature": "thumbnail_y19_x4",
      "value": 1.6954007148742676,
      "contribution": 1.0551917801355502
    },
    {
      "feature": "thumbnail_y19_x28",
      "value": 1.7163320779800415,
      "contribution": -1.0279751173617016
    },
    {
      "feature": "thumbnail_y19_x24",
      "value": 1.7233327627182007,
      "contribution": 0.7473866940333113
    },
    {
      "feature": "thumbnail_y19_x6",
      "value": 1.7054728269577026,
      "contribution": 0.6672434145538826
    },
    {
      "feature": "thumbnail_y19_x21",
      "value": 1.7395515441894531,
      "contribution": -0.5895515426494772
    },
    {
      "feature": "thumbnail_y19_x29",
      "value": 1.7159826755523682,
      "contribution": 0.5867855085043723
    },
    {
      "feature": "thumbnail_y14_x23",
      "value": -1.6643338203430176,
      "contribution": 0.5657551844095525
    },
    {
      "feature": "thumbnail_y14_x22",
      "value": -1.68021821975708,
      "contribution": -0.5578312628172453
    },
    {
      "feature": "thumbnail_y11_x22",
      "value": -1.4138070344924927,
      "contribution": -0.555712263876563
    },
    {
      "feature": "thumbnail_y11_x21",
      "value": -1.266948938369751,
      "contribution": 0.5382024981776924
    }
  ],
  "label_dependency_contributions": [],
  "performance": {
    "measurements": [
      {
        "name": "classic_modality_shapley_idx_29_Crime",
        "wall_time_s": 0.029511500004446134,
        "process_cpu_time_s": 0.03125,
        "process_cpu_util_percent": 105.89092386117936,
        "rss_start_mb": 348.62109375,
        "rss_end_mb": 348.63671875,
        "rss_delta_mb": 0.015625,
        "rss_peak_mb": 348.640625,
        "cuda_start": {
          "cuda_available": false,
          "cuda_error": "ModuleNotFoundError: No module named 'torch'"
        },
        "cuda_end": {
          "cuda_available": false,
          "cuda_error": "ModuleNotFoundError: No module named 'torch'"
        }
      },
      {
        "name": "classic_modality_shapley_visualization_idx_29_Crime",
        "wall_time_s": 0.11869579998892732,
        "process_cpu_time_s": 0.109375,
        "process_cpu_util_percent": 92.14732114380053,
        "rss_start_mb": 348.62109375,
        "rss_end_mb": 347.23828125,
        "rss_delta_mb": -1.3828125,
        "rss_peak_mb": 349.12109375,
        "cuda_start": {
          "cuda_available": false,
          "cuda_error": "ModuleNotFoundError: No module named 'torch'"
        },
        "cuda_end": {
          "cuda_available": false,
          "cuda_error": "ModuleNotFoundError: No module named 'torch'"
        }
      },
      {
        "name": "classic_linear_contribution_idx_29_Crime",
        "wall_time_s": 0.0015501999878324568,
        "process_cpu_time_s": 0.0,
        "process_cpu_util_percent": 0.0,
        "rss_start_mb": 347.22265625,
        "rss_end_mb": 347.23828125,
        "rss_delta_mb": 0.015625,
        "rss_peak_mb": 347.2421875,
        "cuda_start": {
          "cuda_available": false,