{
  "index": 15613,
  "target_genre": "Comedy",
  "target_genres": [
    "Comedy"
  ],
  "true_genres": [
    "Family",
    "Animation",
    "Musical",
    "Short"
  ],
  "predicted_genres": [
    "Comedy",
    "Adventure",
    "Drama"
  ],
  "probability": 0.7868847723895668,
  "top_probabilities": {
    "Comedy": 0.7868847846984863,
    "Adventure": 0.7117463946342468,
    "Family": 0.5388792753219604,
    "Thriller": 0.45215028524398804,
    "Romance": 0.3373255729675293
  },
  "target_selection": {
    "policy": "predicted",
    "target_indices": [
      1,
      6,
      0
    ],
    "target_genres": [
      "Comedy",
      "Adventure",
      "Drama"
    ],
    "all_selected_indices": [
      1,
      6,
      0
    ],
    "all_selected_genres": [
      "Comedy",
      "Adventure",
      "Drama"
    ],
    "predicted_indices": [
      1,
      6,
      0
    ],
    "predicted_genres": [
      "Comedy",
      "Adventure",
      "Drama"
    ],
    "threshold": [
      0.30000001192092896,
      0.44999998807907104,
      0.5,
      0.5,
      0.6000000238418579,
      0.550000011920929,
      0.6000000238418579,
      0.6000000238418579,
      0.6000000238418579,
      0.5,
      0.699999988079071,
      0.75,
      0.6000000238418579,
      0.699999988079071,
      0.6499999761581421,
      0.6000000238418579,
      0.6499999761581421,
      0.550000011920929,
      0.699999988079071,
      0.6000000238418579,
      0.6499999761581421,
      0.5,
      0.699999988079071
    ],
    "max_targets_per_sample": 3
  },
  "method": "linear_feature_contribution",
  "methods": [
    "linear_feature_contribution",
    "modality_shapley"
  ],
  "modality_shapley": {
    "method": "two_modality_shapley",
    "probability": {
      "values": {
        "blank": 0.46548381070372413,
        "text_only": 0.4901295501708545,
        "image_only": 0.769847632463203,
        "both": 0.7868847723895668
      },
      "shapley": {
        "text": 0.020841439696747094,
        "image": 0.3005595219890955,
        "interaction": -0.007608599540766592,
        "blank_to_both_delta": 0.32140096168584265,
        "abs_total": 0.32140096168584265,
        "text_utilization": 0.06484560465353809,
        "image_utilization": 0.9351543953464618
      }
    },
    "logit": {
      "values": {
        "blank": -0.1382847008630071,
        "text_only": -0.039486929242908,
        "image_only": 1.2074510582092757,
        "both": 1.3062488298293753
      },
      "shapley": {
        "text": 0.09879777162009935,
        "image": 1.3457357590722832,
        "interaction": 6.106226635438361e-16,
        "blank_to_both_delta": 1.4445335306923823,
        "abs_total": 1.4445335306923826,
        "text_utilization": 0.06839423905428099,
        "image_utilization": 0.931605760945719
      }
    }
  },
  "intercept": -0.1382847008630071,
  "text_logit_contribution": 0.09879777162009915,
  "image_logit_contribution": 1.3457357590722832,
  "label_dependency_logit_contribution": 0.0,
  "top_text_features": [
    {
      "feature": "the",
      "tfidf": 0.2574087977409363,
      "contribution": -0.35473794918106294
    },
    {
      "feature": "so",
      "tfidf": 0.09435131400823593,
      "contribution": 0.24501201707221848
    },
    {
      "feature": "young",
      "tfidf": 0.08486711233854294,
      "contribution": -0.2159680104076194
    },
    {
      "feature": "trip",
      "tfidf": 0.14357315003871918,
      "contribution": 0.17379143644994718
    },
    {
      "feature": "sweet",
      "tfidf": 0.19036881625652313,
      "contribution": 0.16323337398978777
    },
    {
      "feature": "soon",
      "tfidf": 0.10388804972171783,
      "contribution": -0.1442643894395381
    },
    {
      "feature": "make",
      "tfidf": 0.1032961830496788,
      "contribution": 0.14329855589067447
    },
    {
      "feature": "be",
      "tfidf": 0.14822399616241455,
      "contribution": 0.10728089914224694
    },
    {
      "feature": "decides",
      "tfidf": 0.1099090650677681,
      "contribution": 0.10327048051048661
    },
    {
      "feature": "retreat",
      "tfidf": 0.20923414826393127,
      "contribution": -0.10075462803840941
    },
    {
      "feature": "because",
      "tfidf": 0.11696453392505646,
      "contribution": 0.09750079186799265
    },
    {
      "feature": "and",
      "tfidf": 0.06811424344778061,
      "contribution": -0.093472779466614
    }
  ],
  "top_image_features": [
    {
      "feature": "thumbnail_y8_x25",
      "value": 1.6738331317901611,
      "contribution": 0.5365291813717118
    },
    {
      "feature": "thumbnail_y9_x26",
      "value": 1.6898349523544312,
      "contribution": 0.47723383984388873
    },
    {
      "feature": "thumbnail_y10_x29",
      "value": 1.4168546199798584,
      "contribution": -0.4681945152085957
    },
    {
      "feature": "thumbnail_y10_x30",
      "value": 1.3062007427215576,
      "contribution": 0.4606596580229477
    },
    {
      "feature": "thumbnail_y8_x26",
      "value": 1.7620325088500977,
      "contribution": -0.4419427554752686
    },
    {
      "feature": "thumbnail_y10_x28",
      "value": 1.46299409866333,
      "contribution": 0.4262725524236251
    },
    {
      "feature": "thumbnail_y18_x9",
      "value": 1.3560972213745117,
      "contribution": 0.40481380658991434
    },
    {
      "feature": "thumbnail_y18_x3",
      "value": 1.4176043272018433,
      "contribution": -0.37032580560082856
    },
    {
      "feature": "thumbnail_y19_x8",
      "value": 1.3761032819747925,
      "contribution": -0.36318212398504107
    },
    {
      "feature": "thumbnail_y18_x10",
      "value": 1.4333915710449219,
      "contribution": -0.36170052073254927
    },
    {
      "feature": "thumbnail_y17_x21",
      "value": 1.0979814529418945,
      "contribution": -0.36074682131844776
    },
    {
      "feature": "thumbnail_y19_x4",
      "value": 1.4635775089263916,
      "contribution": 0.3199892558925612
    }
  ],
  "label_dependency_contributions": [],
  "performance": {
    "measurements": [
      {
        "name": "classic_modality_shapley_idx_15613_Comedy",
        "wall_time_s": 0.037191943999914656,
        "process_cpu_time_s": 0.03748117299999976,
        "process_cpu_util_percent": 100.77766572267845,
        "rss_start_mb": 978.9296875,
        "rss_end_mb": 978.9296875,
        "rss_delta_mb": 0.0,
        "rss_peak_mb": 978.93359375,
        "cuda_start": {
          "cuda_available": true,
          "cuda_device": "NVIDIA A100-SXM4-40GB",
          "cuda_allocated_mb": 0.0,
          "cuda_reserved_mb": 0.0,
          "cuda_peak_allocated_mb": 0.0,
          "cuda_peak_reserved_mb": 0.0
        },
        "cuda_end": {
          "cuda_available": true,
          "cuda_device": "NVIDIA A100-SXM4-40GB",
          "cuda_allocated_mb": 0.0,
          "cuda_reserved_mb": 0.0,
          "cuda_peak_allocated_mb": 0.0,
          "cuda_peak_reserved_mb": 0.0
        }
      },
      {
        "name": "classic_modality_shapley_visualization_idx_15613_Comedy",
        "wall_time_s": 0.14666078400000515,
        "process_cpu_time_s": 0.14138498700000213,
        "process_cpu_util_percent": 96.40272139824178,
        "rss_start_mb": 978.93359375,
        "rss_end_mb": 979.90625,
        "rss_delta_mb": 0.97265625,
        "rss_peak_mb": 979.91015625,
        "cuda_start": {
          "cuda_available": true,
          "cuda_device": "NVIDIA A100-SXM4-40GB",
          "cuda_allocated_mb": 0.0,
          "cuda_reserved_mb": 0.0,
          "cuda_peak_allocated_mb": 0.0,
          "cuda_peak_reserved_mb": 0.0
        },
        "cuda_end": {
          "cuda_available": true,
          "cuda_device": "NVIDIA A100-SXM4-40GB",
          "cuda_allocated_mb": 0.0,
          "cuda_reserved_mb": 0.0,
          "cuda_peak_allocated_mb": 0.0,
          "cuda_peak_reserved_mb": 0.0
        }
      },
      {
        "name": "classic_linear_contribution_idx_15613_Comedy",