{
  "index": 2962,
  "target_genre": "Animation",
  "target_genres": [
    "Animation"
  ],
  "true_genres": [
    "Drama",
    "Biography",
    "War",
    "History"
  ],
  "predicted_genres": [
    "Animation"
  ],
  "probability": 0.9234211444854736,
  "top_probabilities": {
    "Short": 0.9546268582344055,
    "Animation": 0.9234211444854736,
    "Documentary": 0.823542594909668,
    "Music": 0.7763209342956543,
    "Sport": 0.7640834450721741
  },
  "threshold": [
    0.25999999046325684,
    0.5199999809265137,
    0.5299999713897705,
    0.49000000953674316,
    0.5400000214576721,
    0.5799999833106995,
    0.699999988079071,
    0.7799999713897705,
    0.8799999952316284,
    0.6499999761581421,
    0.8199999928474426,
    0.7799999713897705,
    0.8500000238418579,
    0.75,
    0.8600000143051147,
    0.8100000023841858,
    0.8899999856948853,
    0.9200000166893005,
    0.8399999737739563,
    0.8500000238418579,
    0.8600000143051147,
    0.9599999785423279,
    0.9200000166893005
  ],
  "target_selection": {
    "policy": "predicted",
    "target_indices": [
      17
    ],
    "target_genres": [
      "Animation"
    ],
    "all_selected_indices": [
      17
    ],
    "all_selected_genres": [
      "Animation"
    ],
    "predicted_indices": [
      17
    ],
    "predicted_genres": [
      "Animation"
    ],
    "threshold": [
      0.25999999046325684,
      0.5199999809265137,
      0.5299999713897705,
      0.49000000953674316,
      0.5400000214576721,
      0.5799999833106995,
      0.699999988079071,
      0.7799999713897705,
      0.8799999952316284,
      0.6499999761581421,
      0.8199999928474426,
      0.7799999713897705,
      0.8500000238418579,
      0.75,
      0.8600000143051147,
      0.8100000023841858,
      0.8899999856948853,
      0.9200000166893005,
      0.8399999737739563,
      0.8500000238418579,
      0.8600000143051147,
      0.9599999785423279,
      0.9200000166893005
    ],
    "max_targets_per_sample": 3
  },
  "methods": [
    "LayerIntegratedGradients_text_embedding",
    "token_occlusion",
    "experimental_label_correlation_head"
  ],
  "top_tokens": [
    {
      "position": 2,
      "token": "storyline",
      "attribution": 0.72854083776474
    },
    {
      "position": 3,
      "token": "of",
      "attribution": -0.6869893074035645
    },
    {
      "position": 1,
      "token": "the",
      "attribution": 0.2174443155527115
    },
    {
      "position": 0,
      "token": "continuing",
      "attribution": -0.012684756889939308
    }
  ],
  "gate_mean": null,
  "gate_std": null,
  "config": {
    "model_name": "neural_transformer_text_only_h256_lr2e4",
    "modality": "text_only",
    "text_encoder": "transformer",
    "image_encoder": "resnet18",
    "fusion": "gmu",
    "hidden_dim": 256,
    "text_cnn_channels": 128,
    "text_cnn_kernels": [
      3,
      4,
      5
    ],
    "text_rnn_hidden_dim": 128,
    "text_rnn_layers": 1,
    "text_rnn_dropout": 0.2,
    "text_attention_dim": 128,
    "text_transformer_layers": 2,
    "text_transformer_heads": 6,
    "text_transformer_ff_dim": 512,
    "text_transformer_dropout": 0.1,
    "pretrained_image": false,
    "freeze_image_backbone": true,
    "batch_size": 16,
    "epochs": 10,
    "learning_rate": 0.0002,
    "weight_decay": 0.01,
    "num_workers": 0,
    "patience": 3,
    "threshold_metric": "macro_f1",
    "threshold_strategy": "per_label",
    "threshold_min": 0.01,
    "threshold_max": 0.99,
    "threshold_steps": 99,
    "loss": "bce",
    "focal_gamma": 2.0,
    "pos_weight_clip": null,
    "scheduler": "plateau",
    "scheduler_factor": 0.5,
    "scheduler_patience": 1,
    "min_learning_rate": 1e-06,
    "enable_label_correlation": true,
    "max_length": 512,
    "input_size": 224,
    "freeze_embeddings": false
  },
  "performance": {
    "measurements": [
      {
        "name": "neural_text_layer_integrated_gradients_idx_2962_Animation",
        "wall_time_s": 0.014193834000025163,
        "process_cpu_time_s": 0.014234071000004178,
        "process_cpu_util_percent": 100.28348224996111,
        "rss_start_mb": 2632.4609375,
        "rss_end_mb": 2632.48046875,
        "rss_delta_mb": 0.01953125,
        "rss_peak_mb": 2632.484375,
        "cuda_start": {
          "cuda_available": true,
          "cuda_device": "NVIDIA A100-SXM4-40GB",
          "cuda_allocated_mb": 192.95166015625,
          "cuda_reserved_mb": 1590.0,
          "cuda_peak_allocated_mb": 192.95166015625,
          "cuda_peak_reserved_mb": 1590.0
        },
        "cuda_end": {
          "cuda_available": true,
          "cuda_device": "NVIDIA A100-SXM4-40GB",
          "cuda_allocated_mb": 192.95166015625,
          "cuda_reserved_mb": 1590.0,
          "cuda_peak_allocated_mb": 531.36181640625,
          "cuda_peak_reserved_mb": 1590.0
        }
      },
      {
        "name": "neural_text_visualization_idx_2962_Animation",
        "wall_time_s": 0.13253661800001737,
        "process_cpu_time_s": 0.12553211200000192,
        "process_cpu_util_percent": 94.71504094059912,
        "rss_start_mb": 2632.51171875,
        "rss_end_mb": 2635.13671875,
        "rss_delta_mb": 2.625,
        "rss_peak_mb": 2635.13671875,
        "cuda_start": {
          "cuda_available": true,
          "cuda_device": "NVIDIA A100-SXM4-40GB",
          "cuda_allocated_mb": 192.95166015625,
          "cuda_reserved_mb": 1590.0,
          "cuda_peak_allocated_mb": 192.95166015625,
          "cuda_peak_reserved_mb": 1590.0
        },
        "cuda_end": {
          "cuda_available": true,
          "cuda_device": "NVIDIA A100-SXM4-40GB",
          "cuda_allocated_mb": 192.95166015625,
          "cuda_reserved_mb": 1590.0,
          "cuda_peak_allocated_mb": 192.95166015625,
          "cuda_peak_reserved_mb": 1590.0
        }
      },
      {
        "name": "neural_token_occlusion_idx_2962_Animation",
        "wall_time_s": 0.005301703000100133,
        "process_cpu_time_s": 0.005377795999990553,
        "process_cpu_util_percent": 101.43525580156006,
        "rss_start_mb": 2635.15625,
        "rss_end_mb": 2635.19140625,
        "rss_delta_mb": 0.03515625,
        "rss_peak_mb": 2635.1953125,
        "cuda_start": {
          "cuda_available": true,
          "cuda_device": "NVIDIA A100-SXM4-40GB",
          "cuda_allocated_mb": 192.95166015625,
          "cuda_reserved_mb": 1590.0,
          "cuda_peak_allocated_mb": 192.95166015625,
          "cuda_peak_reserved_mb": 1590.0
        },
        "cuda_end": {
          "cuda_available": true,
          "cuda_device": "NVIDIA A100-SXM4-40GB",
          "cuda_allocated_mb": 192.95166015625,
          "cuda_reserved_mb": 1590.0,
          "cuda_peak_allocated_mb": 252.7099609375,
          "cuda_peak_reserved_mb": 1590.0
        }
      },
      {
        "name": "neural_token_occlusion_visualization_idx_2962_Animation",
        "wall_time_s": 0.1291814759999852,
        "process_cpu_time_s": 0.12372249999999951,
        "process_cpu_util_percent": 95.7741805024845,
        "rss_start_mb": 2635.23046875,
        "rss_end_mb": 2635.59765625,
        "rss_delta_mb": 0.3671875,
        "rss_peak_mb": 2635.6015625,
        "cuda_start": {
          "cuda_available": true,
          "cuda_device": "NVIDIA A100-SXM4-40GB",
          "cuda_allocated_mb": 192.95166015625,
          "cuda_reserved_mb": 1590.0,
          "cuda_peak_allocated_mb": 192.95166015625,
          "cuda_peak_reserved_mb": 1590.0
        },
        "cuda_end": {
          "cuda_available": true,
          "cuda_device": "NVIDIA A100-SXM4-40GB",
          "cuda_allocated_mb": 192.95166015625,
          "cuda_reserved_mb": 1590.0,
          "cuda_peak_allocated_mb": 192.95166015625,
          "cuda_peak_reserved_mb": 1590.0
        }
      }
    ],
    "summary": {
      "count": 4,
      "total_wall_time_s": 0.28121363100012786,
      "mean_wall_time_s": 0.07030340775003197,
      "total_process_cpu_time_s": 0.26886647899999616,