{
  "index": 67,
  "target_genre": "Romance",
  "target_genres": [
    "Romance"
  ],
  "true_genres": [
    "Drama",
    "Romance",
    "Crime",
    "Mystery",
    "Film-Noir"
  ],
  "predicted_genres": [
    "Drama",
    "Romance",
    "Comedy"
  ],
  "probability": 0.5891035199165344,
  "top_probabilities": {
    "Sport": 0.6210304498672485,
    "Drama": 0.5981347560882568,
    "Romance": 0.5891035199165344,
    "Comedy": 0.5716339945793152,
    "Biography": 0.5462110042572021
  },
  "threshold": [
    0.36000001430511475,
    0.44999998807907104,
    0.5,
    0.5899999737739563,
    0.5400000214576721,
    0.7599999904632568,
    0.6899999976158142,
    0.8199999928474426,
    0.7200000286102295,
    0.6299999952316284,
    0.7799999713897705,
    0.7400000095367432,
    0.8100000023841858,
    0.6000000238418579,
    0.8899999856948853,
    0.7599999904632568,
    0.550000011920929,
    0.8999999761581421,
    0.7799999713897705,
    0.9700000286102295,
    0.7699999809265137,
    0.8899999856948853,
    0.9399999976158142
  ],
  "target_selection": {
    "policy": "predicted",
    "target_indices": [
      0,
      2,
      1
    ],
    "target_genres": [
      "Drama",
      "Romance",
      "Comedy"
    ],
    "all_selected_indices": [
      0,
      2,
      1
    ],
    "all_selected_genres": [
      "Drama",
      "Romance",
      "Comedy"
    ],
    "predicted_indices": [
      0,
      2,
      1
    ],
    "predicted_genres": [
      "Drama",
      "Romance",
      "Comedy"
    ],
    "threshold": [
      0.36000001430511475,
      0.44999998807907104,
      0.5,
      0.5899999737739563,
      0.5400000214576721,
      0.7599999904632568,
      0.6899999976158142,
      0.8199999928474426,
      0.7200000286102295,
      0.6299999952316284,
      0.7799999713897705,
      0.7400000095367432,
      0.8100000023841858,
      0.6000000238418579,
      0.8899999856948853,
      0.7599999904632568,
      0.550000011920929,
      0.8999999761581421,
      0.7799999713897705,
      0.9700000286102295,
      0.7699999809265137,
      0.8899999856948853,
      0.9399999976158142
    ],
    "max_targets_per_sample": 3
  },
  "methods": [
    "IntegratedGradients_image_pixels",
    "image_occlusion_sensitivity",
    "experimental_label_correlation_head"
  ],
  "top_tokens": [],
  "gate_mean": null,
  "gate_std": null,
  "config": {
    "model_name": "neural_efficientnet_b0_image_only_unfrozen_lr1e4",
    "modality": "image_only",
    "text_encoder": "bigru_attention",
    "image_encoder": "efficientnet_b0",
    "fusion": "gmu",
    "hidden_dim": 256,
    "text_cnn_channels": 128,
    "text_cnn_kernels": [
      3,
      4,
      5
    ],
    "text_rnn_hidden_dim": 128,
    "text_rnn_layers": 1,
    "text_rnn_dropout": 0.2,
    "text_attention_dim": 128,
    "text_transformer_layers": 2,
    "text_transformer_heads": 6,
    "text_transformer_ff_dim": 512,
    "text_transformer_dropout": 0.1,
    "pretrained_image": false,
    "freeze_image_backbone": false,
    "batch_size": 16,
    "epochs": 10,
    "learning_rate": 0.0001,
    "weight_decay": 0.01,
    "num_workers": 0,
    "patience": 3,
    "threshold_metric": "macro_f1",
    "threshold_strategy": "per_label",
    "threshold_min": 0.01,
    "threshold_max": 0.99,
    "threshold_steps": 99,
    "loss": "bce",
    "focal_gamma": 2.0,
    "pos_weight_clip": null,
    "scheduler": "plateau",
    "scheduler_factor": 0.5,
    "scheduler_patience": 1,
    "min_learning_rate": 1e-06,
    "enable_label_correlation": true,
    "max_length": 512,
    "input_size": 224,
    "freeze_embeddings": false
  },
  "performance": {
    "measurements": [
      {
        "name": "neural_image_integrated_gradients_idx_67_Romance",
        "wall_time_s": 0.661229845998605,
        "process_cpu_time_s": 0.6657648880000124,
        "process_cpu_util_percent": 100.68584956182045,
        "rss_start_mb": 3383.5234375,
        "rss_end_mb": 3454.41015625,
        "rss_delta_mb": 70.88671875,
        "rss_peak_mb": 3491.16796875,
        "cuda_start": {
          "cuda_available": false
        },
        "cuda_end": {
          "cuda_available": false
        }
      },
      {
        "name": "neural_image_ig_visualization_idx_67_Romance",
        "wall_time_s": 0.02912685000046622,
        "process_cpu_time_s": 0.020337184999789315,
        "process_cpu_util_percent": 69.8228095364373,
        "rss_start_mb": 3454.41015625,
        "rss_end_mb": 3454.41015625,
        "rss_delta_mb": 0.0,
        "rss_peak_mb": 3454.4140625,
        "cuda_start": {
          "cuda_available": false
        },
        "cuda_end": {
          "cuda_available": false
        }
      },
      {
        "name": "neural_image_occlusion_idx_67_Romance",
        "wall_time_s": 0.5983584770001471,
        "process_cpu_time_s": 0.6043189980000534,
        "process_cpu_util_percent": 100.99614549288066,
        "rss_start_mb": 3454.41015625,
        "rss_end_mb": 3327.82421875,
        "rss_delta_mb": -126.5859375,
        "rss_peak_mb": 3454.4140625,
        "cuda_start": {
          "cuda_available": false
        },
        "cuda_end": {
          "cuda_available": false
        }
      },
      {
        "name": "neural_image_occlusion_visualization_idx_67_Romance",
        "wall_time_s": 0.029486260000339826,
        "process_cpu_time_s": 0.020491822000167303,
        "process_cpu_util_percent": 69.49617211518564,
        "rss_start_mb": 3327.82421875,
        "rss_end_mb": 3327.82421875,
        "rss_delta_mb": 0.0,
        "rss_peak_mb": 3327.828125,
        "cuda_start": {
          "cuda_available": false
        },
        "cuda_end": {
          "cuda_available": false
        }
      }
    ],
    "summary": {
      "count": 4,
      "total_wall_time_s": 1.3182014329995582,
      "mean_wall_time_s": 0.32955035824988954,
      "total_process_cpu_time_s": 1.3109128930000224,
      "mean_process_cpu_util_percent": 85.25024417658102,
      "max_rss_peak_mb": 3491.16796875
    }
  },
  "image_occlusion": {
    "baseline_probability": 0.5891035199165344,
    "baseline_logit": 0.36026057600975037,
    "grid_size": 4,
    "top_patches": [
      {
        "row": 0,
        "col": 3,
        "y0": 0,
        "y1": 56,
        "x0": 168,
        "x1": 224,
        "occluded_probability": 0.5295361876487732,
        "probability_delta": 0.05956733226776123,
        "occluded_logit": 0.11828254163265228,
        "logit_delta": 0.24197803437709808
      },
      {
        "row": 2,
        "col": 3,
        "y0": 112,
        "y1": 168,
        "x0": 168,
        "x1": 224,
        "occluded_probability": 0.5297368168830872,
        "probability_delta": 0.059366703033447266,
        "occluded_logit": 0.11908784508705139,
        "logit_delta": 0.24117273092269897
      },
      {
        "row": 1,
        "col": 2,
        "y0": 56,
        "y1": 112,
        "x0": 112,
        "x1": 168,
        "occluded_probability": 0.5320620536804199,
        "probability_delta": 0.0570414662361145,
        "occluded_logit": 0.12842442095279694,
        "logit_delta": 0.23183615505695343
      },
      {
        "row": 1,
        "col": 0,
        "y0": 56,
        "y1": 112,
        "x0": 0,
        "x1": 56,
        "occluded_probability": 0.6450477242469788,
        "probability_delta": -0.055944204330444336,
        "occluded_logit": 0.5973408222198486,
        "logit_delta": -0.23708024621009827
      },
      {
        "row": 2,
        "col": 2,
        "y0": 112,
        "y1": 168,
        "x0": 112,
        "x1": 168,
        "occluded_probability": 0.5497763752937317,
        "probability_delta": 0.039327144622802734,
        "occluded_logit": 0.19976717233657837,
        "logit_delta": 0.160493403673172
      },
      {
        "row": 3,
        "col": 1,
        "y0": 168,
        "y1": 224,
        "x0": 56,
        "x1": 112,
        "occluded_probability": 0.6116498708724976,
        "probability_delta": -0.022546350955963135,