{
  "index": 66,
  "target_genre": "Crime",
  "target_genres": [
    "Crime"
  ],
  "true_genres": [
    "Thriller",
    "Crime",
    "Mystery",
    "Film-Noir"
  ],
  "predicted_genres": [
    "Drama",
    "Mystery",
    "Crime",
    "Thriller",
    "Romance"
  ],
  "probability": 0.6261418461799622,
  "top_probabilities": {
    "Film-Noir": 0.8046587109565735,
    "Drama": 0.6546326875686646,
    "Mystery": 0.6392784118652344,
    "Crime": 0.6261418461799622,
    "Thriller": 0.5942051410675049
  },
  "threshold": [
    0.36000001430511475,
    0.44999998807907104,
    0.5,
    0.5899999737739563,
    0.5400000214576721,
    0.7599999904632568,
    0.6899999976158142,
    0.8199999928474426,
    0.7200000286102295,
    0.6299999952316284,
    0.7799999713897705,
    0.7400000095367432,
    0.8100000023841858,
    0.6000000238418579,
    0.8899999856948853,
    0.7599999904632568,
    0.550000011920929,
    0.8999999761581421,
    0.7799999713897705,
    0.9700000286102295,
    0.7699999809265137,
    0.8899999856948853,
    0.9399999976158142
  ],
  "target_selection": {
    "policy": "predicted",
    "target_indices": [
      0,
      9,
      4
    ],
    "target_genres": [
      "Drama",
      "Mystery",
      "Crime"
    ],
    "all_selected_indices": [
      0,
      9,
      4,
      3,
      2
    ],
    "all_selected_genres": [
      "Drama",
      "Mystery",
      "Crime",
      "Thriller",
      "Romance"
    ],
    "predicted_indices": [
      0,
      9,
      4,
      3,
      2
    ],
    "predicted_genres": [
      "Drama",
      "Mystery",
      "Crime",
      "Thriller",
      "Romance"
    ],
    "threshold": [
      0.36000001430511475,
      0.44999998807907104,
      0.5,
      0.5899999737739563,
      0.5400000214576721,
      0.7599999904632568,
      0.6899999976158142,
      0.8199999928474426,
      0.7200000286102295,
      0.6299999952316284,
      0.7799999713897705,
      0.7400000095367432,
      0.8100000023841858,
      0.6000000238418579,
      0.8899999856948853,
      0.7599999904632568,
      0.550000011920929,
      0.8999999761581421,
      0.7799999713897705,
      0.9700000286102295,
      0.7699999809265137,
      0.8899999856948853,
      0.9399999976158142
    ],
    "max_targets_per_sample": 3
  },
  "methods": [
    "IntegratedGradients_image_pixels",
    "image_occlusion_sensitivity",
    "experimental_label_correlation_head"
  ],
  "top_tokens": [],
  "gate_mean": null,
  "gate_std": null,
  "config": {
    "model_name": "neural_efficientnet_b0_image_only_unfrozen_lr1e4",
    "modality": "image_only",
    "text_encoder": "bigru_attention",
    "image_encoder": "efficientnet_b0",
    "fusion": "gmu",
    "hidden_dim": 256,
    "text_cnn_channels": 128,
    "text_cnn_kernels": [
      3,
      4,
      5
    ],
    "text_rnn_hidden_dim": 128,
    "text_rnn_layers": 1,
    "text_rnn_dropout": 0.2,
    "text_attention_dim": 128,
    "text_transformer_layers": 2,
    "text_transformer_heads": 6,
    "text_transformer_ff_dim": 512,
    "text_transformer_dropout": 0.1,
    "pretrained_image": false,
    "freeze_image_backbone": false,
    "batch_size": 16,
    "epochs": 10,
    "learning_rate": 0.0001,
    "weight_decay": 0.01,
    "num_workers": 0,
    "patience": 3,
    "threshold_metric": "macro_f1",
    "threshold_strategy": "per_label",
    "threshold_min": 0.01,
    "threshold_max": 0.99,
    "threshold_steps": 99,
    "loss": "bce",
    "focal_gamma": 2.0,
    "pos_weight_clip": null,
    "scheduler": "plateau",
    "scheduler_factor": 0.5,
    "scheduler_patience": 1,
    "min_learning_rate": 1e-06,
    "enable_label_correlation": true,
    "max_length": 512,
    "input_size": 224,
    "freeze_embeddings": false
  },
  "performance": {
    "measurements": [
      {
        "name": "neural_image_integrated_gradients_idx_66_Crime",
        "wall_time_s": 0.9189232700009597,
        "process_cpu_time_s": 0.9312521249999008,
        "process_cpu_util_percent": 101.34166316181417,
        "rss_start_mb": 3327.8046875,
        "rss_end_mb": 3454.3984375,
        "rss_delta_mb": 126.59375,
        "rss_peak_mb": 3491.15625,
        "cuda_start": {
          "cuda_available": false
        },
        "cuda_end": {
          "cuda_available": false
        }
      },
      {
        "name": "neural_image_ig_visualization_idx_66_Crime",
        "wall_time_s": 0.0338632900002267,
        "process_cpu_time_s": 0.022974168000018835,
        "process_cpu_util_percent": 67.84387459064088,
        "rss_start_mb": 3454.3984375,
        "rss_end_mb": 3454.3984375,
        "rss_delta_mb": 0.0,
        "rss_peak_mb": 3454.40234375,
        "cuda_start": {
          "cuda_available": false
        },
        "cuda_end": {
          "cuda_available": false
        }
      },
      {
        "name": "neural_image_occlusion_idx_66_Crime",
        "wall_time_s": 0.5900252770006773,
        "process_cpu_time_s": 0.5900621360001423,
        "process_cpu_util_percent": 100.00624702040774,
        "rss_start_mb": 3454.3984375,
        "rss_end_mb": 3327.8125,
        "rss_delta_mb": -126.5859375,
        "rss_peak_mb": 3454.40234375,
        "cuda_start": {
          "cuda_available": false
        },
        "cuda_end": {
          "cuda_available": false
        }
      },
      {
        "name": "neural_image_occlusion_visualization_idx_66_Crime",
        "wall_time_s": 0.03579838899895549,
        "process_cpu_time_s": 0.025793084999804705,
        "process_cpu_util_percent": 72.05096575870296,
        "rss_start_mb": 3327.8125,
        "rss_end_mb": 3327.8125,
        "rss_delta_mb": 0.0,
        "rss_peak_mb": 3327.81640625,
        "cuda_start": {
          "cuda_available": false
        },
        "cuda_end": {
          "cuda_available": false
        }
      }
    ],
    "summary": {
      "count": 4,
      "total_wall_time_s": 1.5786102260008192,
      "mean_wall_time_s": 0.3946525565002048,
      "total_process_cpu_time_s": 1.5700815139998667,
      "mean_process_cpu_util_percent": 85.31068763289144,
      "max_rss_peak_mb": 3491.15625
    }
  },
  "image_occlusion": {
    "baseline_probability": 0.6261418461799622,
    "baseline_logit": 0.5157003402709961,
    "grid_size": 4,
    "top_patches": [
      {
        "row": 1,
        "col": 1,
        "y0": 56,
        "y1": 112,
        "x0": 56,
        "x1": 112,
        "occluded_probability": 0.543406069278717,
        "probability_delta": 0.08273577690124512,
        "occluded_logit": 0.17406246066093445,
        "logit_delta": 0.34163787961006165
      },
      {
        "row": 2,
        "col": 3,
        "y0": 112,
        "y1": 168,
        "x0": 168,
        "x1": 224,
        "occluded_probability": 0.6954022645950317,
        "probability_delta": -0.06926041841506958,
        "occluded_logit": 0.8254982829093933,
        "logit_delta": -0.3097979426383972
      },
      {
        "row": 1,
        "col": 0,
        "y0": 56,
        "y1": 112,
        "x0": 0,
        "x1": 56,
        "occluded_probability": 0.5721662044525146,
        "probability_delta": 0.05397564172744751,
        "occluded_logit": 0.2906948924064636,
        "logit_delta": 0.22500544786453247
      },
      {
        "row": 1,
        "col": 2,
        "y0": 56,
        "y1": 112,
        "x0": 112,
        "x1": 168,
        "occluded_probability": 0.5935443639755249,
        "probability_delta": 0.032597482204437256,
        "occluded_logit": 0.37863728404045105,
        "logit_delta": 0.13706305623054504
      },
      {
        "row": 2,
        "col": 2,
        "y0": 112,
        "y1": 168,
        "x0": 112,
        "x1": 168,
        "occluded_probability": 0.6525211930274963,
        "probability_delta": -0.02637934684753418,
        "occluded_logit": 0.6301398873329163,
        "logit_delta": -0.11443954706192017
      },
      {
        "row": 0,
        "col": 3,
        "y0": 0,
        "y1": 56,
        "x0": 168,
        "x1": 224,