{
  "index": 1,
  "target_genre": "Romance",
  "target_genres": [
    "Romance"
  ],
  "true_genres": [
    "Drama",
    "Crime",
    "Adventure",
    "Film-Noir"
  ],
  "predicted_genres": [
    "Comedy",
    "Romance",
    "Drama"
  ],
  "probability": 0.6198729872703552,
  "top_probabilities": {
    "Sport": 0.7165579199790955,
    "Comedy": 0.669497549533844,
    "Romance": 0.6198729872703552,
    "War": 0.5928064584732056,
    "Musical": 0.5436095595359802
  },
  "threshold": [
    0.36000001430511475,
    0.44999998807907104,
    0.5,
    0.5899999737739563,
    0.5400000214576721,
    0.7599999904632568,
    0.6899999976158142,
    0.8199999928474426,
    0.7200000286102295,
    0.6299999952316284,
    0.7799999713897705,
    0.7400000095367432,
    0.8100000023841858,
    0.6000000238418579,
    0.8899999856948853,
    0.7599999904632568,
    0.550000011920929,
    0.8999999761581421,
    0.7799999713897705,
    0.9700000286102295,
    0.7699999809265137,
    0.8899999856948853,
    0.9399999976158142
  ],
  "target_selection": {
    "policy": "predicted",
    "target_indices": [
      1,
      2,
      0
    ],
    "target_genres": [
      "Comedy",
      "Romance",
      "Drama"
    ],
    "all_selected_indices": [
      1,
      2,
      0
    ],
    "all_selected_genres": [
      "Comedy",
      "Romance",
      "Drama"
    ],
    "predicted_indices": [
      1,
      2,
      0
    ],
    "predicted_genres": [
      "Comedy",
      "Romance",
      "Drama"
    ],
    "threshold": [
      0.36000001430511475,
      0.44999998807907104,
      0.5,
      0.5899999737739563,
      0.5400000214576721,
      0.7599999904632568,
      0.6899999976158142,
      0.8199999928474426,
      0.7200000286102295,
      0.6299999952316284,
      0.7799999713897705,
      0.7400000095367432,
      0.8100000023841858,
      0.6000000238418579,
      0.8899999856948853,
      0.7599999904632568,
      0.550000011920929,
      0.8999999761581421,
      0.7799999713897705,
      0.9700000286102295,
      0.7699999809265137,
      0.8899999856948853,
      0.9399999976158142
    ],
    "max_targets_per_sample": 3
  },
  "methods": [
    "IntegratedGradients_image_pixels",
    "image_occlusion_sensitivity",
    "experimental_label_correlation_head"
  ],
  "top_tokens": [],
  "gate_mean": null,
  "gate_std": null,
  "config": {
    "model_name": "neural_efficientnet_b0_image_only_unfrozen_lr1e4",
    "modality": "image_only",
    "text_encoder": "bigru_attention",
    "image_encoder": "efficientnet_b0",
    "fusion": "gmu",
    "hidden_dim": 256,
    "text_cnn_channels": 128,
    "text_cnn_kernels": [
      3,
      4,
      5
    ],
    "text_rnn_hidden_dim": 128,
    "text_rnn_layers": 1,
    "text_rnn_dropout": 0.2,
    "text_attention_dim": 128,
    "text_transformer_layers": 2,
    "text_transformer_heads": 6,
    "text_transformer_ff_dim": 512,
    "text_transformer_dropout": 0.1,
    "pretrained_image": false,
    "freeze_image_backbone": false,
    "batch_size": 16,
    "epochs": 10,
    "learning_rate": 0.0001,
    "weight_decay": 0.01,
    "num_workers": 0,
    "patience": 3,
    "threshold_metric": "macro_f1",
    "threshold_strategy": "per_label",
    "threshold_min": 0.01,
    "threshold_max": 0.99,
    "threshold_steps": 99,
    "loss": "bce",
    "focal_gamma": 2.0,
    "pos_weight_clip": null,
    "scheduler": "plateau",
    "scheduler_factor": 0.5,
    "scheduler_patience": 1,
    "min_learning_rate": 1e-06,
    "enable_label_correlation": true,
    "max_length": 512,
    "input_size": 224,
    "freeze_embeddings": false
  },
  "performance": {
    "measurements": [
      {
        "name": "neural_image_integrated_gradients_idx_1_Romance",
        "wall_time_s": 0.8517461120009102,
        "process_cpu_time_s": 0.8589133720001882,
        "process_cpu_util_percent": 100.84147845212242,
        "rss_start_mb": 3327.58203125,
        "rss_end_mb": 3371.796875,
        "rss_delta_mb": 44.21484375,
        "rss_peak_mb": 3474.80078125,
        "cuda_start": {
          "cuda_available": false
        },
        "cuda_end": {
          "cuda_available": false
        }
      },
      {
        "name": "neural_image_ig_visualization_idx_1_Romance",
        "wall_time_s": 0.038468509999802336,
        "process_cpu_time_s": 0.023370976000023802,
        "process_cpu_util_percent": 60.75352541635715,
        "rss_start_mb": 3371.796875,
        "rss_end_mb": 3371.796875,
        "rss_delta_mb": 0.0,
        "rss_peak_mb": 3371.80078125,
        "cuda_start": {
          "cuda_available": false
        },
        "cuda_end": {
          "cuda_available": false
        }
      },
      {
        "name": "neural_image_occlusion_idx_1_Romance",
        "wall_time_s": 0.7121706750003796,
        "process_cpu_time_s": 0.707391694999842,
        "process_cpu_util_percent": 99.32895580114486,
        "rss_start_mb": 3371.796875,
        "rss_end_mb": 3371.796875,
        "rss_delta_mb": 0.0,
        "rss_peak_mb": 3445.3046875,
        "cuda_start": {
          "cuda_available": false
        },
        "cuda_end": {
          "cuda_available": false
        }
      },
      {
        "name": "neural_image_occlusion_visualization_idx_1_Romance",
        "wall_time_s": 0.036481809000179055,
        "process_cpu_time_s": 0.02517015100011122,
        "process_cpu_util_percent": 68.9937031356852,
        "rss_start_mb": 3371.796875,
        "rss_end_mb": 3371.796875,
        "rss_delta_mb": 0.0,
        "rss_peak_mb": 3371.80078125,
        "cuda_start": {
          "cuda_available": false
        },
        "cuda_end": {
          "cuda_available": false
        }
      }
    ],
    "summary": {
      "count": 4,
      "total_wall_time_s": 1.6388671060012712,
      "mean_wall_time_s": 0.4097167765003178,
      "total_process_cpu_time_s": 1.6148461940001653,
      "mean_process_cpu_util_percent": 82.47941570132741,
      "max_rss_peak_mb": 3474.80078125
    }
  },
  "image_occlusion": {
    "baseline_probability": 0.6198729872703552,
    "baseline_logit": 0.48900920152664185,
    "grid_size": 4,
    "top_patches": [
      {
        "row": 0,
        "col": 1,
        "y0": 0,
        "y1": 56,
        "x0": 56,
        "x1": 112,
        "occluded_probability": 0.5047981142997742,
        "probability_delta": 0.11507487297058105,
        "occluded_logit": 0.019192971289157867,
        "logit_delta": 0.4698162376880646
      },
      {
        "row": 1,
        "col": 1,
        "y0": 56,
        "y1": 112,
        "x0": 56,
        "x1": 112,
        "occluded_probability": 0.5152537822723389,
        "probability_delta": 0.10461920499801636,
        "occluded_logit": 0.061034008860588074,
        "logit_delta": 0.4279751777648926
      },
      {
        "row": 0,
        "col": 2,
        "y0": 0,
        "y1": 56,
        "x0": 112,
        "x1": 168,
        "occluded_probability": 0.5162275433540344,
        "probability_delta": 0.1036454439163208,
        "occluded_logit": 0.06493288278579712,
        "logit_delta": 0.4240763187408447
      },
      {
        "row": 1,
        "col": 2,
        "y0": 56,
        "y1": 112,
        "x0": 112,
        "x1": 168,
        "occluded_probability": 0.5648029446601868,
        "probability_delta": 0.05507004261016846,
        "occluded_logit": 0.26067793369293213,
        "logit_delta": 0.22833126783370972
      },
      {
        "row": 1,
        "col": 3,
        "y0": 56,
        "y1": 112,
        "x0": 168,
        "x1": 224,
        "occluded_probability": 0.5737057328224182,
        "probability_delta": 0.04616725444793701,
        "occluded_logit": 0.296986848115921,
        "logit_delta": 0.19202235341072083
      },
      {
        "row": 0,
        "col": 3,
        "y0": 0,
        "y1": 56,
        "x0": 168,
        "x1": 224,
        "occluded_probability": 0.5845092535018921,
        "probability_delta": 0.035363733768463135,
        "occluded_logit": 0.34131237864494324,