{
  "index": 24,
  "target_genre": "Family",
  "target_genres": [
    "Family"
  ],
  "true_genres": [
    "Drama",
    "Film-Noir"
  ],
  "predicted_genres": [
    "Family",
    "History",
    "Animation",
    "Short",
    "Drama"
  ],
  "probability": 0.8452852180128386,
  "top_probabilities": {
    "Family": 0.8452852368354797,
    "History": 0.7818617224693298,
    "Animation": 0.7709589004516602,
    "Short": 0.7030487060546875,
    "Romance": 0.48403942584991455
  },
  "target_selection": {
    "policy": "predicted",
    "target_indices": [
      12,
      15,
      17
    ],
    "target_genres": [
      "Family",
      "History",
      "Animation"
    ],
    "all_selected_indices": [
      12,
      15,
      17,
      21,
      0
    ],
    "all_selected_genres": [
      "Family",
      "History",
      "Animation",
      "Short",
      "Drama"
    ],
    "predicted_indices": [
      12,
      15,
      17,
      21,
      0
    ],
    "predicted_genres": [
      "Family",
      "History",
      "Animation",
      "Short",
      "Drama"
    ],
    "threshold": [
      0.30000001192092896,
      0.44999998807907104,
      0.5,
      0.5,
      0.6000000238418579,
      0.550000011920929,
      0.6000000238418579,
      0.6000000238418579,
      0.6000000238418579,
      0.5,
      0.699999988079071,
      0.75,
      0.6000000238418579,
      0.699999988079071,
      0.6499999761581421,
      0.6000000238418579,
      0.6499999761581421,
      0.550000011920929,
      0.699999988079071,
      0.6000000238418579,
      0.6499999761581421,
      0.5,
      0.699999988079071
    ],
    "max_targets_per_sample": 3
  },
  "method": "linear_feature_contribution",
  "methods": [
    "linear_feature_contribution",
    "modality_shapley"
  ],
  "modality_shapley": {
    "method": "two_modality_shapley",
    "probability": {
      "values": {
        "blank": 0.12156017028639884,
        "text_only": 0.2088844639002554,
        "image_only": 0.7411617392323251,
        "both": 0.8452852180128386
      },
      "shapley": {
        "text": 0.09572388619718504,
        "image": 0.6280011615292547,
        "interaction": 0.016799185166656988,
        "blank_to_both_delta": 0.7237250477264398,
        "abs_total": 0.7237250477264398,
        "text_utilization": 0.1322655426917981,
        "image_utilization": 0.8677344573082019
      }
    },
    "logit": {
      "values": {
        "blank": -1.9777380443181733,
        "text_only": -1.3316627256314892,
        "image_only": 1.0520154822140755,
        "both": 1.698090800900762
      },
      "shapley": {
        "text": 0.6460753186866853,
        "image": 3.02975352653225,
        "interaction": 2.220446049250313e-15,
        "blank_to_both_delta": 3.6758288452189354,
        "abs_total": 3.6758288452189354,
        "text_utilization": 0.17576316686426258,
        "image_utilization": 0.8242368331357375
      }
    }
  },
  "intercept": -1.9777380443181733,
  "text_logit_contribution": 0.6460753186866838,
  "image_logit_contribution": 3.0297535265322493,
  "label_dependency_logit_contribution": 0.0,
  "top_text_features": [
    {
      "feature": "little",
      "tfidf": 0.1634906679391861,
      "contribution": 0.7258499949876918
    },
    {
      "feature": "the",
      "tfidf": 0.21718016266822815,
      "contribution": 0.41167503743148226
    },
    {
      "feature": "girl",
      "tfidf": 0.21890108287334442,
      "contribution": 0.34933622628895467
    },
    {
      "feature": "people",
      "tfidf": 0.1414855271577835,
      "contribution": -0.24497278442475026
    },
    {
      "feature": "was",
      "tfidf": 0.12093160301446915,
      "contribution": -0.2283749722804455
    },
    {
      "feature": "save",
      "tfidf": 0.08749396353960037,
      "contribution": 0.22782766972060256
    },
    {
      "feature": "to",
      "tfidf": 0.11678096652030945,
      "contribution": 0.2169942153402132
    },
    {
      "feature": "and",
      "tfidf": 0.11493827402591705,
      "contribution": 0.1879519624789907
    },
    {
      "feature": "of",
      "tfidf": 0.11920228600502014,
      "contribution": -0.18639253053730376
    },
    {
      "feature": "war",
      "tfidf": 0.07244963943958282,
      "contribution": -0.1778403693341806
    },
    {
      "feature": "find",
      "tfidf": 0.06189834326505661,
      "contribution": 0.17278106196287168
    },
    {
      "feature": "ever",
      "tfidf": 0.0891522541642189,
      "contribution": 0.15531819736503316
    }
  ],
  "top_image_features": [
    {
      "feature": "thumbnail_y14_x2",
      "value": -1.2018779516220093,
      "contribution": 0.9602788814673916
    },
    {
      "feature": "thumbnail_y0_x30",
      "value": -1.0039093494415283,
      "contribution": 0.9317163439992582
    },
    {
      "feature": "thumbnail_y5_x29",
      "value": -1.4408445358276367,
      "contribution": -0.8654135303770765
    },
    {
      "feature": "thumbnail_y9_x29",
      "value": -0.8427438139915466,
      "contribution": 0.7559082069217096
    },
    {
      "feature": "thumbnail_y6_x13",
      "value": -1.0989316701889038,
      "contribution": 0.6979615171955117
    },
    {
      "feature": "thumbnail_y15_x2",
      "value": -1.3845373392105103,
      "contribution": -0.6842952081275576
    },
    {
      "feature": "thumbnail_y16_x4",
      "value": -1.3787000179290771,
      "contribution": 0.6709072888423472
    },
    {
      "feature": "thumbnail_y10_x7",
      "value": 0.8847790956497192,
      "contribution": 0.627492194795452
    },
    {
      "feature": "thumbnail_y12_x7",
      "value": -1.364405632019043,
      "contribution": 0.6180081762596122
    },
    {
      "feature": "thumbnail_y9_x30",
      "value": -0.8325846195220947,
      "contribution": -0.589270811401655
    },
    {
      "feature": "thumbnail_y7_x3",
      "value": -1.3630082607269287,
      "contribution": -0.5853781378946634
    },
    {
      "feature": "thumbnail_y16_x22",
      "value": -1.3792345523834229,
      "contribution": 0.5646539117648659
    }
  ],
  "label_dependency_contributions": [],
  "performance": {
    "measurements": [
      {
        "name": "classic_modality_shapley_idx_24_Family",
        "wall_time_s": 0.03694853800061537,
        "process_cpu_time_s": 0.03727154600005633,
        "process_cpu_util_percent": 100.8742105017405,
        "rss_start_mb": 2208.7265625,
        "rss_end_mb": 2208.7265625,
        "rss_delta_mb": 0.0,
        "rss_peak_mb": 2208.73046875,
        "cuda_start": {
          "cuda_available": false
        },
        "cuda_end": {
          "cuda_available": false
        }
      },
      {
        "name": "classic_modality_shapley_visualization_idx_24_Family",
        "wall_time_s": 0.1211339230003432,
        "process_cpu_time_s": 0.11410196900010305,
        "process_cpu_util_percent": 94.1948928705791,
        "rss_start_mb": 2208.7265625,
        "rss_end_mb": 2208.76953125,
        "rss_delta_mb": 0.04296875,
        "rss_peak_mb": 2208.7734375,
        "cuda_start": {
          "cuda_available": false
        },
        "cuda_end": {
          "cuda_available": false
        }
      },
      {
        "name": "classic_linear_contribution_idx_24_Family",
        "wall_time_s": 0.0007193200008259737,
        "process_cpu_time_s": 0.0008789500000148109,
        "process_cpu_util_percent": 122.19179210998428,
        "rss_start_mb": 2208.76953125,
        "rss_end_mb": 2208.76953125,
        "rss_delta_mb": 0.0,
        "rss_peak_mb": 2208.7734375,
        "cuda_start": {
          "cuda_available": false
        },
        "cuda_end": {
          "cuda_available": false
        }
      },
      {
        "name": "classic_visualization_idx_24_Family",
        "wall_time_s": 0.21289663900006417,
        "process_cpu_time_s": 0.1805435149999539,
        "process_cpu_util_percent": 84.80336554298515,
        "rss_start_mb": 2208.76953125,
        "rss_end_mb": 2208.78125,
        "rss_delta_mb": 0.01171875,