{
  "index": 1,
  "target_genre": "Comedy",
  "target_genres": [
    "Comedy"
  ],
  "true_genres": [
    "Drama",
    "Crime",
    "Adventure",
    "Film-Noir"
  ],
  "predicted_genres": [
    "Comedy",
    "Crime",
    "Thriller"
  ],
  "probability": 0.7800288238737952,
  "top_probabilities": {
    "Comedy": 0.7800288200378418,
    "Crime": 0.7430574297904968,
    "Thriller": 0.6509618759155273,
    "Adventure": 0.5509713888168335,
    "Action": 0.5079708099365234
  },
  "target_selection": {
    "policy": "predicted",
    "target_indices": [
      1,
      4,
      3
    ],
    "target_genres": [
      "Comedy",
      "Crime",
      "Thriller"
    ],
    "all_selected_indices": [
      1,
      4,
      3
    ],
    "all_selected_genres": [
      "Comedy",
      "Crime",
      "Thriller"
    ],
    "predicted_indices": [
      1,
      4,
      3
    ],
    "predicted_genres": [
      "Comedy",
      "Crime",
      "Thriller"
    ],
    "threshold": [
      0.30000001192092896,
      0.44999998807907104,
      0.5,
      0.5,
      0.6000000238418579,
      0.550000011920929,
      0.6000000238418579,
      0.6000000238418579,
      0.6000000238418579,
      0.5,
      0.699999988079071,
      0.75,
      0.6000000238418579,
      0.699999988079071,
      0.6499999761581421,
      0.6000000238418579,
      0.6499999761581421,
      0.550000011920929,
      0.699999988079071,
      0.6000000238418579,
      0.6499999761581421,
      0.5,
      0.699999988079071
    ],
    "max_targets_per_sample": 3
  },
  "method": "linear_feature_contribution",
  "methods": [
    "linear_feature_contribution",
    "modality_shapley"
  ],
  "modality_shapley": {
    "method": "two_modality_shapley",
    "probability": {
      "values": {
        "blank": 0.46548381070372413,
        "text_only": 0.6888289490450737,
        "image_only": 0.5824646864109899,
        "both": 0.7800288238737952
      },
      "shapley": {
        "text": 0.21045463790207747,
        "image": 0.10409037526799364,
        "interaction": -0.02578100087854429,
        "blank_to_both_delta": 0.3145450131700711,
        "abs_total": 0.3145450131700711,
        "text_utilization": 0.6690763772760464,
        "image_utilization": 0.33092362272395365
      }
    },
    "logit": {
      "values": {
        "blank": -0.1382847008630071,
        "text_only": 0.7946502164072382,
        "image_only": 0.3328994352543308,
        "both": 1.2658343525245752
      },
      "shapley": {
        "text": 0.9329349172702448,
        "image": 0.47118413611733745,
        "interaction": -8.881784197001252e-16,
        "blank_to_both_delta": 1.4041190533875822,
        "abs_total": 1.4041190533875822,
        "text_utilization": 0.6644272186318125,
        "image_utilization": 0.33557278136818747
      }
    }
  },
  "intercept": -0.1382847008630071,
  "text_logit_contribution": 0.9329349172702454,
  "image_logit_contribution": 0.4711841361173388,
  "label_dependency_logit_contribution": 0.0,
  "top_text_features": [
    {
      "feature": "boss",
      "tfidf": 0.25194215774536133,
      "contribution": 0.3231441719908318
    },
    {
      "feature": "salesman",
      "tfidf": 0.16752509772777557,
      "contribution": 0.21089273558038005
    },
    {
      "feature": "the",
      "tfidf": 0.14563971757888794,
      "contribution": -0.20070772711210905
    },
    {
      "feature": "N",
      "tfidf": 0.0618608221411705,
      "contribution": -0.1748405531673832
    },
    {
      "feature": "business",
      "tfidf": 0.11780142039060593,
      "contribution": 0.1579735775899803
    },
    {
      "feature": "trip",
      "tfidf": 0.1299719512462616,
      "contribution": 0.15732755114169128
    },
    {
      "feature": "meet",
      "tfidf": 0.1096358597278595,
      "contribution": 0.14169844477997967
    },
    {
      "feature": "american",
      "tfidf": 0.10715334862470627,
      "contribution": -0.14084570789807258
    },
    {
      "feature": "also",
      "tfidf": 0.08639676868915558,
      "contribution": -0.12697894292108375
    },
    {
      "feature": "ship",
      "tfidf": 0.1393042802810669,
      "contribution": -0.12024901281576385
    },
    {
      "feature": "a",
      "tfidf": 0.14776377379894257,
      "contribution": 0.1138861365364055
    },
    {
      "feature": "hot",
      "tfidf": 0.15488961338996887,
      "contribution": 0.11092992467347321
    }
  ],
  "top_image_features": [
    {
      "feature": "thumbnail_y17_x30",
      "value": -1.177459716796875,
      "contribution": -0.5607654525586135
    },
    {
      "feature": "thumbnail_y13_x4",
      "value": -1.5150099992752075,
      "contribution": 0.4875607729474036
    },
    {
      "feature": "thumbnail_y13_x3",
      "value": -1.4710272550582886,
      "contribution": -0.45529573630365877
    },
    {
      "feature": "thumbnail_y17_x23",
      "value": -1.4753891229629517,
      "contribution": 0.40889499372360016
    },
    {
      "feature": "thumbnail_y17_x21",
      "value": -1.217137336730957,
      "contribution": 0.3998960311736068
    },
    {
      "feature": "thumbnail_y17_x31",
      "value": -1.0819445848464966,
      "contribution": 0.3937848681313018
    },
    {
      "feature": "thumbnail_y17_x22",
      "value": -1.296059250831604,
      "contribution": -0.37835746577391505
    },
    {
      "feature": "thumbnail_y10_x29",
      "value": -1.1340453624725342,
      "contribution": 0.37474121283871187
    },
    {
      "feature": "thumbnail_y8_x10",
      "value": 1.3637546300888062,
      "contribution": -0.3674236255909159
    },
    {
      "feature": "thumbnail_y14_x1",
      "value": -1.422745943069458,
      "contribution": 0.35864427841571694
    },
    {
      "feature": "thumbnail_y11_x20",
      "value": -1.364770770072937,
      "contribution": -0.3427236137573322
    },
    {
      "feature": "top_left_R_hist_bin_15",
      "value": 1.0449365377426147,
      "contribution": 0.3422539837631664
    }
  ],
  "label_dependency_contributions": [],
  "performance": {
    "measurements": [
      {
        "name": "classic_modality_shapley_idx_1_Comedy",
        "wall_time_s": 0.035867407000296225,
        "process_cpu_time_s": 0.03642367700012983,
        "process_cpu_util_percent": 101.55090664855982,
        "rss_start_mb": 2194.9453125,
        "rss_end_mb": 2194.9453125,
        "rss_delta_mb": 0.0,
        "rss_peak_mb": 2194.94921875,
        "cuda_start": {
          "cuda_available": false
        },
        "cuda_end": {
          "cuda_available": false
        }
      },
      {
        "name": "classic_modality_shapley_visualization_idx_1_Comedy",
        "wall_time_s": 0.14800620200003323,
        "process_cpu_time_s": 0.13847919700015154,
        "process_cpu_util_percent": 93.56310420026888,
        "rss_start_mb": 2194.9453125,
        "rss_end_mb": 2195.00390625,
        "rss_delta_mb": 0.05859375,
        "rss_peak_mb": 2195.0078125,
        "cuda_start": {
          "cuda_available": false
        },
        "cuda_end": {
          "cuda_available": false
        }
      },
      {
        "name": "classic_linear_contribution_idx_1_Comedy",
        "wall_time_s": 0.0009785599995666416,
        "process_cpu_time_s": 0.0010864000000765373,
        "process_cpu_util_percent": 111.02027474632654,
        "rss_start_mb": 2195.00390625,
        "rss_end_mb": 2195.00390625,
        "rss_delta_mb": 0.0,
        "rss_peak_mb": 2195.0078125,
        "cuda_start": {
          "cuda_available": false
        },
        "cuda_end": {
          "cuda_available": false
        }
      },
      {
        "name": "classic_visualization_idx_1_Comedy",
        "wall_time_s": 0.21563886900003126,
        "process_cpu_time_s": 0.2007561259999875,
        "process_cpu_util_percent": 93.09830223602145,
        "rss_start_mb": 2195.00390625,
        "rss_end_mb": 2195.0078125,
        "rss_delta_mb": 0.00390625,
        "rss_peak_mb": 2195.01171875,