{
  "index": 34,
  "target_genre": "Film-Noir",
  "target_genres": [
    "Film-Noir"
  ],
  "true_genres": [
    "Drama",
    "Thriller",
    "Crime",
    "Film-Noir"
  ],
  "predicted_genres": [
    "Crime",
    "Film-Noir",
    "Thriller",
    "Action",
    "Drama"
  ],
  "probability": 0.9377483336544771,
  "top_probabilities": {
    "Crime": 0.9893275499343872,
    "Film-Noir": 0.9377483129501343,
    "Thriller": 0.9321929216384888,
    "Action": 0.8019524216651917,
    "Drama": 0.5959860682487488
  },
  "target_selection": {
    "policy": "predicted",
    "target_indices": [
      4,
      22,
      3
    ],
    "target_genres": [
      "Crime",
      "Film-Noir",
      "Thriller"
    ],
    "all_selected_indices": [
      4,
      22,
      3,
      5,
      0
    ],
    "all_selected_genres": [
      "Crime",
      "Film-Noir",
      "Thriller",
      "Action",
      "Drama"
    ],
    "predicted_indices": [
      4,
      22,
      3,
      5,
      0
    ],
    "predicted_genres": [
      "Crime",
      "Film-Noir",
      "Thriller",
      "Action",
      "Drama"
    ],
    "threshold": [
      0.30000001192092896,
      0.44999998807907104,
      0.5,
      0.5,
      0.6000000238418579,
      0.550000011920929,
      0.6000000238418579,
      0.6000000238418579,
      0.6000000238418579,
      0.5,
      0.699999988079071,
      0.75,
      0.6000000238418579,
      0.699999988079071,
      0.6499999761581421,
      0.6000000238418579,
      0.6499999761581421,
      0.550000011920929,
      0.699999988079071,
      0.6000000238418579,
      0.6499999761581421,
      0.5,
      0.699999988079071
    ],
    "max_targets_per_sample": 3
  },
  "method": "linear_feature_contribution",
  "methods": [
    "linear_feature_contribution",
    "modality_shapley"
  ],
  "modality_shapley": {
    "method": "two_modality_shapley",
    "probability": {
      "values": {
        "blank": 0.0016041584260689514,
        "text_only": 0.34011558781001383,
        "image_only": 0.04485298680155908,
        "both": 0.9377483336544771
      },
      "shapley": {
        "text": 0.6157033881184314,
        "image": 0.3204407871099767,
        "interaction": 0.5543839174689732,
        "blank_to_both_delta": 0.9361441752284081,
        "abs_total": 0.9361441752284081,
        "text_utilization": 0.6577014571160549,
        "image_utilization": 0.3422985428839451
      }
    },
    "logit": {
      "values": {
        "blank": -6.433550558579656,
        "text_only": -0.6627791626548234,
        "image_only": -3.0584750875151108,
        "both": 2.7122963084097282
      },
      "shapley": {
        "text": 5.770771395924836,
        "image": 3.375075471064548,
        "interaction": 7.105427357601002e-15,
        "blank_to_both_delta": 9.145846866989384,
        "abs_total": 9.145846866989384,
        "text_utilization": 0.6309717929734427,
        "image_utilization": 0.3690282070265572
      }
    }
  },
  "intercept": -6.433550558579656,
  "text_logit_contribution": 5.770771395924832,
  "image_logit_contribution": 3.375075471064545,
  "label_dependency_logit_contribution": 0.0,
  "top_text_features": [
    {
      "feature": "eddie",
      "tfidf": 0.588819682598114,
      "contribution": 1.633092938025979
    },
    {
      "feature": "chris",
      "tfidf": 0.2912100553512573,
      "contribution": 0.7194448043264889
    },
    {
      "feature": "crime",
      "tfidf": 0.11273118108510971,
      "contribution": 0.35930907436762805
    },
    {
      "feature": "murderer",
      "tfidf": 0.1439223289489746,
      "contribution": 0.3295468652937012
    },
    {
      "feature": "gangster",
      "tfidf": 0.1442863494157791,
      "contribution": 0.29691392790694626
    },
    {
      "feature": "killer",
      "tfidf": 0.11218418926000595,
      "contribution": 0.24814393850803362
    },
    {
      "feature": "has",
      "tfidf": 0.10179119557142258,
      "contribution": 0.23287129620905217
    },
    {
      "feature": "witnessed",
      "tfidf": 0.16582269966602325,
      "contribution": 0.22831135043946568
    },
    {
      "feature": "brother",
      "tfidf": 0.18910399079322815,
      "contribution": 0.208511466905207
    },
    {
      "feature": "detective",
      "tfidf": 0.11670973151922226,
      "contribution": 0.15242694162022946
    },
    {
      "feature": "track",
      "tfidf": 0.13690589368343353,
      "contribution": 0.143680374505974
    },
    {
      "feature": "he",
      "tfidf": 0.04165659472346306,
      "contribution": 0.1285150296591553
    }
  ],
  "top_image_features": [
    {
      "feature": "bottom_right_G_hist_bin_3",
      "value": 3.067967653274536,
      "contribution": -2.008838541250053
    },
    {
      "feature": "thumbnail_y3_x16",
      "value": -1.3309673070907593,
      "contribution": -1.5391122583218062
    },
    {
      "feature": "thumbnail_y2_x15",
      "value": -1.4880077838897705,
      "contribution": -1.3809207748538606
    },
    {
      "feature": "thumbnail_y17_x3",
      "value": 0.8815646171569824,
      "contribution": -1.3021760453952964
    },
    {
      "feature": "thumbnail_y6_x17",
      "value": -1.04818856716156,
      "contribution": -1.2912355439329928
    },
    {
      "feature": "thumbnail_y8_x14",
      "value": -0.923477828502655,
      "contribution": 1.268306909539149
    },
    {
      "feature": "thumbnail_y15_x18",
      "value": -0.8053233027458191,
      "contribution": 1.2133561633222487
    },
    {
      "feature": "thumbnail_y6_x18",
      "value": -1.004988670349121,
      "contribution": 1.158457232940384
    },
    {
      "feature": "thumbnail_y15_x31",
      "value": -1.1035712957382202,
      "contribution": 1.0717784067169542
    },
    {
      "feature": "thumbnail_y2_x12",
      "value": -1.042839765548706,
      "contribution": -1.0641742096740692
    },
    {
      "feature": "thumbnail_y1_x24",
      "value": -0.9179021716117859,
      "contribution": 1.0375045549316084
    },
    {
      "feature": "thumbnail_y14_x14",
      "value": -0.5989245176315308,
      "contribution": 1.0065608622629567
    }
  ],
  "label_dependency_contributions": [],
  "performance": {
    "measurements": [
      {
        "name": "classic_modality_shapley_idx_34_Film-Noir",
        "wall_time_s": 0.03248539997730404,
        "process_cpu_time_s": 0.03125,
        "process_cpu_util_percent": 96.19706090069029,
        "rss_start_mb": 371.21484375,
        "rss_end_mb": 371.23046875,
        "rss_delta_mb": 0.015625,
        "rss_peak_mb": 371.234375,
        "cuda_start": {
          "cuda_available": false,
          "cuda_error": "ModuleNotFoundError: No module named 'torch'"
        },
        "cuda_end": {
          "cuda_available": false,
          "cuda_error": "ModuleNotFoundError: No module named 'torch'"
        }
      },
      {
        "name": "classic_modality_shapley_visualization_idx_34_Film-Noir",
        "wall_time_s": 0.11988539999583736,
        "process_cpu_time_s": 0.125,
        "process_cpu_util_percent": 104.26624093037202,
        "rss_start_mb": 371.21484375,
        "rss_end_mb": 373.11328125,
        "rss_delta_mb": 1.8984375,
        "rss_peak_mb": 374.99609375,
        "cuda_start": {
          "cuda_available": false,
          "cuda_error": "ModuleNotFoundError: No module named 'torch'"
        },
        "cuda_end": {
          "cuda_available": false,
          "cuda_error": "ModuleNotFoundError: No module named 'torch'"
        }
      },
      {
        "name": "classic_linear_contribution_idx_34_Film-Noir",
        "wall_time_s": 0.0015651999856345356,
        "process_cpu_time_s": 0.0,
        "process_cpu_util_percent": 0.0,
        "rss_start_mb": 373.09765625,
        "rss_end_mb": 373.11328125,
        "rss_delta_mb": 0.015625,
        "rss_peak_mb": 373.1171875,
        "cuda_start": {
          "cuda_available": false,
          "cuda_error": "ModuleNotFoundError: No module named 'torch'"
        },