{
  "index": 67,
  "target_genre": "Comedy",
  "target_genres": [
    "Comedy"
  ],
  "true_genres": [
    "Drama",
    "Romance",
    "Crime",
    "Mystery",
    "Film-Noir"
  ],
  "predicted_genres": [
    "Drama",
    "Romance",
    "Comedy"
  ],
  "probability": 0.5716339945793152,
  "top_probabilities": {
    "Sport": 0.6210304498672485,
    "Drama": 0.5981347560882568,
    "Romance": 0.5891035199165344,
    "Comedy": 0.5716339945793152,
    "Biography": 0.5462110042572021
  },
  "threshold": [
    0.36000001430511475,
    0.44999998807907104,
    0.5,
    0.5899999737739563,
    0.5400000214576721,
    0.7599999904632568,
    0.6899999976158142,
    0.8199999928474426,
    0.7200000286102295,
    0.6299999952316284,
    0.7799999713897705,
    0.7400000095367432,
    0.8100000023841858,
    0.6000000238418579,
    0.8899999856948853,
    0.7599999904632568,
    0.550000011920929,
    0.8999999761581421,
    0.7799999713897705,
    0.9700000286102295,
    0.7699999809265137,
    0.8899999856948853,
    0.9399999976158142
  ],
  "target_selection": {
    "policy": "predicted",
    "target_indices": [
      0,
      2,
      1
    ],
    "target_genres": [
      "Drama",
      "Romance",
      "Comedy"
    ],
    "all_selected_indices": [
      0,
      2,
      1
    ],
    "all_selected_genres": [
      "Drama",
      "Romance",
      "Comedy"
    ],
    "predicted_indices": [
      0,
      2,
      1
    ],
    "predicted_genres": [
      "Drama",
      "Romance",
      "Comedy"
    ],
    "threshold": [
      0.36000001430511475,
      0.44999998807907104,
      0.5,
      0.5899999737739563,
      0.5400000214576721,
      0.7599999904632568,
      0.6899999976158142,
      0.8199999928474426,
      0.7200000286102295,
      0.6299999952316284,
      0.7799999713897705,
      0.7400000095367432,
      0.8100000023841858,
      0.6000000238418579,
      0.8899999856948853,
      0.7599999904632568,
      0.550000011920929,
      0.8999999761581421,
      0.7799999713897705,
      0.9700000286102295,
      0.7699999809265137,
      0.8899999856948853,
      0.9399999976158142
    ],
    "max_targets_per_sample": 3
  },
  "methods": [
    "IntegratedGradients_image_pixels",
    "image_occlusion_sensitivity",
    "experimental_label_correlation_head"
  ],
  "top_tokens": [],
  "gate_mean": null,
  "gate_std": null,
  "config": {
    "model_name": "neural_efficientnet_b0_image_only_unfrozen_lr1e4",
    "modality": "image_only",
    "text_encoder": "bigru_attention",
    "image_encoder": "efficientnet_b0",
    "fusion": "gmu",
    "hidden_dim": 256,
    "text_cnn_channels": 128,
    "text_cnn_kernels": [
      3,
      4,
      5
    ],
    "text_rnn_hidden_dim": 128,
    "text_rnn_layers": 1,
    "text_rnn_dropout": 0.2,
    "text_attention_dim": 128,
    "text_transformer_layers": 2,
    "text_transformer_heads": 6,
    "text_transformer_ff_dim": 512,
    "text_transformer_dropout": 0.1,
    "pretrained_image": false,
    "freeze_image_backbone": false,
    "batch_size": 16,
    "epochs": 10,
    "learning_rate": 0.0001,
    "weight_decay": 0.01,
    "num_workers": 0,
    "patience": 3,
    "threshold_metric": "macro_f1",
    "threshold_strategy": "per_label",
    "threshold_min": 0.01,
    "threshold_max": 0.99,
    "threshold_steps": 99,
    "loss": "bce",
    "focal_gamma": 2.0,
    "pos_weight_clip": null,
    "scheduler": "plateau",
    "scheduler_factor": 0.5,
    "scheduler_patience": 1,
    "min_learning_rate": 1e-06,
    "enable_label_correlation": true,
    "max_length": 512,
    "input_size": 224,
    "freeze_embeddings": false
  },
  "performance": {
    "measurements": [
      {
        "name": "neural_image_integrated_gradients_idx_67_Comedy",
        "wall_time_s": 0.7023223750002217,
        "process_cpu_time_s": 0.7077197849998811,
        "process_cpu_util_percent": 100.76850890585078,
        "rss_start_mb": 3327.82421875,
        "rss_end_mb": 3372.0390625,
        "rss_delta_mb": 44.21484375,
        "rss_peak_mb": 3480.51953125,
        "cuda_start": {
          "cuda_available": false
        },
        "cuda_end": {
          "cuda_available": false
        }
      },
      {
        "name": "neural_image_ig_visualization_idx_67_Comedy",
        "wall_time_s": 0.02877920900027675,
        "process_cpu_time_s": 0.01999217699994915,
        "process_cpu_util_percent": 69.46743046258463,
        "rss_start_mb": 3372.0390625,
        "rss_end_mb": 3372.0390625,
        "rss_delta_mb": 0.0,
        "rss_peak_mb": 3372.04296875,
        "cuda_start": {
          "cuda_available": false
        },
        "cuda_end": {
          "cuda_available": false
        }
      },
      {
        "name": "neural_image_occlusion_idx_67_Comedy",
        "wall_time_s": 0.578994146999321,
        "process_cpu_time_s": 0.5847006889998738,
        "process_cpu_util_percent": 100.98559580094677,
        "rss_start_mb": 3372.0390625,
        "rss_end_mb": 3372.0390625,
        "rss_delta_mb": 0.0,
        "rss_peak_mb": 3445.546875,
        "cuda_start": {
          "cuda_available": false
        },
        "cuda_end": {
          "cuda_available": false
        }
      },
      {
        "name": "neural_image_occlusion_visualization_idx_67_Comedy",
        "wall_time_s": 0.030740829999558628,
        "process_cpu_time_s": 0.020880916999885812,
        "process_cpu_util_percent": 67.92567734893827,
        "rss_start_mb": 3372.0390625,
        "rss_end_mb": 3372.0390625,
        "rss_delta_mb": 0.0,
        "rss_peak_mb": 3372.04296875,
        "cuda_start": {
          "cuda_available": false
        },
        "cuda_end": {
          "cuda_available": false
        }
      }
    ],
    "summary": {
      "count": 4,
      "total_wall_time_s": 1.340836560999378,
      "mean_wall_time_s": 0.3352091402498445,
      "total_process_cpu_time_s": 1.3332935679995899,
      "mean_process_cpu_util_percent": 84.78680312958011,
      "max_rss_peak_mb": 3480.51953125
    }
  },
  "image_occlusion": {
    "baseline_probability": 0.5716339945793152,
    "baseline_logit": 0.288520872592926,
    "grid_size": 4,
    "top_patches": [
      {
        "row": 2,
        "col": 3,
        "y0": 112,
        "y1": 168,
        "x0": 168,
        "x1": 224,
        "occluded_probability": 0.42401236295700073,
        "probability_delta": 0.14762163162231445,
        "occluded_logit": -0.3063235580921173,
        "logit_delta": 0.5948444604873657
      },
      {
        "row": 2,
        "col": 2,
        "y0": 112,
        "y1": 168,
        "x0": 112,
        "x1": 168,
        "occluded_probability": 0.45892879366874695,
        "probability_delta": 0.11270520091056824,
        "occluded_logit": -0.16465577483177185,
        "logit_delta": 0.4531766474246979
      },
      {
        "row": 1,
        "col": 2,
        "y0": 56,
        "y1": 112,
        "x0": 112,
        "x1": 168,
        "occluded_probability": 0.4874532222747803,
        "probability_delta": 0.08418077230453491,
        "occluded_logit": -0.05019773170351982,
        "logit_delta": 0.33871859312057495
      },
      {
        "row": 3,
        "col": 3,
        "y0": 168,
        "y1": 224,
        "x0": 168,
        "x1": 224,
        "occluded_probability": 0.5046917200088501,
        "probability_delta": 0.06694227457046509,
        "occluded_logit": 0.018767476081848145,
        "logit_delta": 0.2697533965110779
      },
      {
        "row": 1,
        "col": 0,
        "y0": 56,
        "y1": 112,
        "x0": 0,
        "x1": 56,
        "occluded_probability": 0.6363329887390137,
        "probability_delta": -0.06469899415969849,
        "occluded_logit": 0.5594833493232727,
        "logit_delta": -0.2709624767303467
      },
      {
        "row": 0,
        "col": 3,
        "y0": 0,
        "y1": 56,
        "x0": 168,
        "x1": 224,
        "occluded_probability": 0.5200191736221313,
        "probability_delta": 0.05161482095718384,