{
  "index": 40,
  "target_genre": "Mystery",
  "target_genres": [
    "Mystery"
  ],
  "true_genres": [
    "Drama",
    "Thriller",
    "Crime",
    "Film-Noir"
  ],
  "predicted_genres": [
    "Film-Noir",
    "Crime",
    "Mystery",
    "Thriller",
    "Romance",
    "Drama"
  ],
  "probability": 0.820979118347168,
  "top_probabilities": {
    "Film-Noir": 0.9707868695259094,
    "Crime": 0.8442522883415222,
    "Mystery": 0.820979118347168,
    "Thriller": 0.773943305015564,
    "Romance": 0.6486096382141113
  },
  "threshold": [
    0.36000001430511475,
    0.44999998807907104,
    0.5,
    0.5899999737739563,
    0.5400000214576721,
    0.7599999904632568,
    0.6899999976158142,
    0.8199999928474426,
    0.7200000286102295,
    0.6299999952316284,
    0.7799999713897705,
    0.7400000095367432,
    0.8100000023841858,
    0.6000000238418579,
    0.8899999856948853,
    0.7599999904632568,
    0.550000011920929,
    0.8999999761581421,
    0.7799999713897705,
    0.9700000286102295,
    0.7699999809265137,
    0.8899999856948853,
    0.9399999976158142
  ],
  "target_selection": {
    "policy": "predicted",
    "target_indices": [
      22,
      4,
      9
    ],
    "target_genres": [
      "Film-Noir",
      "Crime",
      "Mystery"
    ],
    "all_selected_indices": [
      22,
      4,
      9,
      3,
      2,
      0
    ],
    "all_selected_genres": [
      "Film-Noir",
      "Crime",
      "Mystery",
      "Thriller",
      "Romance",
      "Drama"
    ],
    "predicted_indices": [
      22,
      4,
      9,
      3,
      2,
      0
    ],
    "predicted_genres": [
      "Film-Noir",
      "Crime",
      "Mystery",
      "Thriller",
      "Romance",
      "Drama"
    ],
    "threshold": [
      0.36000001430511475,
      0.44999998807907104,
      0.5,
      0.5899999737739563,
      0.5400000214576721,
      0.7599999904632568,
      0.6899999976158142,
      0.8199999928474426,
      0.7200000286102295,
      0.6299999952316284,
      0.7799999713897705,
      0.7400000095367432,
      0.8100000023841858,
      0.6000000238418579,
      0.8899999856948853,
      0.7599999904632568,
      0.550000011920929,
      0.8999999761581421,
      0.7799999713897705,
      0.9700000286102295,
      0.7699999809265137,
      0.8899999856948853,
      0.9399999976158142
    ],
    "max_targets_per_sample": 3
  },
  "methods": [
    "IntegratedGradients_image_pixels",
    "image_occlusion_sensitivity",
    "experimental_label_correlation_head"
  ],
  "top_tokens": [],
  "gate_mean": null,
  "gate_std": null,
  "config": {
    "model_name": "neural_efficientnet_b0_image_only_unfrozen_lr1e4",
    "modality": "image_only",
    "text_encoder": "bigru_attention",
    "image_encoder": "efficientnet_b0",
    "fusion": "gmu",
    "hidden_dim": 256,
    "text_cnn_channels": 128,
    "text_cnn_kernels": [
      3,
      4,
      5
    ],
    "text_rnn_hidden_dim": 128,
    "text_rnn_layers": 1,
    "text_rnn_dropout": 0.2,
    "text_attention_dim": 128,
    "text_transformer_layers": 2,
    "text_transformer_heads": 6,
    "text_transformer_ff_dim": 512,
    "text_transformer_dropout": 0.1,
    "pretrained_image": false,
    "freeze_image_backbone": false,
    "batch_size": 16,
    "epochs": 10,
    "learning_rate": 0.0001,
    "weight_decay": 0.01,
    "num_workers": 0,
    "patience": 3,
    "threshold_metric": "macro_f1",
    "threshold_strategy": "per_label",
    "threshold_min": 0.01,
    "threshold_max": 0.99,
    "threshold_steps": 99,
    "loss": "bce",
    "focal_gamma": 2.0,
    "pos_weight_clip": null,
    "scheduler": "plateau",
    "scheduler_factor": 0.5,
    "scheduler_patience": 1,
    "min_learning_rate": 1e-06,
    "enable_label_correlation": true,
    "max_length": 512,
    "input_size": 224,
    "freeze_embeddings": false
  },
  "performance": {
    "measurements": [
      {
        "name": "neural_image_integrated_gradients_idx_40_Mystery",
        "wall_time_s": 0.8178465319997485,
        "process_cpu_time_s": 0.8066474540000854,
        "process_cpu_util_percent": 98.63066265350788,
        "rss_start_mb": 3359.921875,
        "rss_end_mb": 3357.625,
        "rss_delta_mb": -2.296875,
        "rss_peak_mb": 3491.109375,
        "cuda_start": {
          "cuda_available": false
        },
        "cuda_end": {
          "cuda_available": false
        }
      },
      {
        "name": "neural_image_ig_visualization_idx_40_Mystery",
        "wall_time_s": 0.036213099001543014,
        "process_cpu_time_s": 0.02294957699996303,
        "process_cpu_util_percent": 63.37368972201237,
        "rss_start_mb": 3357.625,
        "rss_end_mb": 3357.625,
        "rss_delta_mb": 0.0,
        "rss_peak_mb": 3357.62890625,
        "cuda_start": {
          "cuda_available": false
        },
        "cuda_end": {
          "cuda_available": false
        }
      },
      {
        "name": "neural_image_occlusion_idx_40_Mystery",
        "wall_time_s": 0.7175516839997726,
        "process_cpu_time_s": 0.6794206330000634,
        "process_cpu_util_percent": 94.68595059422627,
        "rss_start_mb": 3357.625,
        "rss_end_mb": 3357.625,
        "rss_delta_mb": 0.0,
        "rss_peak_mb": 3431.1328125,
        "cuda_start": {
          "cuda_available": false
        },
        "cuda_end": {
          "cuda_available": false
        }
      },
      {
        "name": "neural_image_occlusion_visualization_idx_40_Mystery",
        "wall_time_s": 0.04264490900095552,
        "process_cpu_time_s": 0.024282291999952577,
        "process_cpu_util_percent": 56.9406584955041,
        "rss_start_mb": 3357.625,
        "rss_end_mb": 3357.625,
        "rss_delta_mb": 0.0,
        "rss_peak_mb": 3357.62890625,
        "cuda_start": {
          "cuda_available": false
        },
        "cuda_end": {
          "cuda_available": false
        }
      }
    ],
    "summary": {
      "count": 4,
      "total_wall_time_s": 1.6142562240020197,
      "mean_wall_time_s": 0.40356405600050493,
      "total_process_cpu_time_s": 1.5332999560000644,
      "mean_process_cpu_util_percent": 78.40774036631265,
      "max_rss_peak_mb": 3491.109375
    }
  },
  "image_occlusion": {
    "baseline_probability": 0.820979118347168,
    "baseline_logit": 1.522995114326477,
    "grid_size": 4,
    "top_patches": [
      {
        "row": 2,
        "col": 0,
        "y0": 112,
        "y1": 168,
        "x0": 0,
        "x1": 56,
        "occluded_probability": 0.7726439237594604,
        "probability_delta": 0.04833519458770752,
        "occluded_logit": 1.2233006954193115,
        "logit_delta": 0.2996944189071655
      },
      {
        "row": 1,
        "col": 2,
        "y0": 56,
        "y1": 112,
        "x0": 112,
        "x1": 168,
        "occluded_probability": 0.8658458590507507,
        "probability_delta": -0.044866740703582764,
        "occluded_logit": 1.8647171258926392,
        "logit_delta": -0.3417220115661621
      },
      {
        "row": 2,
        "col": 3,
        "y0": 112,
        "y1": 168,
        "x0": 168,
        "x1": 224,
        "occluded_probability": 0.8537891507148743,
        "probability_delta": -0.0328100323677063,
        "occluded_logit": 1.764634370803833,
        "logit_delta": -0.24163925647735596
      },
      {
        "row": 3,
        "col": 3,
        "y0": 168,
        "y1": 224,
        "x0": 168,
        "x1": 224,
        "occluded_probability": 0.8480907678604126,
        "probability_delta": -0.02711164951324463,
        "occluded_logit": 1.719704508781433,
        "logit_delta": -0.19670939445495605
      },
      {
        "row": 2,
        "col": 1,
        "y0": 112,
        "y1": 168,
        "x0": 56,
        "x1": 112,
        "occluded_probability": 0.7973254919052124,
        "probability_delta": 0.023653626441955566,
        "occluded_logit": 1.369661569595337,
        "logit_delta": 0.15333354473114014
      },
      {
        "row": 3,
        "col": 2,
        "y0": 168,
        "y1": 224,