{
  "index": 66,
  "target_genre": "Mystery",
  "target_genres": [
    "Mystery"
  ],
  "true_genres": [
    "Thriller",
    "Crime",
    "Mystery",
    "Film-Noir"
  ],
  "predicted_genres": [
    "Mystery",
    "Thriller",
    "Crime",
    "Comedy",
    "Drama"
  ],
  "probability": 0.908561646315737,
  "top_probabilities": {
    "Mystery": 0.908561646938324,
    "Thriller": 0.808325469493866,
    "Crime": 0.6627981662750244,
    "Comedy": 0.578359842300415,
    "Drama": 0.5773690342903137
  },
  "target_selection": {
    "policy": "predicted",
    "target_indices": [
      9,
      3,
      4
    ],
    "target_genres": [
      "Mystery",
      "Thriller",
      "Crime"
    ],
    "all_selected_indices": [
      9,
      3,
      4,
      1,
      0
    ],
    "all_selected_genres": [
      "Mystery",
      "Thriller",
      "Crime",
      "Comedy",
      "Drama"
    ],
    "predicted_indices": [
      9,
      3,
      4,
      1,
      0
    ],
    "predicted_genres": [
      "Mystery",
      "Thriller",
      "Crime",
      "Comedy",
      "Drama"
    ],
    "threshold": [
      0.30000001192092896,
      0.44999998807907104,
      0.5,
      0.5,
      0.6000000238418579,
      0.550000011920929,
      0.6000000238418579,
      0.6000000238418579,
      0.6000000238418579,
      0.5,
      0.699999988079071,
      0.75,
      0.6000000238418579,
      0.699999988079071,
      0.6499999761581421,
      0.6000000238418579,
      0.6499999761581421,
      0.550000011920929,
      0.699999988079071,
      0.6000000238418579,
      0.6499999761581421,
      0.5,
      0.699999988079071
    ],
    "max_targets_per_sample": 3
  },
  "method": "linear_feature_contribution",
  "methods": [
    "linear_feature_contribution",
    "modality_shapley"
  ],
  "modality_shapley": {
    "method": "two_modality_shapley",
    "probability": {
      "values": {
        "blank": 0.10581774089238796,
        "text_only": 0.810758317405717,
        "image_only": 0.21535580865284124,
        "both": 0.908561646315737
      },
      "shapley": {
        "text": 0.6990732070881125,
        "image": 0.10367069833523662,
        "interaction": -0.011734738850433302,
        "blank_to_both_delta": 0.8027439054233491,
        "abs_total": 0.8027439054233492,
        "text_utilization": 0.8708545806018134,
        "image_utilization": 0.12914541939818655
      }
    },
    "logit": {
      "values": {
        "blank": -2.134191434983072,
        "text_only": 1.454945061989838,
        "image_only": -1.2929387713822853,
        "both": 2.296197725590628
      },
      "shapley": {
        "text": 3.5891364969729116,
        "image": 0.8412526636007883,
        "interaction": 2.6645352591003757e-15,
        "blank_to_both_delta": 4.4303891605737,
        "abs_total": 4.4303891605737,
        "text_utilization": 0.8101176593949926,
        "image_utilization": 0.18988234060500744
      }
    }
  },
  "intercept": -2.134191434983072,
  "text_logit_contribution": 3.5891364969729116,
  "image_logit_contribution": 0.8412526636007877,
  "label_dependency_logit_contribution": 0.0,
  "top_text_features": [
    {
      "feature": "catherine",
      "tfidf": 0.23944471776485443,
      "contribution": 0.39091136559301354
    },
    {
      "feature": "killer",
      "tfidf": 0.08224843442440033,
      "contribution": 0.3338653537737633
    },
    {
      "feature": "suspect",
      "tfidf": 0.09686648100614548,
      "contribution": 0.315818403809538
    },
    {
      "feature": "marlowe",
      "tfidf": 0.13879013061523438,
      "contribution": 0.30410325516942666
    },
    {
      "feature": "the",
      "tfidf": 0.09563944488763809,
      "contribution": 0.22183369219647003
    },
    {
      "feature": "prime",
      "tfidf": 0.10732796043157578,
      "contribution": 0.20485384211863897
    },
    {
      "feature": "death",
      "tfidf": 0.06521261483430862,
      "contribution": 0.18662115329087178
    },
    {
      "feature": "is",
      "tfidf": 0.0496012344956398,
      "contribution": 0.1821768146045308
    },
    {
      "feature": "martin",
      "tfidf": 0.10281785577535629,
      "contribution": 0.17349731888768116
    },
    {
      "feature": "blair",
      "tfidf": 0.42173925042152405,
      "contribution": 0.16536187278150913
    },
    {
      "feature": "love",
      "tfidf": 0.05254227668046951,
      "contribution": -0.15264710494740508
    },
    {
      "feature": "morning",
      "tfidf": 0.09266534447669983,
      "contribution": 0.14556525079690313
    }
  ],
  "top_image_features": [
    {
      "feature": "thumbnail_y6_x0",
      "value": -1.0890543460845947,
      "contribution": 0.829953416496897
    },
    {
      "feature": "thumbnail_y6_x2",
      "value": -0.9298302531242371,
      "contribution": 0.8101457490472103
    },
    {
      "feature": "thumbnail_y6_x1",
      "value": -0.9572814702987671,
      "contribution": -0.7829858865296406
    },
    {
      "feature": "thumbnail_y19_x13",
      "value": -1.2920113801956177,
      "contribution": -0.7822620619617692
    },
    {
      "feature": "thumbnail_y3_x3",
      "value": -1.4015933275222778,
      "contribution": -0.7349095573584853
    },
    {
      "feature": "thumbnail_y13_x2",
      "value": -1.449582815170288,
      "contribution": -0.7142554629373832
    },
    {
      "feature": "thumbnail_y18_x16",
      "value": -1.191870927810669,
      "contribution": -0.6362820952881926
    },
    {
      "feature": "thumbnail_y18_x17",
      "value": -1.1007615327835083,
      "contribution": 0.6341053296393596
    },
    {
      "feature": "thumbnail_y0_x3",
      "value": -1.015190601348877,
      "contribution": 0.6191400801928646
    },
    {
      "feature": "thumbnail_y0_x23",
      "value": -1.1416186094284058,
      "contribution": 0.5853234595677721
    },
    {
      "feature": "thumbnail_y0_x31",
      "value": -0.8462268114089966,
      "contribution": 0.56887878277525
    },
    {
      "feature": "thumbnail_y19_x7",
      "value": -0.7391539812088013,
      "contribution": 0.5550301203422942
    }
  ],
  "label_dependency_contributions": [],
  "performance": {
    "measurements": [
      {
        "name": "classic_modality_shapley_idx_66_Mystery",
        "wall_time_s": 0.029842117999578477,
        "process_cpu_time_s": 0.029185754999843994,
        "process_cpu_util_percent": 97.80054820591569,
        "rss_start_mb": 2052.78515625,
        "rss_end_mb": 2052.78515625,
        "rss_delta_mb": 0.0,
        "rss_peak_mb": 2052.7890625,
        "cuda_start": {
          "cuda_available": false
        },
        "cuda_end": {
          "cuda_available": false
        }
      },
      {
        "name": "classic_modality_shapley_visualization_idx_66_Mystery",
        "wall_time_s": 0.17052635199979704,
        "process_cpu_time_s": 0.16171959300004346,
        "process_cpu_util_percent": 94.83554365851674,
        "rss_start_mb": 2052.78515625,
        "rss_end_mb": 2052.7890625,
        "rss_delta_mb": 0.00390625,
        "rss_peak_mb": 2052.79296875,
        "cuda_start": {
          "cuda_available": false
        },
        "cuda_end": {
          "cuda_available": false
        }
      },
      {
        "name": "classic_linear_contribution_idx_66_Mystery",
        "wall_time_s": 0.001067029999830993,
        "process_cpu_time_s": 0.0008385610001369059,
        "process_cpu_util_percent": 78.58832462721065,
        "rss_start_mb": 2052.7890625,
        "rss_end_mb": 2052.7890625,
        "rss_delta_mb": 0.0,
        "rss_peak_mb": 2052.79296875,
        "cuda_start": {
          "cuda_available": false
        },
        "cuda_end": {
          "cuda_available": false
        }
      },
      {
        "name": "classic_visualization_idx_66_Mystery",
        "wall_time_s": 0.2618978669997887,
        "process_cpu_time_s": 0.24410838000017065,
        "process_cpu_util_percent": 93.20747159821948,
        "rss_start_mb": 2052.7890625,
        "rss_end_mb": 2052.7890625,