{
  "index": 9,
  "target_genre": "History",
  "target_genres": [
    "History"
  ],
  "true_genres": [
    "Drama",
    "Crime",
    "Film-Noir"
  ],
  "predicted_genres": [
    "War",
    "History",
    "Biography",
    "Drama"
  ],
  "probability": 0.9579941630363464,
  "top_probabilities": {
    "War": 0.980059802532196,
    "History": 0.9579941630363464,
    "Western": 0.9510634541511536,
    "Biography": 0.7802865505218506,
    "Action": 0.6538263559341431
  },
  "threshold": [
    0.36000001430511475,
    0.44999998807907104,
    0.5,
    0.5899999737739563,
    0.5400000214576721,
    0.7599999904632568,
    0.6899999976158142,
    0.8199999928474426,
    0.7200000286102295,
    0.6299999952316284,
    0.7799999713897705,
    0.7400000095367432,
    0.8100000023841858,
    0.6000000238418579,
    0.8899999856948853,
    0.7599999904632568,
    0.550000011920929,
    0.8999999761581421,
    0.7799999713897705,
    0.9700000286102295,
    0.7699999809265137,
    0.8899999856948853,
    0.9399999976158142
  ],
  "target_selection": {
    "policy": "predicted",
    "target_indices": [
      14,
      15,
      13
    ],
    "target_genres": [
      "War",
      "History",
      "Biography"
    ],
    "all_selected_indices": [
      14,
      15,
      13,
      0
    ],
    "all_selected_genres": [
      "War",
      "History",
      "Biography",
      "Drama"
    ],
    "predicted_indices": [
      14,
      15,
      13,
      0
    ],
    "predicted_genres": [
      "War",
      "History",
      "Biography",
      "Drama"
    ],
    "threshold": [
      0.36000001430511475,
      0.44999998807907104,
      0.5,
      0.5899999737739563,
      0.5400000214576721,
      0.7599999904632568,
      0.6899999976158142,
      0.8199999928474426,
      0.7200000286102295,
      0.6299999952316284,
      0.7799999713897705,
      0.7400000095367432,
      0.8100000023841858,
      0.6000000238418579,
      0.8899999856948853,
      0.7599999904632568,
      0.550000011920929,
      0.8999999761581421,
      0.7799999713897705,
      0.9700000286102295,
      0.7699999809265137,
      0.8899999856948853,
      0.9399999976158142
    ],
    "max_targets_per_sample": 3
  },
  "methods": [
    "IntegratedGradients_image_pixels",
    "image_occlusion_sensitivity",
    "experimental_label_correlation_head"
  ],
  "top_tokens": [],
  "gate_mean": null,
  "gate_std": null,
  "config": {
    "model_name": "neural_efficientnet_b0_image_only_unfrozen_lr1e4",
    "modality": "image_only",
    "text_encoder": "bigru_attention",
    "image_encoder": "efficientnet_b0",
    "fusion": "gmu",
    "hidden_dim": 256,
    "text_cnn_channels": 128,
    "text_cnn_kernels": [
      3,
      4,
      5
    ],
    "text_rnn_hidden_dim": 128,
    "text_rnn_layers": 1,
    "text_rnn_dropout": 0.2,
    "text_attention_dim": 128,
    "text_transformer_layers": 2,
    "text_transformer_heads": 6,
    "text_transformer_ff_dim": 512,
    "text_transformer_dropout": 0.1,
    "pretrained_image": false,
    "freeze_image_backbone": false,
    "batch_size": 16,
    "epochs": 10,
    "learning_rate": 0.0001,
    "weight_decay": 0.01,
    "num_workers": 0,
    "patience": 3,
    "threshold_metric": "macro_f1",
    "threshold_strategy": "per_label",
    "threshold_min": 0.01,
    "threshold_max": 0.99,
    "threshold_steps": 99,
    "loss": "bce",
    "focal_gamma": 2.0,
    "pos_weight_clip": null,
    "scheduler": "plateau",
    "scheduler_factor": 0.5,
    "scheduler_patience": 1,
    "min_learning_rate": 1e-06,
    "enable_label_correlation": true,
    "max_length": 512,
    "input_size": 224,
    "freeze_embeddings": false
  },
  "performance": {
    "measurements": [
      {
        "name": "neural_image_integrated_gradients_idx_9_History",
        "wall_time_s": 0.7614136129996041,
        "process_cpu_time_s": 0.7655382680000002,
        "process_cpu_util_percent": 100.54171017302238,
        "rss_start_mb": 3371.8359375,
        "rss_end_mb": 3327.625,
        "rss_delta_mb": -44.2109375,
        "rss_peak_mb": 3489.25,
        "cuda_start": {
          "cuda_available": false
        },
        "cuda_end": {
          "cuda_available": false
        }
      },
      {
        "name": "neural_image_ig_visualization_idx_9_History",
        "wall_time_s": 0.03976796000097238,
        "process_cpu_time_s": 0.02589683199994397,
        "process_cpu_util_percent": 65.1198401912262,
        "rss_start_mb": 3327.625,
        "rss_end_mb": 3327.625,
        "rss_delta_mb": 0.0,
        "rss_peak_mb": 3327.62890625,
        "cuda_start": {
          "cuda_available": false
        },
        "cuda_end": {
          "cuda_available": false
        }
      },
      {
        "name": "neural_image_occlusion_idx_9_History",
        "wall_time_s": 0.6189509670002735,
        "process_cpu_time_s": 0.6244237660002909,
        "process_cpu_util_percent": 100.88420558199323,
        "rss_start_mb": 3327.625,
        "rss_end_mb": 3327.62890625,
        "rss_delta_mb": 0.00390625,
        "rss_peak_mb": 3401.1328125,
        "cuda_start": {
          "cuda_available": false
        },
        "cuda_end": {
          "cuda_available": false
        }
      },
      {
        "name": "neural_image_occlusion_visualization_idx_9_History",
        "wall_time_s": 0.026311049001378706,
        "process_cpu_time_s": 0.01733201699971687,
        "process_cpu_util_percent": 65.87353092158608,
        "rss_start_mb": 3327.62890625,
        "rss_end_mb": 3327.62890625,
        "rss_delta_mb": 0.0,
        "rss_peak_mb": 3327.6328125,
        "cuda_start": {
          "cuda_available": false
        },
        "cuda_end": {
          "cuda_available": false
        }
      }
    ],
    "summary": {
      "count": 4,
      "total_wall_time_s": 1.4464435890022287,
      "mean_wall_time_s": 0.3616108972505572,
      "total_process_cpu_time_s": 1.433190882999952,
      "mean_process_cpu_util_percent": 83.10482171695698,
      "max_rss_peak_mb": 3489.25
    }
  },
  "image_occlusion": {
    "baseline_probability": 0.9579941630363464,
    "baseline_logit": 3.1270346641540527,
    "grid_size": 4,
    "top_patches": [
      {
        "row": 3,
        "col": 2,
        "y0": 168,
        "y1": 224,
        "x0": 112,
        "x1": 168,
        "occluded_probability": 0.9121619462966919,
        "probability_delta": 0.04583221673965454,
        "occluded_logit": 2.340322732925415,
        "logit_delta": 0.7867119312286377
      },
      {
        "row": 0,
        "col": 2,
        "y0": 0,
        "y1": 56,
        "x0": 112,
        "x1": 168,
        "occluded_probability": 0.936464786529541,
        "probability_delta": 0.02152937650680542,
        "occluded_logit": 2.690516710281372,
        "logit_delta": 0.43651795387268066
      },
      {
        "row": 2,
        "col": 1,
        "y0": 112,
        "y1": 168,
        "x0": 56,
        "x1": 112,
        "occluded_probability": 0.9423984289169312,
        "probability_delta": 0.015595734119415283,
        "occluded_logit": 2.79487943649292,
        "logit_delta": 0.3321552276611328
      },
      {
        "row": 2,
        "col": 3,
        "y0": 112,
        "y1": 168,
        "x0": 168,
        "x1": 224,
        "occluded_probability": 0.9456349015235901,
        "probability_delta": 0.012359261512756348,
        "occluded_logit": 2.856133222579956,
        "logit_delta": 0.2709014415740967
      },
      {
        "row": 2,
        "col": 2,
        "y0": 112,
        "y1": 168,
        "x0": 112,
        "x1": 168,
        "occluded_probability": 0.9457939863204956,
        "probability_delta": 0.01220017671585083,
        "occluded_logit": 2.8592324256896973,
        "logit_delta": 0.26780223846435547
      },
      {
        "row": 0,
        "col": 3,
        "y0": 0,
        "y1": 56,
        "x0": 168,
        "x1": 224,
        "occluded_probability": 0.945895791053772,
        "probability_delta": 0.012098371982574463,