{
  "index": 46,
  "target_genre": "label_set",
  "target_genres": [
    "Film-Noir",
    "Drama",
    "War"
  ],
  "true_genres": [
    "Drama",
    "Thriller",
    "Crime",
    "Mystery",
    "Film-Noir"
  ],
  "predicted_genres": [
    "Film-Noir",
    "Drama",
    "War",
    "Mystery",
    "Thriller",
    "Crime"
  ],
  "probability": 0.8629412651062012,
  "set_logit": 6.234699249267578,
  "top_probabilities": {
    "Film-Noir": 0.9635820388793945,
    "Drama": 0.8427637219429016,
    "War": 0.7824780941009521,
    "Mystery": 0.7384094595909119,
    "Thriller": 0.7379939556121826
  },
  "target_selection": {
    "policy": "predicted",
    "target_indices": [
      22,
      0,
      14
    ],
    "target_genres": [
      "Film-Noir",
      "Drama",
      "War"
    ],
    "all_selected_indices": [
      22,
      0,
      14,
      9,
      3,
      4
    ],
    "all_selected_genres": [
      "Film-Noir",
      "Drama",
      "War",
      "Mystery",
      "Thriller",
      "Crime"
    ],
    "predicted_indices": [
      22,
      0,
      14,
      9,
      3,
      4
    ],
    "predicted_genres": [
      "Film-Noir",
      "Drama",
      "War",
      "Mystery",
      "Thriller",
      "Crime"
    ],
    "threshold": [
      0.30000001192092896,
      0.44999998807907104,
      0.5,
      0.5,
      0.6000000238418579,
      0.550000011920929,
      0.6000000238418579,
      0.6000000238418579,
      0.6000000238418579,
      0.5,
      0.699999988079071,
      0.75,
      0.6000000238418579,
      0.699999988079071,
      0.6499999761581421,
      0.6000000238418579,
      0.6499999761581421,
      0.550000011920929,
      0.699999988079071,
      0.6000000238418579,
      0.6499999761581421,
      0.5,
      0.699999988079071
    ],
    "max_targets_per_sample": 3
  },
  "methods": [
    "experimental_set_linear_feature_contribution",
    "modality_shapley"
  ],
  "intercept": -10.040148172806628,
  "text_logit_contribution": 5.814617156982422,
  "image_logit_contribution": 10.460230827331543,
  "label_dependency_logit_contribution": 0.0,
  "top_text_features": [
    {
      "feature": "war",
      "tfidf": 0.08176165819168091,
      "contribution": 1.4443546533584595
    },
    {
      "feature": "nazi",
      "tfidf": 0.1286129355430603,
      "contribution": 0.8755583763122559
    },
    {
      "feature": "camp",
      "tfidf": 0.12127023935317993,
      "contribution": 0.556071937084198
    },
    {
      "feature": "his",
      "tfidf": 0.24130374193191528,
      "contribution": 0.5236529111862183
    },
    {
      "feature": "is",
      "tfidf": 0.15889090299606323,
      "contribution": 0.5221174955368042
    },
    {
      "feature": "him",
      "tfidf": 0.10103853046894073,
      "contribution": 0.3786649703979492
    },
    {
      "feature": "a",
      "tfidf": 0.09946762025356293,
      "contribution": -0.33711111545562744
    },
    {
      "feature": "professor",
      "tfidf": 0.11660534888505936,
      "contribution": -0.2928222417831421
    },
    {
      "feature": "concentration",
      "tfidf": 0.16141758859157562,
      "contribution": 0.2830793857574463
    },
    {
      "feature": "to",
      "tfidf": 0.07907456159591675,
      "contribution": 0.2745767831802368
    },
    {
      "feature": "in",
      "tfidf": 0.05710209906101227,
      "contribution": 0.23897898197174072
    },
    {
      "feature": "but",
      "tfidf": 0.13445061445236206,
      "contribution": 0.22001703083515167
    }
  ],
  "top_image_features": [
    {
      "feature": "bottom_left_G_hist_bin_5",
      "value": 6.787082195281982,
      "contribution": 2.692352533340454
    },
    {
      "feature": "bottom_right_G_hist_bin_5",
      "value": 4.264873027801514,
      "contribution": -2.0668368339538574
    },
    {
      "feature": "bottom_right_B_hist_bin_9",
      "value": 3.0347037315368652,
      "contribution": 1.976038932800293
    },
    {
      "feature": "top_left_R_hist_bin_2",
      "value": 3.4408302307128906,
      "contribution": -1.8525573015213013
    },
    {
      "feature": "thumbnail_y5_x5",
      "value": -0.8059505820274353,
      "contribution": 1.7199569940567017
    },
    {
      "feature": "thumbnail_y1_x31",
      "value": 0.9228436350822449,
      "contribution": -1.5684292316436768
    },
    {
      "feature": "thumbnail_y0_x31",
      "value": 0.8564417958259583,
      "contribution": 1.406671166419983
    },
    {
      "feature": "thumbnail_y0_x29",
      "value": 0.6388177275657654,
      "contribution": 1.367519497871399
    },
    {
      "feature": "bottom_right_B_hist_bin_7",
      "value": 8.277469635009766,
      "contribution": 1.2713491916656494
    },
    {
      "feature": "thumbnail_y2_x11",
      "value": -1.1990940570831299,
      "contribution": 1.19112229347229
    },
    {
      "feature": "thumbnail_y2_x1",
      "value": -0.6857467293739319,
      "contribution": 1.1709215641021729
    },
    {
      "feature": "thumbnail_y4_x3",
      "value": -0.9511646032333374,
      "contribution": 1.1480668783187866
    }
  ],
  "label_dependency_contributions": [],
  "performance": {
    "measurements": [
      {
        "name": "classic_set_linear_contribution_idx_46",
        "wall_time_s": 0.002208599995356053,
        "process_cpu_time_s": 0.0,
        "process_cpu_util_percent": 0.0,
        "rss_start_mb": 353.59375,
        "rss_end_mb": 353.609375,
        "rss_delta_mb": 0.015625,
        "rss_peak_mb": 353.61328125,
        "cuda_start": {
          "cuda_available": false,
          "cuda_error": "ModuleNotFoundError: No module named 'torch'"
        },
        "cuda_end": {
          "cuda_available": false,
          "cuda_error": "ModuleNotFoundError: No module named 'torch'"
        }
      },
      {
        "name": "classic_set_modality_shapley_idx_46",
        "wall_time_s": 0.03216070000780746,
        "process_cpu_time_s": 0.03125,
        "process_cpu_util_percent": 97.16828300507645,
        "rss_start_mb": 353.59375,
        "rss_end_mb": 353.609375,
        "rss_delta_mb": 0.015625,
        "rss_peak_mb": 353.61328125,
        "cuda_start": {
          "cuda_available": false,
          "cuda_error": "ModuleNotFoundError: No module named 'torch'"
        },
        "cuda_end": {
          "cuda_available": false,
          "cuda_error": "ModuleNotFoundError: No module named 'torch'"
        }
      },
      {
        "name": "classic_set_modality_shapley_visualization_idx_46",
        "wall_time_s": 0.1132340999902226,
        "process_cpu_time_s": 0.109375,
        "process_cpu_util_percent": 96.59192770503248,
        "rss_start_mb": 353.59375,
        "rss_end_mb": 352.234375,
        "rss_delta_mb": -1.359375,
        "rss_peak_mb": 354.1171875,
        "cuda_start": {
          "cuda_available": false,
          "cuda_error": "ModuleNotFoundError: No module named 'torch'"
        },
        "cuda_end": {
          "cuda_available": false,
          "cuda_error": "ModuleNotFoundError: No module named 'torch'"
        }
      },
      {
        "name": "classic_set_visualization_idx_46",
        "wall_time_s": 0.19711879998794757,
        "process_cpu_time_s": 0.171875,
        "process_cpu_util_percent": 87.19361116773689,
        "rss_start_mb": 352.21875,
        "rss_end_mb": 355.51953125,
        "rss_delta_mb": 3.30078125,
        "rss_peak_mb": 358.80078125,
        "cuda_start": {
          "cuda_available": false,
          "cuda_error": "ModuleNotFoundError: No module named 'torch'"
        },
        "cuda_end": {
          "cuda_available": false,
          "cuda_error": "ModuleNotFoundError: No module named 'torch'"
        }
      }
    ],
    "summary": {
      "count": 4,
      "total_wall_time_s": 0.3447221999813337,
      "mean_wall_time_s": 0.08618054999533342,
      "total_process_cpu_time_s": 0.3125,
      "mean_process_cpu_util_percent": 70.23845546946146,
      "max_rss_peak_mb": 358.80078125
    }
  },