{
  "index": 11,
  "target_genre": "Thriller",
  "target_genres": [
    "Thriller"
  ],
  "true_genres": [
    "Drama",
    "Film-Noir"
  ],
  "predicted_genres": [
    "Crime",
    "Thriller",
    "Drama",
    "Mystery"
  ],
  "probability": 0.7829379360273312,
  "top_probabilities": {
    "Crime": 0.9067656993865967,
    "Thriller": 0.7829379439353943,
    "Drama": 0.770810067653656,
    "Mystery": 0.6041843891143799,
    "Action": 0.4184407889842987
  },
  "target_selection": {
    "policy": "predicted",
    "target_indices": [
      4,
      3,
      0
    ],
    "target_genres": [
      "Crime",
      "Thriller",
      "Drama"
    ],
    "all_selected_indices": [
      4,
      3,
      0,
      9
    ],
    "all_selected_genres": [
      "Crime",
      "Thriller",
      "Drama",
      "Mystery"
    ],
    "predicted_indices": [
      4,
      3,
      0,
      9
    ],
    "predicted_genres": [
      "Crime",
      "Thriller",
      "Drama",
      "Mystery"
    ],
    "threshold": [
      0.30000001192092896,
      0.44999998807907104,
      0.5,
      0.5,
      0.6000000238418579,
      0.550000011920929,
      0.6000000238418579,
      0.6000000238418579,
      0.6000000238418579,
      0.5,
      0.699999988079071,
      0.75,
      0.6000000238418579,
      0.699999988079071,
      0.6499999761581421,
      0.6000000238418579,
      0.6499999761581421,
      0.550000011920929,
      0.699999988079071,
      0.6000000238418579,
      0.6499999761581421,
      0.5,
      0.699999988079071
    ],
    "max_targets_per_sample": 3
  },
  "method": "linear_feature_contribution",
  "methods": [
    "linear_feature_contribution",
    "modality_shapley"
  ],
  "modality_shapley": {
    "method": "two_modality_shapley",
    "probability": {
      "values": {
        "blank": 0.22067535862780757,
        "text_only": 0.8275714537355044,
        "image_only": 0.17546536668413673,
        "both": 0.7829379360273312
      },
      "shapley": {
        "text": 0.6071843322254458,
        "image": -0.04492175482592205,
        "interaction": 0.0005764742354975871,
        "blank_to_both_delta": 0.5622625773995236,
        "abs_total": 0.6521060870513679,
        "text_utilization": 0.9311128116760188,
        "image_utilization": 0.06888718832398119
      }
    },
    "logit": {
      "values": {
        "blank": -1.2617350441840947,
        "text_only": 1.5685125263453685,
        "image_only": -1.5473774637514535,
        "both": 1.2828701067780128
      },
      "shapley": {
        "text": 2.8302475705294645,
        "image": -0.28564241956735725,
        "interaction": 3.1086244689504383e-15,
        "blank_to_both_delta": 2.5446051509621075,
        "abs_total": 3.1158899900968215,
        "text_utilization": 0.9083271808455339,
        "image_utilization": 0.09167281915446615
      }
    }
  },
  "intercept": -1.2617350441840947,
  "text_logit_contribution": 2.830247570529465,
  "image_logit_contribution": -0.2856424195673585,
  "label_dependency_logit_contribution": 0.0,
  "top_text_features": [
    {
      "feature": "is",
      "tfidf": 0.158023402094841,
      "contribution": 0.3593636196342681
    },
    {
      "feature": "killer",
      "tfidf": 0.06550834327936172,
      "contribution": 0.2975769419168502
    },
    {
      "feature": "frank",
      "tfidf": 0.29993465542793274,
      "contribution": 0.2731082183632025
    },
    {
      "feature": "information",
      "tfidf": 0.1503044217824936,
      "contribution": 0.2614677240366451
    },
    {
      "feature": "cop",
      "tfidf": 0.07370263338088989,
      "contribution": 0.23302943397062514
    },
    {
      "feature": "killers",
      "tfidf": 0.08965859562158585,
      "contribution": 0.1934212039875722
    },
    {
      "feature": "N",
      "tfidf": 0.16177517175674438,
      "contribution": -0.19106037277872068
    },
    {
      "feature": "that",
      "tfidf": 0.07598869502544403,
      "contribution": 0.17106621271990075
    },
    {
      "feature": "the",
      "tfidf": 0.21328683197498322,
      "contribution": 0.14245360532199455
    },
    {
      "feature": "years",
      "tfidf": 0.1768108457326889,
      "contribution": -0.135759404625913
    },
    {
      "feature": "of",
      "tfidf": 0.06689450144767761,
      "contribution": -0.12722214899131193
    },
    {
      "feature": "further",
      "tfidf": 0.07174993306398392,
      "contribution": 0.12574064859545178
    }
  ],
  "top_image_features": [
    {
      "feature": "thumbnail_y12_x29",
      "value": 1.0086544752120972,
      "contribution": 0.41824340777042324
    },
    {
      "feature": "thumbnail_y13_x3",
      "value": 1.396876573562622,
      "contribution": -0.4018751563530922
    },
    {
      "feature": "thumbnail_y11_x18",
      "value": 1.2822413444519043,
      "contribution": -0.3382145081392039
    },
    {
      "feature": "bottom_left_G_hist_bin_14",
      "value": 3.133354902267456,
      "contribution": -0.33181862232247533
    },
    {
      "feature": "thumbnail_y11_x30",
      "value": 1.0782736539840698,
      "contribution": 0.32481869834339394
    },
    {
      "feature": "thumbnail_y12_x2",
      "value": 0.8768571615219116,
      "contribution": -0.3162071657931397
    },
    {
      "feature": "thumbnail_y13_x2",
      "value": 1.352969765663147,
      "contribution": 0.31086754759943835
    },
    {
      "feature": "top_right_G_hist_bin_15",
      "value": -0.5883092284202576,
      "contribution": -0.30350565164467797
    },
    {
      "feature": "thumbnail_y0_x20",
      "value": 0.7127850651741028,
      "contribution": -0.2996338940528377
    },
    {
      "feature": "thumbnail_y13_x1",
      "value": 1.1949039697647095,
      "contribution": -0.2862787002173143
    },
    {
      "feature": "thumbnail_y16_x26",
      "value": -0.6860916018486023,
      "contribution": 0.2704394185029429
    },
    {
      "feature": "thumbnail_y0_x19",
      "value": 0.7116224765777588,
      "contribution": 0.26608040174916325
    }
  ],
  "label_dependency_contributions": [],
  "performance": {
    "measurements": [
      {
        "name": "classic_modality_shapley_idx_11_Thriller",
        "wall_time_s": 0.04804944800071098,
        "process_cpu_time_s": 0.038168558999814195,
        "process_cpu_util_percent": 79.43599893020502,
        "rss_start_mb": 2201.8984375,
        "rss_end_mb": 2201.8984375,
        "rss_delta_mb": 0.0,
        "rss_peak_mb": 2201.90234375,
        "cuda_start": {
          "cuda_available": false
        },
        "cuda_end": {
          "cuda_available": false
        }
      },
      {
        "name": "classic_modality_shapley_visualization_idx_11_Thriller",
        "wall_time_s": 0.17442380099964794,
        "process_cpu_time_s": 0.15784607499995218,
        "process_cpu_util_percent": 90.49572024879265,
        "rss_start_mb": 2201.8984375,
        "rss_end_mb": 2201.8984375,
        "rss_delta_mb": 0.0,
        "rss_peak_mb": 2201.90234375,
        "cuda_start": {
          "cuda_available": false
        },
        "cuda_end": {
          "cuda_available": false
        }
      },
      {
        "name": "classic_linear_contribution_idx_11_Thriller",
        "wall_time_s": 0.0009791900001800968,
        "process_cpu_time_s": 0.001043121999828145,
        "process_cpu_util_percent": 106.52906990842324,
        "rss_start_mb": 2201.8984375,
        "rss_end_mb": 2201.8984375,
        "rss_delta_mb": 0.0,
        "rss_peak_mb": 2201.90234375,
        "cuda_start": {
          "cuda_available": false
        },
        "cuda_end": {
          "cuda_available": false
        }
      },
      {
        "name": "classic_visualization_idx_11_Thriller",
        "wall_time_s": 0.20567853800002922,
        "process_cpu_time_s": 0.1921082449998721,
        "process_cpu_util_percent": 93.40218326515178,
        "rss_start_mb": 2201.8984375,
        "rss_end_mb": 2202.12109375,
        "rss_delta_mb": 0.22265625,
        "rss_peak_mb": 2202.125,