{
  "index": 17058,
  "target_genre": "label_set",
  "target_genres": [
    "Biography",
    "Sport",
    "History"
  ],
  "true_genres": [
    "Comedy",
    "Action"
  ],
  "predicted_genres": [
    "Biography",
    "Sport",
    "History",
    "War",
    "Drama"
  ],
  "probability": 0.9003262519836426,
  "set_logit": 6.655882835388184,
  "top_probabilities": {
    "Biography": 0.9176478385925293,
    "Sport": 0.9102202653884888,
    "History": 0.8731106519699097,
    "War": 0.766544759273529,
    "Action": 0.5226813554763794
  },
  "threshold": [
    0.30000001192092896,
    0.5,
    0.44999998807907104,
    0.44999998807907104,
    0.550000011920929,
    0.6499999761581421,
    0.800000011920929,
    0.6499999761581421,
    0.800000011920929,
    0.6000000238418579,
    0.800000011920929,
    0.6000000238418579,
    0.699999988079071,
    0.699999988079071,
    0.6499999761581421,
    0.75,
    0.8999999761581421,
    0.699999988079071,
    0.800000011920929,
    0.8500000238418579,
    0.800000011920929,
    0.550000011920929,
    0.699999988079071
  ],
  "target_selection": {
    "policy": "predicted",
    "target_indices": [
      13,
      20,
      15
    ],
    "target_genres": [
      "Biography",
      "Sport",
      "History"
    ],
    "all_selected_indices": [
      13,
      20,
      15,
      14,
      0
    ],
    "all_selected_genres": [
      "Biography",
      "Sport",
      "History",
      "War",
      "Drama"
    ],
    "predicted_indices": [
      13,
      20,
      15,
      14,
      0
    ],
    "predicted_genres": [
      "Biography",
      "Sport",
      "History",
      "War",
      "Drama"
    ],
    "threshold": [
      0.30000001192092896,
      0.5,
      0.44999998807907104,
      0.44999998807907104,
      0.550000011920929,
      0.6499999761581421,
      0.800000011920929,
      0.6499999761581421,
      0.800000011920929,
      0.6000000238418579,
      0.800000011920929,
      0.6000000238418579,
      0.699999988079071,
      0.699999988079071,
      0.6499999761581421,
      0.75,
      0.8999999761581421,
      0.699999988079071,
      0.800000011920929,
      0.8500000238418579,
      0.800000011920929,
      0.550000011920929,
      0.699999988079071
    ],
    "max_targets_per_sample": 3
  },
  "methods": [
    "experimental_set_level_attribution",
    "LayerIntegratedGradients_text_embedding",
    "IntegratedGradients_image_pixels",
    "GradCAM_image_branch",
    "modality_shapley",
    "modality_ablation",
    "experimental_label_correlation_head"
  ],
  "top_tokens": [
    {
      "position": 11,
      "token": "bandit",
      "attribution": 4.125275611877441
    },
    {
      "position": 28,
      "token": "bandit",
      "attribution": 3.3423807621002197
    },
    {
      "position": 26,
      "token": "coors",
      "attribution": 3.0290603637695312
    },
    {
      "position": 59,
      "token": "country",
      "attribution": 2.7594540119171143
    },
    {
      "position": 57,
      "token": "elephant",
      "attribution": 2.331718921661377
    },
    {
      "position": 25,
      "token": "of",
      "attribution": 2.1354897022247314
    },
    {
      "position": 15,
      "token": "N",
      "attribution": 2.066995143890381
    },
    {
      "position": 58,
      "token": "across",
      "attribution": 1.6843578815460205
    },
    {
      "position": 64,
      "token": "less",
      "attribution": -1.4603770971298218
    },
    {
      "position": 54,
      "token": "transport",
      "attribution": -1.1812766790390015
    },
    {
      "position": 20,
      "token": "texas",
      "attribution": 1.1283373832702637
    },
    {
      "position": 63,
      "token": "or",
      "attribution": -1.0186313390731812
    }
  ],
  "gate_mean": null,
  "gate_std": null,
  "config": {
    "model_name": "neural_concat_resnet18_h256",
    "modality": "multimodal",
    "text_encoder": "textcnn",
    "image_encoder": "resnet18",
    "fusion": "concat",
    "hidden_dim": 256,
    "text_cnn_channels": 128,
    "text_cnn_kernels": [
      3,
      4,
      5
    ],
    "text_rnn_hidden_dim": 128,
    "text_rnn_layers": 1,
    "text_rnn_dropout": 0.2,
    "text_attention_dim": 128,
    "text_transformer_layers": 2,
    "text_transformer_heads": 6,
    "text_transformer_ff_dim": 512,
    "text_transformer_dropout": 0.1,
    "pretrained_image": false,
    "freeze_image_backbone": true,
    "batch_size": 16,
    "epochs": 10,
    "learning_rate": 0.0001,
    "weight_decay": 0.01,
    "num_workers": 0,
    "patience": 3,
    "threshold_metric": "macro_f1",
    "threshold_strategy": "per_label",
    "threshold_min": 0.01,
    "threshold_max": 0.99,
    "threshold_steps": 99,
    "loss": "bce",
    "focal_gamma": 2.0,
    "pos_weight_clip": null,
    "scheduler": "none",
    "scheduler_factor": 0.5,
    "scheduler_patience": 1,
    "min_learning_rate": 1e-06,
    "enable_label_correlation": true,
    "max_length": 512,
    "input_size": 224,
    "freeze_embeddings": false
  },
  "performance": {
    "measurements": [
      {
        "name": "neural_set_text_layer_integrated_gradients_idx_17058",
        "wall_time_s": 0.016843988999994508,
        "process_cpu_time_s": 0.016900433000003545,
        "process_cpu_util_percent": 100.33509877030349,
        "rss_start_mb": 2202.1953125,
        "rss_end_mb": 2202.21484375,
        "rss_delta_mb": 0.01953125,
        "rss_peak_mb": 2202.21875,
        "cuda_start": {
          "cuda_available": true,
          "cuda_device": "NVIDIA A100-SXM4-40GB",
          "cuda_allocated_mb": 355.6923828125,
          "cuda_reserved_mb": 712.0,
          "cuda_peak_allocated_mb": 355.6923828125,
          "cuda_peak_reserved_mb": 712.0
        },
        "cuda_end": {
          "cuda_available": true,
          "cuda_device": "NVIDIA A100-SXM4-40GB",
          "cuda_allocated_mb": 355.6923828125,
          "cuda_reserved_mb": 712.0,
          "cuda_peak_allocated_mb": 422.7158203125,
          "cuda_peak_reserved_mb": 712.0
        }
      },
      {
        "name": "neural_set_text_visualization_idx_17058",
        "wall_time_s": 0.18322997500001748,
        "process_cpu_time_s": 0.17920816400000206,
        "process_cpu_util_percent": 97.80504745470002,
        "rss_start_mb": 2202.2890625,
        "rss_end_mb": 2205.88671875,
        "rss_delta_mb": 3.59765625,
        "rss_peak_mb": 2205.87890625,
        "cuda_start": {
          "cuda_available": true,
          "cuda_device": "NVIDIA A100-SXM4-40GB",
          "cuda_allocated_mb": 355.6923828125,
          "cuda_reserved_mb": 712.0,
          "cuda_peak_allocated_mb": 355.6923828125,
          "cuda_peak_reserved_mb": 712.0
        },
        "cuda_end": {
          "cuda_available": true,
          "cuda_device": "NVIDIA A100-SXM4-40GB",
          "cuda_allocated_mb": 355.6923828125,
          "cuda_reserved_mb": 712.0,
          "cuda_peak_allocated_mb": 355.6923828125,
          "cuda_peak_reserved_mb": 712.0
        }
      },
      {
        "name": "neural_set_image_integrated_gradients_idx_17058",
        "wall_time_s": 0.013607430999968528,
        "process_cpu_time_s": 0.013666535999995233,
        "process_cpu_util_percent": 100.43435825635892,
        "rss_start_mb": 2205.92578125,
        "rss_end_mb": 2205.96484375,
        "rss_delta_mb": 0.0390625,
        "rss_peak_mb": 2205.96484375,
        "cuda_start": {
          "cuda_available": true,
          "cuda_device": "NVIDIA A100-SXM4-40GB",
          "cuda_allocated_mb": 355.6923828125,
          "cuda_reserved_mb": 712.0,
          "cuda_peak_allocated_mb": 355.6923828125,
          "cuda_peak_reserved_mb": 712.0
        },
        "cuda_end": {
          "cuda_available": true,
          "cuda_device": "NVIDIA A100-SXM4-40GB",
          "cuda_allocated_mb": 355.6923828125,
          "cuda_reserved_mb": 712.0,
          "cuda_peak_allocated_mb": 551.693359375,