{
  "index": 3150,
  "target_genre": "History",
  "target_genres": [
    "History"
  ],
  "true_genres": [
    "Drama",
    "War",
    "History"
  ],
  "predicted_genres": [
    "Biography",
    "War",
    "History",
    "Drama"
  ],
  "probability": 0.7622874551316006,
  "top_probabilities": {
    "Biography": 0.9068210124969482,
    "War": 0.8919153809547424,
    "History": 0.762287437915802,
    "Drama": 0.7520530819892883,
    "Action": 0.4558240473270416
  },
  "target_selection": {
    "policy": "predicted",
    "target_indices": [
      13,
      14,
      15
    ],
    "target_genres": [
      "Biography",
      "War",
      "History"
    ],
    "all_selected_indices": [
      13,
      14,
      15,
      0
    ],
    "all_selected_genres": [
      "Biography",
      "War",
      "History",
      "Drama"
    ],
    "predicted_indices": [
      13,
      14,
      15,
      0
    ],
    "predicted_genres": [
      "Biography",
      "War",
      "History",
      "Drama"
    ],
    "threshold": [
      0.30000001192092896,
      0.44999998807907104,
      0.5,
      0.5,
      0.6000000238418579,
      0.550000011920929,
      0.6000000238418579,
      0.6000000238418579,
      0.6000000238418579,
      0.5,
      0.699999988079071,
      0.75,
      0.6000000238418579,
      0.699999988079071,
      0.6499999761581421,
      0.6000000238418579,
      0.6499999761581421,
      0.550000011920929,
      0.699999988079071,
      0.6000000238418579,
      0.6499999761581421,
      0.5,
      0.699999988079071
    ],
    "max_targets_per_sample": 3
  },
  "method": "linear_feature_contribution",
  "methods": [
    "linear_feature_contribution",
    "modality_shapley"
  ],
  "modality_shapley": {
    "method": "two_modality_shapley",
    "probability": {
      "values": {
        "blank": 0.0657237896979961,
        "text_only": 0.9401196928063482,
        "image_only": 0.014165080440924063,
        "both": 0.7622874551316006
      },
      "shapley": {
        "text": 0.8112591388995143,
        "image": -0.11469547346590984,
        "interaction": -0.12627352841767564,
        "blank_to_both_delta": 0.6965636654336045,
        "abs_total": 0.9259546123654241,
        "text_utilization": 0.8761327262327565,
        "image_utilization": 0.12386727376724353
      }
    },
    "logit": {
      "values": {
        "blank": -2.6543111670749724,
        "text_only": 2.7536595102378554,
        "image_only": -4.2427091040860025,
        "both": 1.1652615732268345
      },
      "shapley": {
        "text": 5.407970677312832,
        "image": -1.5883979370110255,
        "interaction": 9.325873406851315e-15,
        "blank_to_both_delta": 3.819572740301807,
        "abs_total": 6.996368614323858,
        "text_utilization": 0.7729682318683074,
        "image_utilization": 0.2270317681316926
      }
    }
  },
  "intercept": -2.6543111670749724,
  "text_logit_contribution": 5.407970677312828,
  "image_logit_contribution": -1.5883979370110326,
  "label_dependency_logit_contribution": 0.0,
  "top_text_features": [
    {
      "feature": "N",
      "tfidf": 0.21278825402259827,
      "contribution": 1.426254506941745
    },
    {
      "feature": "the",
      "tfidf": 0.2671840488910675,
      "contribution": 0.861135181094257
    },
    {
      "feature": "war",
      "tfidf": 0.11141319572925568,
      "contribution": 0.47215669992677844
    },
    {
      "feature": "based",
      "tfidf": 0.13241003453731537,
      "contribution": 0.3891686043780541
    },
    {
      "feature": "against",
      "tfidf": 0.1143776997923851,
      "contribution": 0.3622523251521646
    },
    {
      "feature": "story",
      "tfidf": 0.20498625934123993,
      "contribution": 0.3547466467841467
    },
    {
      "feature": "of",
      "tfidf": 0.0733238011598587,
      "contribution": 0.3380155194689765
    },
    {
      "feature": "union",
      "tfidf": 0.18179169297218323,
      "contribution": 0.2665966618594056
    },
    {
      "feature": "regiment",
      "tfidf": 0.4846654534339905,
      "contribution": 0.2237078426931108
    },
    {
      "feature": "soviet",
      "tfidf": 0.18897315859794617,
      "contribution": 0.21780897513922634
    },
    {
      "feature": "a",
      "tfidf": 0.03388509526848793,
      "contribution": -0.20267070011282964
    },
    {
      "feature": "during",
      "tfidf": 0.11271952837705612,
      "contribution": 0.17699781036900614
    }
  ],
  "top_image_features": [
    {
      "feature": "top_right_G_hist_bin_11",
      "value": 5.693597793579102,
      "contribution": -1.1241737654798094
    },
    {
      "feature": "top_left_B_hist_bin_11",
      "value": 6.125263214111328,
      "contribution": -0.7634655303888523
    },
    {
      "feature": "thumbnail_y12_x18",
      "value": -1.2093336582183838,
      "contribution": 0.6858528388091522
    },
    {
      "feature": "thumbnail_y5_x25",
      "value": 0.868416428565979,
      "contribution": 0.6654404954780847
    },
    {
      "feature": "thumbnail_y16_x17",
      "value": 0.9918948411941528,
      "contribution": -0.6627303626341048
    },
    {
      "feature": "thumbnail_y5_x12",
      "value": 0.9258596897125244,
      "contribution": -0.6571800747247326
    },
    {
      "feature": "thumbnail_y1_x9",
      "value": 0.8631657958030701,
      "contribution": -0.651101550179552
    },
    {
      "feature": "thumbnail_y4_x14",
      "value": 0.8966413140296936,
      "contribution": 0.6443775995044452
    },
    {
      "feature": "thumbnail_y4_x7",
      "value": 0.8650823831558228,
      "contribution": -0.5919307853670146
    },
    {
      "feature": "thumbnail_y0_x21",
      "value": 0.7923629879951477,
      "contribution": 0.54441048018736
    },
    {
      "feature": "thumbnail_y1_x22",
      "value": 0.779051661491394,
      "contribution": -0.5224951419608438
    },
    {
      "feature": "thumbnail_y5_x27",
      "value": 0.8832481503486633,
      "contribution": 0.5207864343095162
    }
  ],
  "label_dependency_contributions": [],
  "performance": {
    "measurements": [
      {
        "name": "classic_modality_shapley_idx_3150_History",
        "wall_time_s": 0.026228447999983473,
        "process_cpu_time_s": 0.026428991999999596,
        "process_cpu_util_percent": 100.76460490539223,
        "rss_start_mb": 1000.93359375,
        "rss_end_mb": 1000.953125,
        "rss_delta_mb": 0.01953125,
        "rss_peak_mb": 1000.95703125,
        "cuda_start": {
          "cuda_available": true,
          "cuda_device": "NVIDIA A100-SXM4-40GB",
          "cuda_allocated_mb": 0.0,
          "cuda_reserved_mb": 0.0,
          "cuda_peak_allocated_mb": 0.0,
          "cuda_peak_reserved_mb": 0.0
        },
        "cuda_end": {
          "cuda_available": true,
          "cuda_device": "NVIDIA A100-SXM4-40GB",
          "cuda_allocated_mb": 0.0,
          "cuda_reserved_mb": 0.0,
          "cuda_peak_allocated_mb": 0.0,
          "cuda_peak_reserved_mb": 0.0
        }
      },
      {
        "name": "classic_modality_shapley_visualization_idx_3150_History",
        "wall_time_s": 0.14721510799995485,
        "process_cpu_time_s": 0.14132110099999906,
        "process_cpu_util_percent": 95.99633007778142,
        "rss_start_mb": 1000.9921875,
        "rss_end_mb": 1001.23046875,
        "rss_delta_mb": 0.23828125,
        "rss_peak_mb": 1001.2265625,
        "cuda_start": {
          "cuda_available": true,
          "cuda_device": "NVIDIA A100-SXM4-40GB",
          "cuda_allocated_mb": 0.0,
          "cuda_reserved_mb": 0.0,
          "cuda_peak_allocated_mb": 0.0,
          "cuda_peak_reserved_mb": 0.0
        },
        "cuda_end": {
          "cuda_available": true,
          "cuda_device": "NVIDIA A100-SXM4-40GB",
          "cuda_allocated_mb": 0.0,
          "cuda_reserved_mb": 0.0,
          "cuda_peak_allocated_mb": 0.0,
          "cuda_peak_reserved_mb": 0.0
        }
      },
      {
        "name": "classic_linear_contribution_idx_3150_History",