{
  "index": 1,
  "target_genre": "Drama",
  "target_genres": [
    "Drama"
  ],
  "true_genres": [
    "Drama",
    "Crime",
    "Adventure",
    "Film-Noir"
  ],
  "predicted_genres": [
    "Comedy",
    "Romance",
    "Drama"
  ],
  "probability": 0.5060991048812866,
  "top_probabilities": {
    "Sport": 0.7165579199790955,
    "Comedy": 0.669497549533844,
    "Romance": 0.6198729872703552,
    "War": 0.5928064584732056,
    "Musical": 0.5436095595359802
  },
  "threshold": [
    0.36000001430511475,
    0.44999998807907104,
    0.5,
    0.5899999737739563,
    0.5400000214576721,
    0.7599999904632568,
    0.6899999976158142,
    0.8199999928474426,
    0.7200000286102295,
    0.6299999952316284,
    0.7799999713897705,
    0.7400000095367432,
    0.8100000023841858,
    0.6000000238418579,
    0.8899999856948853,
    0.7599999904632568,
    0.550000011920929,
    0.8999999761581421,
    0.7799999713897705,
    0.9700000286102295,
    0.7699999809265137,
    0.8899999856948853,
    0.9399999976158142
  ],
  "target_selection": {
    "policy": "predicted",
    "target_indices": [
      1,
      2,
      0
    ],
    "target_genres": [
      "Comedy",
      "Romance",
      "Drama"
    ],
    "all_selected_indices": [
      1,
      2,
      0
    ],
    "all_selected_genres": [
      "Comedy",
      "Romance",
      "Drama"
    ],
    "predicted_indices": [
      1,
      2,
      0
    ],
    "predicted_genres": [
      "Comedy",
      "Romance",
      "Drama"
    ],
    "threshold": [
      0.36000001430511475,
      0.44999998807907104,
      0.5,
      0.5899999737739563,
      0.5400000214576721,
      0.7599999904632568,
      0.6899999976158142,
      0.8199999928474426,
      0.7200000286102295,
      0.6299999952316284,
      0.7799999713897705,
      0.7400000095367432,
      0.8100000023841858,
      0.6000000238418579,
      0.8899999856948853,
      0.7599999904632568,
      0.550000011920929,
      0.8999999761581421,
      0.7799999713897705,
      0.9700000286102295,
      0.7699999809265137,
      0.8899999856948853,
      0.9399999976158142
    ],
    "max_targets_per_sample": 3
  },
  "methods": [
    "IntegratedGradients_image_pixels",
    "image_occlusion_sensitivity",
    "experimental_label_correlation_head"
  ],
  "top_tokens": [],
  "gate_mean": null,
  "gate_std": null,
  "config": {
    "model_name": "neural_efficientnet_b0_image_only_unfrozen_lr1e4",
    "modality": "image_only",
    "text_encoder": "bigru_attention",
    "image_encoder": "efficientnet_b0",
    "fusion": "gmu",
    "hidden_dim": 256,
    "text_cnn_channels": 128,
    "text_cnn_kernels": [
      3,
      4,
      5
    ],
    "text_rnn_hidden_dim": 128,
    "text_rnn_layers": 1,
    "text_rnn_dropout": 0.2,
    "text_attention_dim": 128,
    "text_transformer_layers": 2,
    "text_transformer_heads": 6,
    "text_transformer_ff_dim": 512,
    "text_transformer_dropout": 0.1,
    "pretrained_image": false,
    "freeze_image_backbone": false,
    "batch_size": 16,
    "epochs": 10,
    "learning_rate": 0.0001,
    "weight_decay": 0.01,
    "num_workers": 0,
    "patience": 3,
    "threshold_metric": "macro_f1",
    "threshold_strategy": "per_label",
    "threshold_min": 0.01,
    "threshold_max": 0.99,
    "threshold_steps": 99,
    "loss": "bce",
    "focal_gamma": 2.0,
    "pos_weight_clip": null,
    "scheduler": "plateau",
    "scheduler_factor": 0.5,
    "scheduler_patience": 1,
    "min_learning_rate": 1e-06,
    "enable_label_correlation": true,
    "max_length": 512,
    "input_size": 224,
    "freeze_embeddings": false
  },
  "performance": {
    "measurements": [
      {
        "name": "neural_image_integrated_gradients_idx_1_Drama",
        "wall_time_s": 0.8789662409999437,
        "process_cpu_time_s": 0.8572371999998722,
        "process_cpu_util_percent": 97.52788673938697,
        "rss_start_mb": 3371.8125,
        "rss_end_mb": 3327.59765625,
        "rss_delta_mb": -44.21484375,
        "rss_peak_mb": 3498.984375,
        "cuda_start": {
          "cuda_available": false
        },
        "cuda_end": {
          "cuda_available": false
        }
      },
      {
        "name": "neural_image_ig_visualization_idx_1_Drama",
        "wall_time_s": 0.058227307999914046,
        "process_cpu_time_s": 0.025765845000023546,
        "process_cpu_util_percent": 44.25044860404947,
        "rss_start_mb": 3327.59765625,
        "rss_end_mb": 3327.59765625,
        "rss_delta_mb": 0.0,
        "rss_peak_mb": 3327.6015625,
        "cuda_start": {
          "cuda_available": false
        },
        "cuda_end": {
          "cuda_available": false
        }
      },
      {
        "name": "neural_image_occlusion_idx_1_Drama",
        "wall_time_s": 0.7335414540011698,
        "process_cpu_time_s": 0.7141091799999231,
        "process_cpu_util_percent": 97.35089627242584,
        "rss_start_mb": 3327.59765625,
        "rss_end_mb": 3327.59765625,
        "rss_delta_mb": 0.0,
        "rss_peak_mb": 3401.10546875,
        "cuda_start": {
          "cuda_available": false
        },
        "cuda_end": {
          "cuda_available": false
        }
      },
      {
        "name": "neural_image_occlusion_visualization_idx_1_Drama",
        "wall_time_s": 0.031056678999448195,
        "process_cpu_time_s": 0.021368259000155376,
        "process_cpu_util_percent": 68.80406949028594,
        "rss_start_mb": 3327.59765625,
        "rss_end_mb": 3327.6015625,
        "rss_delta_mb": 0.00390625,
        "rss_peak_mb": 3327.60546875,
        "cuda_start": {
          "cuda_available": false
        },
        "cuda_end": {
          "cuda_available": false
        }
      }
    ],
    "summary": {
      "count": 4,
      "total_wall_time_s": 1.7017916820004757,
      "mean_wall_time_s": 0.4254479205001189,
      "total_process_cpu_time_s": 1.6184804839999742,
      "mean_process_cpu_util_percent": 76.98332527653706,
      "max_rss_peak_mb": 3498.984375
    }
  },
  "image_occlusion": {
    "baseline_probability": 0.5060991048812866,
    "baseline_logit": 0.024397559463977814,
    "grid_size": 4,
    "top_patches": [
      {
        "row": 1,
        "col": 1,
        "y0": 56,
        "y1": 112,
        "x0": 56,
        "x1": 112,
        "occluded_probability": 0.6051199436187744,
        "probability_delta": -0.09902083873748779,
        "occluded_logit": 0.42684459686279297,
        "logit_delta": -0.40244704484939575
      },
      {
        "row": 3,
        "col": 1,
        "y0": 168,
        "y1": 224,
        "x0": 56,
        "x1": 112,
        "occluded_probability": 0.46856099367141724,
        "probability_delta": 0.037538111209869385,
        "occluded_logit": -0.12592211365699768,
        "logit_delta": 0.1503196656703949
      },
      {
        "row": 1,
        "col": 2,
        "y0": 56,
        "y1": 112,
        "x0": 112,
        "x1": 168,
        "occluded_probability": 0.4721638858318329,
        "probability_delta": 0.033935219049453735,
        "occluded_logit": -0.11145973205566406,
        "logit_delta": 0.13585728406906128
      },
      {
        "row": 2,
        "col": 2,
        "y0": 112,
        "y1": 168,
        "x0": 112,
        "x1": 168,
        "occluded_probability": 0.48202499747276306,
        "probability_delta": 0.02407410740852356,
        "occluded_logit": -0.07193087786436081,
        "logit_delta": 0.09632843732833862
      },
      {
        "row": 3,
        "col": 3,
        "y0": 168,
        "y1": 224,
        "x0": 168,
        "x1": 224,
        "occluded_probability": 0.5240484476089478,
        "probability_delta": -0.017949342727661133,
        "occluded_logit": 0.0962681695818901,
        "logit_delta": -0.07187061011791229
      },
      {
        "row": 2,
        "col": 0,
        "y0": 112,
        "y1": 168,
        "x0": 0,
        "x1": 56,
        "occluded_probability": 0.492251992225647,
        "probability_delta": 0.013847112655639648,
        "occluded_logit": -0.030994676053524017,