{
  "index": 11,
  "target_genre": "label_set",
  "target_genres": [
    "Crime",
    "Thriller",
    "Drama"
  ],
  "true_genres": [
    "Drama",
    "Film-Noir"
  ],
  "predicted_genres": [
    "Crime",
    "Thriller",
    "Drama",
    "Mystery"
  ],
  "probability": 0.8414462208747864,
  "set_logit": 5.411555767059326,
  "top_probabilities": {
    "Crime": 0.9260092973709106,
    "Thriller": 0.8693326711654663,
    "Drama": 0.7289968729019165,
    "Mystery": 0.6577410697937012,
    "Film-Noir": 0.5338690876960754
  },
  "threshold": [
    0.30000001192092896,
    0.5,
    0.44999998807907104,
    0.44999998807907104,
    0.550000011920929,
    0.6499999761581421,
    0.800000011920929,
    0.6499999761581421,
    0.800000011920929,
    0.6000000238418579,
    0.800000011920929,
    0.6000000238418579,
    0.699999988079071,
    0.699999988079071,
    0.6499999761581421,
    0.75,
    0.8999999761581421,
    0.699999988079071,
    0.800000011920929,
    0.8500000238418579,
    0.800000011920929,
    0.550000011920929,
    0.699999988079071
  ],
  "target_selection": {
    "policy": "predicted",
    "target_indices": [
      4,
      3,
      0
    ],
    "target_genres": [
      "Crime",
      "Thriller",
      "Drama"
    ],
    "all_selected_indices": [
      4,
      3,
      0,
      9
    ],
    "all_selected_genres": [
      "Crime",
      "Thriller",
      "Drama",
      "Mystery"
    ],
    "predicted_indices": [
      4,
      3,
      0,
      9
    ],
    "predicted_genres": [
      "Crime",
      "Thriller",
      "Drama",
      "Mystery"
    ],
    "threshold": [
      0.30000001192092896,
      0.5,
      0.44999998807907104,
      0.44999998807907104,
      0.550000011920929,
      0.6499999761581421,
      0.800000011920929,
      0.6499999761581421,
      0.800000011920929,
      0.6000000238418579,
      0.800000011920929,
      0.6000000238418579,
      0.699999988079071,
      0.699999988079071,
      0.6499999761581421,
      0.75,
      0.8999999761581421,
      0.699999988079071,
      0.800000011920929,
      0.8500000238418579,
      0.800000011920929,
      0.550000011920929,
      0.699999988079071
    ],
    "max_targets_per_sample": 3
  },
  "methods": [
    "experimental_set_level_attribution",
    "LayerIntegratedGradients_text_embedding",
    "IntegratedGradients_image_pixels",
    "GradCAM_image_branch",
    "modality_shapley",
    "modality_ablation",
    "experimental_label_correlation_head"
  ],
  "top_tokens": [
    {
      "position": 160,
      "token": "cop",
      "attribution": 4.2844038009643555
    },
    {
      "position": 161,
      "token": "killer",
      "attribution": 3.387113094329834
    },
    {
      "position": 173,
      "token": "investigate",
      "attribution": 2.836977005004883
    },
    {
      "position": 22,
      "token": "murdered",
      "attribution": 2.676133155822754
    },
    {
      "position": 176,
      "token": "soon",
      "attribution": 1.1450668573379517
    },
    {
      "position": 162,
      "token": ",",
      "attribution": -1.0021278858184814
    },
    {
      "position": 62,
      "token": "kelly",
      "attribution": -0.8769643306732178
    },
    {
      "position": 159,
      "token": "a",
      "attribution": -0.8512833118438721
    },
    {
      "position": 153,
      "token": "skeptical",
      "attribution": -0.8144587278366089
    },
    {
      "position": 138,
      "token": "her",
      "attribution": -0.7982342839241028
    },
    {
      "position": 16,
      "token": "prohibition",
      "attribution": 0.7892927527427673
    },
    {
      "position": 57,
      "token": "chicago",
      "attribution": 0.7436721324920654
    }
  ],
  "gate_mean": null,
  "gate_std": null,
  "config": {
    "model_name": "neural_concat_resnet18_h256",
    "modality": "multimodal",
    "text_encoder": "textcnn",
    "image_encoder": "resnet18",
    "fusion": "concat",
    "hidden_dim": 256,
    "text_cnn_channels": 128,
    "text_cnn_kernels": [
      3,
      4,
      5
    ],
    "text_rnn_hidden_dim": 128,
    "text_rnn_layers": 1,
    "text_rnn_dropout": 0.2,
    "text_attention_dim": 128,
    "text_transformer_layers": 2,
    "text_transformer_heads": 6,
    "text_transformer_ff_dim": 512,
    "text_transformer_dropout": 0.1,
    "pretrained_image": false,
    "freeze_image_backbone": true,
    "batch_size": 16,
    "epochs": 10,
    "learning_rate": 0.0001,
    "weight_decay": 0.01,
    "num_workers": 0,
    "patience": 3,
    "threshold_metric": "macro_f1",
    "threshold_strategy": "per_label",
    "threshold_min": 0.01,
    "threshold_max": 0.99,
    "threshold_steps": 99,
    "loss": "bce",
    "focal_gamma": 2.0,
    "pos_weight_clip": null,
    "scheduler": "none",
    "scheduler_factor": 0.5,
    "scheduler_patience": 1,
    "min_learning_rate": 1e-06,
    "enable_label_correlation": true,
    "max_length": 512,
    "input_size": 224,
    "freeze_embeddings": false
  },
  "performance": {
    "measurements": [
      {
        "name": "neural_set_text_layer_integrated_gradients_idx_11",
        "wall_time_s": 0.728068388999418,
        "process_cpu_time_s": 0.735822952000035,
        "process_cpu_util_percent": 101.06508717007672,
        "rss_start_mb": 2328.1953125,
        "rss_end_mb": 2328.1953125,
        "rss_delta_mb": 0.0,
        "rss_peak_mb": 2328.19921875,
        "cuda_start": {
          "cuda_available": false
        },
        "cuda_end": {
          "cuda_available": false
        }
      },
      {
        "name": "neural_set_text_visualization_idx_11",
        "wall_time_s": 0.20333672800006752,
        "process_cpu_time_s": 0.1928127940000195,
        "process_cpu_util_percent": 94.8243811614572,
        "rss_start_mb": 2328.1953125,
        "rss_end_mb": 2328.1953125,
        "rss_delta_mb": 0.0,
        "rss_peak_mb": 2328.19921875,
        "cuda_start": {
          "cuda_available": false
        },
        "cuda_end": {
          "cuda_available": false
        }
      },
      {
        "name": "neural_set_image_integrated_gradients_idx_11",
        "wall_time_s": 1.0056267549998665,
        "process_cpu_time_s": 1.0137985040000785,
        "process_cpu_util_percent": 100.8126025843667,
        "rss_start_mb": 2328.1953125,
        "rss_end_mb": 2328.1953125,
        "rss_delta_mb": 0.0,
        "rss_peak_mb": 2328.19921875,
        "cuda_start": {
          "cuda_available": false
        },
        "cuda_end": {
          "cuda_available": false
        }
      },
      {
        "name": "neural_set_image_ig_visualization_idx_11",
        "wall_time_s": 0.028240659000402957,
        "process_cpu_time_s": 0.01908128700006273,
        "process_cpu_util_percent": 67.56672002516112,
        "rss_start_mb": 2328.1953125,
        "rss_end_mb": 2328.1953125,
        "rss_delta_mb": 0.0,
        "rss_peak_mb": 2328.19921875,
        "cuda_start": {
          "cuda_available": false
        },
        "cuda_end": {
          "cuda_available": false
        }
      },
      {
        "name": "neural_set_image_gradcam_idx_11",
        "wall_time_s": 0.2087891569999556,
        "process_cpu_time_s": 0.2105323830000998,
        "process_cpu_util_percent": 100.83492171010803,
        "rss_start_mb": 2328.1953125,
        "rss_end_mb": 2328.1953125,
        "rss_delta_mb": 0.0,
        "rss_peak_mb": 2328.19921875,
        "cuda_start": {
          "cuda_available": false
        },
        "cuda_end": {
          "cuda_available": false
        }
      },
      {
        "name": "neural_set_image_gradcam_visualization_idx_11",
        "wall_time_s": 0.03572970900040673,
        "process_cpu_time_s": 0.0242889500000274,
        "process_cpu_util_percent": 67.97970282867657,
        "rss_start_mb": 2328.1953125,
        "rss_end_mb": 2328.1953125,
        "rss_delta_mb": 0.0,
        "rss_peak_mb": 2328.19921875,
        "cuda_start": {
          "cuda_available": false
        },