{
  "key": "ablation_neural_efficientnet_b0_image_only_unfrozen_lr1e4",
  "model_type": "neural",
  "path": "/content/drive/MyDrive/Explaining-Predictions-of-Machine-Learning-Models/outputs/model_selection/neural/neural_efficientnet_b0_image_only_unfrozen_lr1e4/fold_03/neural_efficientnet_b0_image_only_unfrozen_lr1e4.pt",
  "role": "ablation",
  "source": "best validation fold from model_selection candidate",
  "notes": "Candidate neural_efficientnet_b0_image_only_unfrozen_lr1e4; modality=image_only; best fold=3 validation score=0.3590650683925569",
  "priority": 20,
  "threshold": [
    0.36000001430511475,
    0.44999998807907104,
    0.5,
    0.5899999737739563,
    0.5400000214576721,
    0.7599999904632568,
    0.6899999976158142,
    0.8199999928474426,
    0.7200000286102295,
    0.6299999952316284,
    0.7799999713897705,
    0.7400000095367432,
    0.8100000023841858,
    0.6000000238418579,
    0.8899999856948853,
    0.7599999904632568,
    0.550000011920929,
    0.8999999761581421,
    0.7799999713897705,
    0.9700000286102295,
    0.7699999809265137,
    0.8899999856948853,
    0.9399999976158142
  ],
  "n_test": 3878,
  "metrics": {
    "threshold": [
      0.36000001430511475,
      0.44999998807907104,
      0.5,
      0.5899999737739563,
      0.5400000214576721,
      0.7599999904632568,
      0.6899999976158142,
      0.8199999928474426,
      0.7200000286102295,
      0.6299999952316284,
      0.7799999713897705,
      0.7400000095367432,
      0.8100000023841858,
      0.6000000238418579,
      0.8899999856948853,
      0.7599999904632568,
      0.550000011920929,
      0.8999999761581421,
      0.7799999713897705,
      0.9700000286102295,
      0.7699999809265137,
      0.8899999856948853,
      0.9399999976158142
    ],
    "sample_f1": 0.44311196510783923,
    "micro_f1": 0.4557884427032321,
    "macro_f1": 0.3479346901190493,
    "weighted_f1": 0.47875301930208974,
    "micro_precision": 0.3670494699646643,
    "micro_recall": 0.6011160483620956,
    "hamming_loss": 0.1557391752808485,
    "per_label": {
      "Drama": {
        "f1": 0.715988647114475,
        "precision": 0.593103448275862,
        "recall": 0.9031026252983294,
        "support": 2095
      },
      "Comedy": {
        "f1": 0.6243093922651933,
        "precision": 0.5625388923459863,
        "recall": 0.7013188518231187,
        "support": 1289
      },
      "Romance": {
        "f1": 0.4514480408858603,
        "precision": 0.34348671419313026,
        "recall": 0.6583850931677019,
        "support": 805
      },
      "Thriller": {
        "f1": 0.494716618635927,
        "precision": 0.3952417498081351,
        "recall": 0.6611039794608472,
        "support": 779
      },
      "Crime": {
        "f1": 0.3752711496746204,
        "precision": 0.27287066246056785,
        "recall": 0.6006944444444444,
        "support": 576
      },
      "Action": {
        "f1": 0.4452113891285591,
        "precision": 0.41214057507987223,
        "recall": 0.48405253283302063,
        "support": 533
      },
      "Adventure": {
        "f1": 0.39615384615384613,
        "precision": 0.325434439178515,
        "recall": 0.5061425061425061,
        "support": 407
      },
      "Horror": {
        "f1": 0.4599745870393901,
        "precision": 0.4738219895287958,
        "recall": 0.4469135802469136,
        "support": 405
      },
      "Documentary": {
        "f1": 0.29517241379310344,
        "precision": 0.25907990314769974,
        "recall": 0.34294871794871795,
        "support": 312
      },
      "Mystery": {
        "f1": 0.23864836325237593,
        "precision": 0.17711598746081506,
        "recall": 0.3656957928802589,
        "support": 309
      },
      "Sci-Fi": {
        "f1": 0.36533333333333334,
        "precision": 0.30376940133037694,
        "recall": 0.45819397993311034,
        "support": 299
      },
      "Fantasy": {
        "f1": 0.29187396351575456,
        "precision": 0.28115015974440893,
        "recall": 0.30344827586206896,
        "support": 290
      },
      "Family": {
        "f1": 0.4336842105263158,
        "precision": 0.4577777777777778,
        "recall": 0.412,
        "support": 250
      },
      "Biography": {
        "f1": 0.12379110251450677,
        "precision": 0.07683073229291716,
        "recall": 0.31840796019900497,
        "support": 201
      },
      "War": {
        "f1": 0.1829787234042553,
        "precision": 0.15925925925925927,
        "recall": 0.215,
        "support": 200
      },
      "History": {
        "f1": 0.1550632911392405,
        "precision": 0.10629067245119306,
        "recall": 0.28654970760233917,
        "support": 171
      },
      "Music": {
        "f1": 0.10733844468784227,
        "precision": 0.06481481481481481,
        "recall": 0.31210191082802546,
        "support": 157
      },
      "Animation": {
        "f1": 0.6413793103448275,
        "precision": 0.6642857142857143,
        "recall": 0.62,
        "support": 150
      },
      "Musical": {
        "f1": 0.21852731591448932,
        "precision": 0.15593220338983052,
        "recall": 0.36507936507936506,
        "support": 126
      },
      "Western": {
        "f1": 0.36097560975609755,
        "precision": 0.37373737373737376,
        "recall": 0.3490566037735849,
        "support": 106
      },
      "Sport": {
        "f1": 0.11076923076923077,
        "precision": 0.0782608695652174,
        "recall": 0.18947368421052632,
        "support": 95
      },
      "Short": {
        "f1": 0.3333333333333333,
        "precision": 0.31645569620253167,
        "recall": 0.352112676056338,
        "support": 71
      },
      "Film-Noir": {
        "f1": 0.18055555555555555,
        "precision": 0.13978494623655913,
        "recall": 0.2549019607843137,
        "support": 51
      }
    }
  },
  "prediction_npz": "outputs/colab_test_xai_all_models/run_20260518_203227/predictions/ablation_neural_efficientnet_b0_image_only_unfrozen_lr1e4_test_predictions.npz",
  "prediction_csv": "outputs/colab_test_xai_all_models/run_20260518_203227/predictions/ablation_neural_efficientnet_b0_image_only_unfrozen_lr1e4_test_predictions.csv",
  "extra": {
    "config": {
      "model_name": "neural_efficientnet_b0_image_only_unfrozen_lr1e4",
      "modality": "image_only",
      "text_encoder": "bigru_attention",
      "image_encoder": "efficientnet_b0",
      "fusion": "gmu",
      "hidden_dim": 256,
      "text_cnn_channels": 128,
      "text_cnn_kernels": [
        3,
        4,
        5
      ],
      "text_rnn_hidden_dim": 128,
      "text_rnn_layers": 1,
      "text_rnn_dropout": 0.2,
      "text_attention_dim": 128,
      "text_transformer_layers": 2,
      "text_transformer_heads": 6,
      "text_transformer_ff_dim": 512,
      "text_transformer_dropout": 0.1,
      "pretrained_image": true,
      "freeze_image_backbone": false,
      "batch_size": 16,
      "epochs": 10,
      "learning_rate": 0.0001,
      "weight_decay": 0.01,
      "num_workers": 0,
      "patience": 3,
      "threshold_metric": "macro_f1",
      "threshold_strategy": "per_label",
      "threshold_min": 0.01,
      "threshold_max": 0.99,
      "threshold_steps": 99,
      "loss": "bce",
      "focal_gamma": 2.0,
      "pos_weight_clip": null,
      "scheduler": "plateau",
      "scheduler_factor": 0.5,
      "scheduler_patience": 1,
      "min_learning_rate": 1e-06,
      "enable_label_correlation": true,
      "max_length": 512,
      "input_size": 224,
      "freeze_embeddings": false
    },
    "device": "cpu",
    "best_epoch": 4
  }
}