{
  "key": "ablation_neural_transformer_text_only_h256_lr2e4",
  "model_type": "neural",
  "path": "/content/drive/MyDrive/Explaining-Predictions-of-Machine-Learning-Models/outputs/model_selection/neural/neural_transformer_text_only_h256_lr2e4/fold_01/neural_transformer_text_only_h256_lr2e4.pt",
  "role": "ablation",
  "source": "best validation fold from model_selection candidate",
  "notes": "Candidate neural_transformer_text_only_h256_lr2e4; modality=text_only; best fold=1 validation score=0.433631525921757",
  "priority": 20,
  "threshold": [
    0.25999999046325684,
    0.5199999809265137,
    0.5299999713897705,
    0.49000000953674316,
    0.5400000214576721,
    0.5799999833106995,
    0.699999988079071,
    0.7799999713897705,
    0.8799999952316284,
    0.6499999761581421,
    0.8199999928474426,
    0.7799999713897705,
    0.8500000238418579,
    0.75,
    0.8600000143051147,
    0.8100000023841858,
    0.8899999856948853,
    0.9200000166893005,
    0.8399999737739563,
    0.8500000238418579,
    0.8600000143051147,
    0.9599999785423279,
    0.9200000166893005
  ],
  "n_test": 3878,
  "metrics": {
    "threshold": [
      0.25999999046325684,
      0.5199999809265137,
      0.5299999713897705,
      0.49000000953674316,
      0.5400000214576721,
      0.5799999833106995,
      0.699999988079071,
      0.7799999713897705,
      0.8799999952316284,
      0.6499999761581421,
      0.8199999928474426,
      0.7799999713897705,
      0.8500000238418579,
      0.75,
      0.8600000143051147,
      0.8100000023841858,
      0.8899999856948853,
      0.9200000166893005,
      0.8399999737739563,
      0.8500000238418579,
      0.8600000143051147,
      0.9599999785423279,
      0.9200000166893005
    ],
    "sample_f1": 0.5229319030634142,
    "micro_f1": 0.531105847151228,
    "macro_f1": 0.4219240030876083,
    "weighted_f1": 0.5327516888997533,
    "micro_precision": 0.44418184345891837,
    "micro_recall": 0.6603286142399504,
    "hamming_loss": 0.12649954032782473,
    "per_label": {
      "Drama": {
        "f1": 0.7322342239909039,
        "precision": 0.6071653048397234,
        "recall": 0.9221957040572792,
        "support": 2095
      },
      "Comedy": {
        "f1": 0.5821030430852666,
        "precision": 0.47586206896551725,
        "recall": 0.7494181536074477,
        "support": 1289
      },
      "Romance": {
        "f1": 0.48520710059171596,
        "precision": 0.3829022988505747,
        "recall": 0.662111801242236,
        "support": 805
      },
      "Thriller": {
        "f1": 0.5367833587011669,
        "precision": 0.4437919463087248,
        "recall": 0.6790757381258024,
        "support": 779
      },
      "Crime": {
        "f1": 0.4926522043386984,
        "precision": 0.4126611957796014,
        "recall": 0.6111111111111112,
        "support": 576
      },
      "Action": {
        "f1": 0.4656084656084656,
        "precision": 0.3595505617977528,
        "recall": 0.6604127579737336,
        "support": 533
      },
      "Adventure": {
        "f1": 0.4635108481262327,
        "precision": 0.3871499176276771,
        "recall": 0.5773955773955773,
        "support": 407
      },
      "Horror": {
        "f1": 0.5386416861826698,
        "precision": 0.512249443207127,
        "recall": 0.5679012345679012,
        "support": 405
      },
      "Documentary": {
        "f1": 0.6623376623376623,
        "precision": 0.6710526315789473,
        "recall": 0.6538461538461539,
        "support": 312
      },
      "Mystery": {
        "f1": 0.34726688102893893,
        "precision": 0.25961538461538464,
        "recall": 0.5242718446601942,
        "support": 309
      },
      "Sci-Fi": {
        "f1": 0.4888888888888889,
        "precision": 0.5,
        "recall": 0.4782608695652174,
        "support": 299
      },
      "Fantasy": {
        "f1": 0.35705045278137126,
        "precision": 0.2857142857142857,
        "recall": 0.47586206896551725,
        "support": 290
      },
      "Family": {
        "f1": 0.44921875,
        "precision": 0.4389312977099237,
        "recall": 0.46,
        "support": 250
      },
      "Biography": {
        "f1": 0.3104693140794224,
        "precision": 0.24362606232294617,
        "recall": 0.42786069651741293,
        "support": 201
      },
      "War": {
        "f1": 0.5161290322580645,
        "precision": 0.5581395348837209,
        "recall": 0.48,
        "support": 200
      },
      "History": {
        "f1": 0.3422222222222222,
        "precision": 0.27598566308243727,
        "recall": 0.4502923976608187,
        "support": 171
      },
      "Music": {
        "f1": 0.2878787878787879,
        "precision": 0.35514018691588783,
        "recall": 0.24203821656050956,
        "support": 157
      },
      "Animation": {
        "f1": 0.4166666666666667,
        "precision": 0.4012345679012346,
        "recall": 0.43333333333333335,
        "support": 150
      },
      "Musical": {
        "f1": 0.22784810126582278,
        "precision": 0.18947368421052632,
        "recall": 0.2857142857142857,
        "support": 126
      },
      "Western": {
        "f1": 0.34210526315789475,
        "precision": 0.319672131147541,
        "recall": 0.36792452830188677,
        "support": 106
      },
      "Sport": {
        "f1": 0.2636363636363636,
        "precision": 0.232,
        "recall": 0.30526315789473685,
        "support": 95
      },
      "Short": {
        "f1": 0.2781456953642384,
        "precision": 0.2625,
        "recall": 0.29577464788732394,
        "support": 71
      },
      "Film-Noir": {
        "f1": 0.11764705882352941,
        "precision": 0.0784313725490196,
        "recall": 0.23529411764705882,
        "support": 51
      }
    }
  },
  "prediction_npz": "outputs/colab_test_xai_all_models/run_20260518_203227/predictions/ablation_neural_transformer_text_only_h256_lr2e4_test_predictions.npz",
  "prediction_csv": "outputs/colab_test_xai_all_models/run_20260518_203227/predictions/ablation_neural_transformer_text_only_h256_lr2e4_test_predictions.csv",
  "extra": {
    "config": {
      "model_name": "neural_transformer_text_only_h256_lr2e4",
      "modality": "text_only",
      "text_encoder": "transformer",
      "image_encoder": "resnet18",
      "fusion": "gmu",
      "hidden_dim": 256,
      "text_cnn_channels": 128,
      "text_cnn_kernels": [
        3,
        4,
        5
      ],
      "text_rnn_hidden_dim": 128,
      "text_rnn_layers": 1,
      "text_rnn_dropout": 0.2,
      "text_attention_dim": 128,
      "text_transformer_layers": 2,
      "text_transformer_heads": 6,
      "text_transformer_ff_dim": 512,
      "text_transformer_dropout": 0.1,
      "pretrained_image": true,
      "freeze_image_backbone": true,
      "batch_size": 16,
      "epochs": 10,
      "learning_rate": 0.0002,
      "weight_decay": 0.01,
      "num_workers": 0,
      "patience": 3,
      "threshold_metric": "macro_f1",
      "threshold_strategy": "per_label",
      "threshold_min": 0.01,
      "threshold_max": 0.99,
      "threshold_steps": 99,
      "loss": "bce",
      "focal_gamma": 2.0,
      "pos_weight_clip": null,
      "scheduler": "plateau",
      "scheduler_factor": 0.5,
      "scheduler_patience": 1,
      "min_learning_rate": 1e-06,
      "enable_label_correlation": true,
      "max_length": 512,
      "input_size": 224,
      "freeze_embeddings": false
    },
    "device": "cpu",
    "best_epoch": 10
  }
}