{
  "key": "best_classic",
  "model_type": "classic",
  "path": "outputs/models/best/classic_multimodal_best.joblib",
  "role": "best_classic",
  "source": "canonical best classic registry",
  "notes": "",
  "priority": 1,
  "threshold": [
    0.30000001192092896,
    0.44999998807907104,
    0.5,
    0.5,
    0.6000000238418579,
    0.550000011920929,
    0.6000000238418579,
    0.6000000238418579,
    0.6000000238418579,
    0.5,
    0.699999988079071,
    0.75,
    0.6000000238418579,
    0.699999988079071,
    0.6499999761581421,
    0.6000000238418579,
    0.6499999761581421,
    0.550000011920929,
    0.699999988079071,
    0.6000000238418579,
    0.6499999761581421,
    0.5,
    0.699999988079071
  ],
  "n_test": 3878,
  "metrics": {
    "threshold": [
      0.30000001192092896,
      0.44999998807907104,
      0.5,
      0.5,
      0.6000000238418579,
      0.550000011920929,
      0.6000000238418579,
      0.6000000238418579,
      0.6000000238418579,
      0.5,
      0.699999988079071,
      0.75,
      0.6000000238418579,
      0.699999988079071,
      0.6499999761581421,
      0.6000000238418579,
      0.6499999761581421,
      0.550000011920929,
      0.699999988079071,
      0.6000000238418579,
      0.6499999761581421,
      0.5,
      0.699999988079071
    ],
    "sample_f1": 0.5552470050149266,
    "micro_f1": 0.5606668724915097,
    "macro_f1": 0.4382439827837317,
    "weighted_f1": 0.5627159142451682,
    "micro_precision": 0.48907356109572175,
    "micro_recall": 0.6568151286555751,
    "hamming_loss": 0.11167791555485795,
    "per_label": {
      "Drama": {
        "f1": 0.75,
        "precision": 0.6410430071114122,
        "recall": 0.9035799522673031,
        "support": 2095
      },
      "Comedy": {
        "f1": 0.6518420179223365,
        "precision": 0.5696055684454756,
        "recall": 0.7618308766485647,
        "support": 1289
      },
      "Romance": {
        "f1": 0.5272264631043257,
        "precision": 0.44655172413793104,
        "recall": 0.6434782608695652,
        "support": 805
      },
      "Thriller": {
        "f1": 0.5495075168481078,
        "precision": 0.4608695652173913,
        "recall": 0.6803594351732991,
        "support": 779
      },
      "Crime": {
        "f1": 0.5484672742336372,
        "precision": 0.5245641838351822,
        "recall": 0.5746527777777778,
        "support": 576
      },
      "Action": {
        "f1": 0.5267295597484277,
        "precision": 0.45331529093369416,
        "recall": 0.6285178236397748,
        "support": 533
      },
      "Adventure": {
        "f1": 0.47767857142857145,
        "precision": 0.4376278118609407,
        "recall": 0.5257985257985258,
        "support": 407
      },
      "Horror": {
        "f1": 0.6145251396648045,
        "precision": 0.5612244897959183,
        "recall": 0.6790123456790124,
        "support": 405
      },
      "Documentary": {
        "f1": 0.6894502228826151,
        "precision": 0.6426592797783933,
        "recall": 0.7435897435897436,
        "support": 312
      },
      "Mystery": {
        "f1": 0.3905579399141631,
        "precision": 0.29213483146067415,
        "recall": 0.5889967637540453,
        "support": 309
      },
      "Sci-Fi": {
        "f1": 0.5656192236598891,
        "precision": 0.6322314049586777,
        "recall": 0.5117056856187291,
        "support": 299
      },
      "Fantasy": {
        "f1": 0.3614931237721022,
        "precision": 0.4200913242009132,
        "recall": 0.31724137931034485,
        "support": 290
      },
      "Family": {
        "f1": 0.36115843270868825,
        "precision": 0.314540059347181,
        "recall": 0.424,
        "support": 250
      },
      "Biography": {
        "f1": 0.30697674418604654,
        "precision": 0.28820960698689957,
        "recall": 0.3283582089552239,
        "support": 201
      },
      "War": {
        "f1": 0.5522041763341067,
        "precision": 0.5151515151515151,
        "recall": 0.595,
        "support": 200
      },
      "History": {
        "f1": 0.2669683257918552,
        "precision": 0.2177121771217712,
        "recall": 0.34502923976608185,
        "support": 171
      },
      "Music": {
        "f1": 0.35625,
        "precision": 0.3496932515337423,
        "recall": 0.3630573248407643,
        "support": 157
      },
      "Animation": {
        "f1": 0.29523809523809524,
        "precision": 0.22962962962962963,
        "recall": 0.41333333333333333,
        "support": 150
      },
      "Musical": {
        "f1": 0.21201413427561838,
        "precision": 0.1910828025477707,
        "recall": 0.23809523809523808,
        "support": 126
      },
      "Western": {
        "f1": 0.3983739837398374,
        "precision": 0.35,
        "recall": 0.46226415094339623,
        "support": 106
      },
      "Sport": {
        "f1": 0.3842364532019704,
        "precision": 0.3611111111111111,
        "recall": 0.4105263157894737,
        "support": 95
      },
      "Short": {
        "f1": 0.1522491349480969,
        "precision": 0.10091743119266056,
        "recall": 0.30985915492957744,
        "support": 71
      },
      "Film-Noir": {
        "f1": 0.14084507042253522,
        "precision": 0.10989010989010989,
        "recall": 0.19607843137254902,
        "support": 51
      }
    }
  },
  "prediction_npz": "outputs/colab_test_xai_all_models/run_20260518_203227/predictions/best_classic_test_predictions.npz",
  "prediction_csv": "outputs/colab_test_xai_all_models/run_20260518_203227/predictions/best_classic_test_predictions.csv",
  "extra": {
    "config": {
      "text_max_features": 10000,
      "text_ngram_min": 1,
      "text_ngram_max": 1,
      "text_min_df": 3,
      "image_hist_bins": 16,
      "image_thumbnail_size": [
        32,
        20
      ],
      "logistic_max_iter": 2000,
      "logistic_c": 1.0,
      "logistic_penalty": "l2",
      "logistic_solver": "liblinear",
      "logistic_l1_ratio": null,
      "logistic_class_weight": "balanced",
      "estimator": "logistic",
      "sgd_loss": "log_loss",
      "sgd_penalty": "l2",
      "sgd_alpha": 1e-05,
      "sgd_max_iter": 1000,
      "sgd_tol": 0.001,
      "sgd_class_weight": "balanced",
      "threshold_metric": "macro_f1",
      "threshold_strategy": "per_label",
      "classifier": "ovr",
      "chain_order": null,
      "random_state": 42
    }
  }
}