{
  "key": "training_summary_overall_best",
  "model_type": "neural",
  "path": "/content/drive/MyDrive/Explaining-Predictions-of-Machine-Learning-Models/outputs/model_selection/neural/neural_transformer_gmu_resnet18_h256_lr2e4_focal/final/neural_transformer_gmu_resnet18_h256_lr2e4_focal.pt",
  "role": "training_summary_overall_best",
  "source": "outputs/model_selection/training_summary.json",
  "notes": "Selected by training summary using macro_f1=0.4760482027872928",
  "priority": 3,
  "threshold": [
    0.46000000834465027,
    0.49000000953674316,
    0.5199999809265137,
    0.5099999904632568,
    0.5299999713897705,
    0.5799999833106995,
    0.5699999928474426,
    0.5799999833106995,
    0.7300000190734863,
    0.5799999833106995,
    0.5600000023841858,
    0.5299999713897705,
    0.5899999737739563,
    0.5400000214576721,
    0.5899999737739563,
    0.5699999928474426,
    0.550000011920929,
    0.6100000143051147,
    0.46000000834465027,
    0.6700000166893005,
    0.5400000214576721,
    0.5799999833106995,
    0.5600000023841858
  ],
  "n_test": 3878,
  "metrics": {
    "threshold": [
      0.46000000834465027,
      0.49000000953674316,
      0.5199999809265137,
      0.5099999904632568,
      0.5299999713897705,
      0.5799999833106995,
      0.5699999928474426,
      0.5799999833106995,
      0.7300000190734863,
      0.5799999833106995,
      0.5600000023841858,
      0.5299999713897705,
      0.5899999737739563,
      0.5400000214576721,
      0.5899999737739563,
      0.5699999928474426,
      0.550000011920929,
      0.6100000143051147,
      0.46000000834465027,
      0.6700000166893005,
      0.5400000214576721,
      0.5799999833106995,
      0.5600000023841858
    ],
    "sample_f1": 0.55187374656173,
    "micro_f1": 0.5592501673733542,
    "macro_f1": 0.4561105570676551,
    "weighted_f1": 0.5659662197961379,
    "micro_precision": 0.49222187303582654,
    "micro_recall": 0.6474113878268059,
    "hamming_loss": 0.11071372513846223,
    "per_label": {
      "Drama": {
        "f1": 0.7429916541836079,
        "precision": 0.6733902249806051,
        "recall": 0.8286396181384248,
        "support": 2095
      },
      "Comedy": {
        "f1": 0.650610359617288,
        "precision": 0.56601607347876,
        "recall": 0.764934057408844,
        "support": 1289
      },
      "Romance": {
        "f1": 0.5080558539205156,
        "precision": 0.4474929044465468,
        "recall": 0.5875776397515527,
        "support": 805
      },
      "Thriller": {
        "f1": 0.5873684210526315,
        "precision": 0.4977698483496878,
        "recall": 0.7163029525032092,
        "support": 779
      },
      "Crime": {
        "f1": 0.5382899628252789,
        "precision": 0.47074122236671,
        "recall": 0.6284722222222222,
        "support": 576
      },
      "Action": {
        "f1": 0.5214220601640839,
        "precision": 0.5070921985815603,
        "recall": 0.5365853658536586,
        "support": 533
      },
      "Adventure": {
        "f1": 0.4700460829493088,
        "precision": 0.44251626898047725,
        "recall": 0.5012285012285013,
        "support": 407
      },
      "Horror": {
        "f1": 0.5981941309255079,
        "precision": 0.5509355509355509,
        "recall": 0.654320987654321,
        "support": 405
      },
      "Documentary": {
        "f1": 0.6927536231884058,
        "precision": 0.6322751322751323,
        "recall": 0.7660256410256411,
        "support": 312
      },
      "Mystery": {
        "f1": 0.3786531130876747,
        "precision": 0.3117154811715481,
        "recall": 0.48220064724919093,
        "support": 309
      },
      "Sci-Fi": {
        "f1": 0.5435435435435435,
        "precision": 0.49318801089918257,
        "recall": 0.6053511705685619,
        "support": 299
      },
      "Fantasy": {
        "f1": 0.34522111269614836,
        "precision": 0.2944038929440389,
        "recall": 0.41724137931034483,
        "support": 290
      },
      "Family": {
        "f1": 0.43711340206185567,
        "precision": 0.451063829787234,
        "recall": 0.424,
        "support": 250
      },
      "Biography": {
        "f1": 0.30945558739255014,
        "precision": 0.21730382293762576,
        "recall": 0.5373134328358209,
        "support": 201
      },
      "War": {
        "f1": 0.519650655021834,
        "precision": 0.46124031007751937,
        "recall": 0.595,
        "support": 200
      },
      "History": {
        "f1": 0.31238095238095237,
        "precision": 0.23163841807909605,
        "recall": 0.47953216374269003,
        "support": 171
      },
      "Music": {
        "f1": 0.30666666666666664,
        "precision": 0.32167832167832167,
        "recall": 0.2929936305732484,
        "support": 157
      },
      "Animation": {
        "f1": 0.6187050359712231,
        "precision": 0.671875,
        "recall": 0.5733333333333334,
        "support": 150
      },
      "Musical": {
        "f1": 0.2556053811659193,
        "precision": 0.178125,
        "recall": 0.4523809523809524,
        "support": 126
      },
      "Western": {
        "f1": 0.33532934131736525,
        "precision": 0.45901639344262296,
        "recall": 0.2641509433962264,
        "support": 106
      },
      "Sport": {
        "f1": 0.3147208121827411,
        "precision": 0.30392156862745096,
        "recall": 0.3263157894736842,
        "support": 95
      },
      "Short": {
        "f1": 0.23293172690763053,
        "precision": 0.16292134831460675,
        "recall": 0.4084507042253521,
        "support": 71
      },
      "Film-Noir": {
        "f1": 0.2708333333333333,
        "precision": 0.28888888888888886,
        "recall": 0.2549019607843137,
        "support": 51
      }
    }
  },
  "prediction_npz": "outputs/colab_test_xai_all_models/run_20260518_203227/predictions/training_summary_overall_best_test_predictions.npz",
  "prediction_csv": "outputs/colab_test_xai_all_models/run_20260518_203227/predictions/training_summary_overall_best_test_predictions.csv",
  "extra": {
    "config": {
      "model_name": "neural_transformer_gmu_resnet18_h256_lr2e4_focal",
      "modality": "multimodal",
      "text_encoder": "transformer",
      "image_encoder": "resnet18",
      "fusion": "gmu",
      "hidden_dim": 256,
      "text_cnn_channels": 128,
      "text_cnn_kernels": [
        3,
        4,
        5
      ],
      "text_rnn_hidden_dim": 128,
      "text_rnn_layers": 1,
      "text_rnn_dropout": 0.2,
      "text_attention_dim": 128,
      "text_transformer_layers": 2,
      "text_transformer_heads": 6,
      "text_transformer_ff_dim": 512,
      "text_transformer_dropout": 0.1,
      "pretrained_image": true,
      "freeze_image_backbone": true,
      "batch_size": 16,
      "epochs": 10,
      "learning_rate": 0.0002,
      "weight_decay": 0.01,
      "num_workers": 0,
      "patience": 3,
      "threshold_metric": "macro_f1",
      "threshold_strategy": "per_label",
      "threshold_min": 0.01,
      "threshold_max": 0.99,
      "threshold_steps": 99,
      "loss": "focal",
      "focal_gamma": 2.0,
      "pos_weight_clip": 10.0,
      "scheduler": "none",
      "scheduler_factor": 0.5,
      "scheduler_patience": 1,
      "min_learning_rate": 1e-06,
      "enable_label_correlation": true,
      "max_length": 512,
      "input_size": 224,
      "freeze_embeddings": false
    },
    "device": "cpu",
    "best_epoch": 10
  }
}