{
  "index": 24,
  "target_genre": "Drama",
  "target_genres": [
    "Drama"
  ],
  "true_genres": [
    "Drama",
    "Film-Noir"
  ],
  "predicted_genres": [
    "Thriller",
    "Crime",
    "Drama"
  ],
  "probability": 0.46439915895462036,
  "top_probabilities": {
    "Action": 0.7052866220474243,
    "Thriller": 0.6729358434677124,
    "Sci-Fi": 0.6531105637550354,
    "Crime": 0.6006123423576355,
    "Sport": 0.5622280240058899
  },
  "threshold": [
    0.36000001430511475,
    0.44999998807907104,
    0.5,
    0.5899999737739563,
    0.5400000214576721,
    0.7599999904632568,
    0.6899999976158142,
    0.8199999928474426,
    0.7200000286102295,
    0.6299999952316284,
    0.7799999713897705,
    0.7400000095367432,
    0.8100000023841858,
    0.6000000238418579,
    0.8899999856948853,
    0.7599999904632568,
    0.550000011920929,
    0.8999999761581421,
    0.7799999713897705,
    0.9700000286102295,
    0.7699999809265137,
    0.8899999856948853,
    0.9399999976158142
  ],
  "target_selection": {
    "policy": "predicted",
    "target_indices": [
      3,
      4,
      0
    ],
    "target_genres": [
      "Thriller",
      "Crime",
      "Drama"
    ],
    "all_selected_indices": [
      3,
      4,
      0
    ],
    "all_selected_genres": [
      "Thriller",
      "Crime",
      "Drama"
    ],
    "predicted_indices": [
      3,
      4,
      0
    ],
    "predicted_genres": [
      "Thriller",
      "Crime",
      "Drama"
    ],
    "threshold": [
      0.36000001430511475,
      0.44999998807907104,
      0.5,
      0.5899999737739563,
      0.5400000214576721,
      0.7599999904632568,
      0.6899999976158142,
      0.8199999928474426,
      0.7200000286102295,
      0.6299999952316284,
      0.7799999713897705,
      0.7400000095367432,
      0.8100000023841858,
      0.6000000238418579,
      0.8899999856948853,
      0.7599999904632568,
      0.550000011920929,
      0.8999999761581421,
      0.7799999713897705,
      0.9700000286102295,
      0.7699999809265137,
      0.8899999856948853,
      0.9399999976158142
    ],
    "max_targets_per_sample": 3
  },
  "methods": [
    "IntegratedGradients_image_pixels",
    "image_occlusion_sensitivity",
    "experimental_label_correlation_head"
  ],
  "top_tokens": [],
  "gate_mean": null,
  "gate_std": null,
  "config": {
    "model_name": "neural_efficientnet_b0_image_only_unfrozen_lr1e4",
    "modality": "image_only",
    "text_encoder": "bigru_attention",
    "image_encoder": "efficientnet_b0",
    "fusion": "gmu",
    "hidden_dim": 256,
    "text_cnn_channels": 128,
    "text_cnn_kernels": [
      3,
      4,
      5
    ],
    "text_rnn_hidden_dim": 128,
    "text_rnn_layers": 1,
    "text_rnn_dropout": 0.2,
    "text_attention_dim": 128,
    "text_transformer_layers": 2,
    "text_transformer_heads": 6,
    "text_transformer_ff_dim": 512,
    "text_transformer_dropout": 0.1,
    "pretrained_image": false,
    "freeze_image_backbone": false,
    "batch_size": 16,
    "epochs": 10,
    "learning_rate": 0.0001,
    "weight_decay": 0.01,
    "num_workers": 0,
    "patience": 3,
    "threshold_metric": "macro_f1",
    "threshold_strategy": "per_label",
    "threshold_min": 0.01,
    "threshold_max": 0.99,
    "threshold_steps": 99,
    "loss": "bce",
    "focal_gamma": 2.0,
    "pos_weight_clip": null,
    "scheduler": "plateau",
    "scheduler_factor": 0.5,
    "scheduler_patience": 1,
    "min_learning_rate": 1e-06,
    "enable_label_correlation": true,
    "max_length": 512,
    "input_size": 224,
    "freeze_embeddings": false
  },
  "performance": {
    "measurements": [
      {
        "name": "neural_image_integrated_gradients_idx_24_Drama",
        "wall_time_s": 0.7166949439997552,
        "process_cpu_time_s": 0.7229187020002428,
        "process_cpu_util_percent": 100.86839708478392,
        "rss_start_mb": 3327.7421875,
        "rss_end_mb": 3327.7421875,
        "rss_delta_mb": 0.0,
        "rss_peak_mb": 3491.0859375,
        "cuda_start": {
          "cuda_available": false
        },
        "cuda_end": {
          "cuda_available": false
        }
      },
      {
        "name": "neural_image_ig_visualization_idx_24_Drama",
        "wall_time_s": 0.025814039998294902,
        "process_cpu_time_s": 0.01607871599981081,
        "process_cpu_util_percent": 62.28670909657249,
        "rss_start_mb": 3327.7421875,
        "rss_end_mb": 3327.7421875,
        "rss_delta_mb": 0.0,
        "rss_peak_mb": 3327.74609375,
        "cuda_start": {
          "cuda_available": false
        },
        "cuda_end": {
          "cuda_available": false
        }
      },
      {
        "name": "neural_image_occlusion_idx_24_Drama",
        "wall_time_s": 0.5891425080008048,
        "process_cpu_time_s": 0.5946197180001036,
        "process_cpu_util_percent": 100.9296918699493,
        "rss_start_mb": 3327.7421875,
        "rss_end_mb": 3327.7421875,
        "rss_delta_mb": 0.0,
        "rss_peak_mb": 3387.54296875,
        "cuda_start": {
          "cuda_available": false
        },
        "cuda_end": {
          "cuda_available": false
        }
      },
      {
        "name": "neural_image_occlusion_visualization_idx_24_Drama",
        "wall_time_s": 0.04057307899893203,
        "process_cpu_time_s": 0.02418036499966547,
        "process_cpu_util_percent": 59.59706681443119,
        "rss_start_mb": 3327.7421875,
        "rss_end_mb": 3327.7421875,
        "rss_delta_mb": 0.0,
        "rss_peak_mb": 3327.74609375,
        "cuda_start": {
          "cuda_available": false
        },
        "cuda_end": {
          "cuda_available": false
        }
      }
    ],
    "summary": {
      "count": 4,
      "total_wall_time_s": 1.372224570997787,
      "mean_wall_time_s": 0.34305614274944674,
      "total_process_cpu_time_s": 1.3577975009998227,
      "mean_process_cpu_util_percent": 80.92046621643422,
      "max_rss_peak_mb": 3491.0859375
    }
  },
  "image_occlusion": {
    "baseline_probability": 0.46439915895462036,
    "baseline_logit": -0.14264482259750366,
    "grid_size": 4,
    "top_patches": [
      {
        "row": 1,
        "col": 1,
        "y0": 56,
        "y1": 112,
        "x0": 56,
        "x1": 112,
        "occluded_probability": 0.34812527894973755,
        "probability_delta": 0.11627388000488281,
        "occluded_logit": -0.627289891242981,
        "logit_delta": 0.4846450686454773
      },
      {
        "row": 1,
        "col": 3,
        "y0": 56,
        "y1": 112,
        "x0": 168,
        "x1": 224,
        "occluded_probability": 0.509480357170105,
        "probability_delta": -0.04508119821548462,
        "occluded_logit": 0.03792598471045494,
        "logit_delta": -0.1805708110332489
      },
      {
        "row": 1,
        "col": 2,
        "y0": 56,
        "y1": 112,
        "x0": 112,
        "x1": 168,
        "occluded_probability": 0.5088765025138855,
        "probability_delta": -0.04447734355926514,
        "occluded_logit": 0.0355096310377121,
        "logit_delta": -0.17815445363521576
      },
      {
        "row": 3,
        "col": 1,
        "y0": 168,
        "y1": 224,
        "x0": 56,
        "x1": 112,
        "occluded_probability": 0.5079663991928101,
        "probability_delta": -0.0435672402381897,
        "occluded_logit": 0.031868383288383484,
        "logit_delta": -0.17451320588588715
      },
      {
        "row": 0,
        "col": 0,
        "y0": 0,
        "y1": 56,
        "x0": 0,
        "x1": 56,
        "occluded_probability": 0.4918968379497528,
        "probability_delta": -0.027497678995132446,
        "occluded_logit": -0.032415587455034256,
        "logit_delta": -0.1102292388677597
      },
      {
        "row": 2,
        "col": 0,
        "y0": 112,
        "y1": 168,
        "x0": 0,
        "x1": 56,
        "occluded_probability": 0.48985666036605835,
        "probability_delta": -0.02545750141143799,
        "occluded_logit": -0.040578972548246384,