{
  "index": 82,
  "target_genre": "Thriller",
  "target_genres": [
    "Thriller"
  ],
  "true_genres": [
    "Drama",
    "Thriller",
    "Crime",
    "Film-Noir"
  ],
  "predicted_genres": [
    "War",
    "Crime",
    "Thriller",
    "Drama"
  ],
  "probability": 0.7681993842124939,
  "top_probabilities": {
    "Western": 0.9473298788070679,
    "War": 0.9246991276741028,
    "Film-Noir": 0.9125609397888184,
    "Crime": 0.8448095321655273,
    "Thriller": 0.7681993842124939
  },
  "threshold": [
    0.36000001430511475,
    0.44999998807907104,
    0.5,
    0.5899999737739563,
    0.5400000214576721,
    0.7599999904632568,
    0.6899999976158142,
    0.8199999928474426,
    0.7200000286102295,
    0.6299999952316284,
    0.7799999713897705,
    0.7400000095367432,
    0.8100000023841858,
    0.6000000238418579,
    0.8899999856948853,
    0.7599999904632568,
    0.550000011920929,
    0.8999999761581421,
    0.7799999713897705,
    0.9700000286102295,
    0.7699999809265137,
    0.8899999856948853,
    0.9399999976158142
  ],
  "target_selection": {
    "policy": "predicted",
    "target_indices": [
      14,
      4,
      3
    ],
    "target_genres": [
      "War",
      "Crime",
      "Thriller"
    ],
    "all_selected_indices": [
      14,
      4,
      3,
      0
    ],
    "all_selected_genres": [
      "War",
      "Crime",
      "Thriller",
      "Drama"
    ],
    "predicted_indices": [
      14,
      4,
      3,
      0
    ],
    "predicted_genres": [
      "War",
      "Crime",
      "Thriller",
      "Drama"
    ],
    "threshold": [
      0.36000001430511475,
      0.44999998807907104,
      0.5,
      0.5899999737739563,
      0.5400000214576721,
      0.7599999904632568,
      0.6899999976158142,
      0.8199999928474426,
      0.7200000286102295,
      0.6299999952316284,
      0.7799999713897705,
      0.7400000095367432,
      0.8100000023841858,
      0.6000000238418579,
      0.8899999856948853,
      0.7599999904632568,
      0.550000011920929,
      0.8999999761581421,
      0.7799999713897705,
      0.9700000286102295,
      0.7699999809265137,
      0.8899999856948853,
      0.9399999976158142
    ],
    "max_targets_per_sample": 3
  },
  "methods": [
    "IntegratedGradients_image_pixels",
    "image_occlusion_sensitivity",
    "experimental_label_correlation_head"
  ],
  "top_tokens": [],
  "gate_mean": null,
  "gate_std": null,
  "config": {
    "model_name": "neural_efficientnet_b0_image_only_unfrozen_lr1e4",
    "modality": "image_only",
    "text_encoder": "bigru_attention",
    "image_encoder": "efficientnet_b0",
    "fusion": "gmu",
    "hidden_dim": 256,
    "text_cnn_channels": 128,
    "text_cnn_kernels": [
      3,
      4,
      5
    ],
    "text_rnn_hidden_dim": 128,
    "text_rnn_layers": 1,
    "text_rnn_dropout": 0.2,
    "text_attention_dim": 128,
    "text_transformer_layers": 2,
    "text_transformer_heads": 6,
    "text_transformer_ff_dim": 512,
    "text_transformer_dropout": 0.1,
    "pretrained_image": false,
    "freeze_image_backbone": false,
    "batch_size": 16,
    "epochs": 10,
    "learning_rate": 0.0001,
    "weight_decay": 0.01,
    "num_workers": 0,
    "patience": 3,
    "threshold_metric": "macro_f1",
    "threshold_strategy": "per_label",
    "threshold_min": 0.01,
    "threshold_max": 0.99,
    "threshold_steps": 99,
    "loss": "bce",
    "focal_gamma": 2.0,
    "pos_weight_clip": null,
    "scheduler": "plateau",
    "scheduler_factor": 0.5,
    "scheduler_patience": 1,
    "min_learning_rate": 1e-06,
    "enable_label_correlation": true,
    "max_length": 512,
    "input_size": 224,
    "freeze_embeddings": false
  },
  "performance": {
    "measurements": [
      {
        "name": "neural_image_integrated_gradients_idx_82_Thriller",
        "wall_time_s": 0.9191136400004325,
        "process_cpu_time_s": 0.880030700000134,
        "process_cpu_util_percent": 95.74775758955333,
        "rss_start_mb": 3380.1171875,
        "rss_end_mb": 3452.734375,
        "rss_delta_mb": 72.6171875,
        "rss_peak_mb": 3489.4921875,
        "cuda_start": {
          "cuda_available": false
        },
        "cuda_end": {
          "cuda_available": false
        }
      },
      {
        "name": "neural_image_ig_visualization_idx_82_Thriller",
        "wall_time_s": 0.038723449000826804,
        "process_cpu_time_s": 0.023410356000113097,
        "process_cpu_util_percent": 60.45524508835267,
        "rss_start_mb": 3452.734375,
        "rss_end_mb": 3452.734375,
        "rss_delta_mb": 0.0,
        "rss_peak_mb": 3452.73828125,
        "cuda_start": {
          "cuda_available": false
        },
        "cuda_end": {
          "cuda_available": false
        }
      },
      {
        "name": "neural_image_occlusion_idx_82_Thriller",
        "wall_time_s": 0.6388821860000462,
        "process_cpu_time_s": 0.6437998900000821,
        "process_cpu_util_percent": 100.76973565827917,
        "rss_start_mb": 3452.734375,
        "rss_end_mb": 3327.87109375,
        "rss_delta_mb": -124.86328125,
        "rss_peak_mb": 3452.73828125,
        "cuda_start": {
          "cuda_available": false
        },
        "cuda_end": {
          "cuda_available": false
        }
      },
      {
        "name": "neural_image_occlusion_visualization_idx_82_Thriller",
        "wall_time_s": 0.034230878998641856,
        "process_cpu_time_s": 0.023165093999978126,
        "process_cpu_util_percent": 67.67309130711257,
        "rss_start_mb": 3327.87109375,
        "rss_end_mb": 3327.87109375,
        "rss_delta_mb": 0.0,
        "rss_peak_mb": 3327.875,
        "cuda_start": {
          "cuda_available": false
        },
        "cuda_end": {
          "cuda_available": false
        }
      }
    ],
    "summary": {
      "count": 4,
      "total_wall_time_s": 1.6309501539999474,
      "mean_wall_time_s": 0.40773753849998684,
      "total_process_cpu_time_s": 1.5704060400003073,
      "mean_process_cpu_util_percent": 81.16145741082444,
      "max_rss_peak_mb": 3489.4921875
    }
  },
  "image_occlusion": {
    "baseline_probability": 0.7681993842124939,
    "baseline_logit": 1.1981714963912964,
    "grid_size": 4,
    "top_patches": [
      {
        "row": 1,
        "col": 0,
        "y0": 56,
        "y1": 112,
        "x0": 0,
        "x1": 56,
        "occluded_probability": 0.6300228238105774,
        "probability_delta": 0.1381765604019165,
        "occluded_logit": 0.5323149561882019,
        "logit_delta": 0.6658565402030945
      },
      {
        "row": 2,
        "col": 1,
        "y0": 112,
        "y1": 168,
        "x0": 56,
        "x1": 112,
        "occluded_probability": 0.6352949142456055,
        "probability_delta": 0.13290446996688843,
        "occluded_logit": 0.5550001263618469,
        "logit_delta": 0.6431713700294495
      },
      {
        "row": 2,
        "col": 2,
        "y0": 112,
        "y1": 168,
        "x0": 112,
        "x1": 168,
        "occluded_probability": 0.7095351815223694,
        "probability_delta": 0.05866420269012451,
        "occluded_logit": 0.8931275010108948,
        "logit_delta": 0.3050439953804016
      },
      {
        "row": 3,
        "col": 0,
        "y0": 168,
        "y1": 224,
        "x0": 0,
        "x1": 56,
        "occluded_probability": 0.7258487939834595,
        "probability_delta": 0.042350590229034424,
        "occluded_logit": 0.9736620187759399,
        "logit_delta": 0.22450947761535645
      },
      {
        "row": 1,
        "col": 1,
        "y0": 56,
        "y1": 112,
        "x0": 56,
        "x1": 112,
        "occluded_probability": 0.7304057478904724,
        "probability_delta": 0.037793636322021484,
        "occluded_logit": 0.9966821670532227,
        "logit_delta": 0.20148932933807373
      },
      {
        "row": 3,
        "col": 1,
        "y0": 168,
        "y1": 224,
        "x0": 56,
        "x1": 112,
        "occluded_probability": 0.738106369972229,