{
  "index": 57,
  "target_genre": "Fantasy",
  "target_genres": [
    "Fantasy"
  ],
  "true_genres": [
    "Romance",
    "Horror",
    "Mystery",
    "Fantasy",
    "Film-Noir"
  ],
  "predicted_genres": [
    "Film-Noir",
    "Horror",
    "Fantasy",
    "Mystery",
    "Romance"
  ],
  "probability": 0.8672160809647956,
  "top_probabilities": {
    "Film-Noir": 0.9225760102272034,
    "Horror": 0.8943604826927185,
    "Fantasy": 0.8672161102294922,
    "Mystery": 0.7803618311882019,
    "Romance": 0.7779184579849243
  },
  "target_selection": {
    "policy": "predicted",
    "target_indices": [
      22,
      7,
      11
    ],
    "target_genres": [
      "Film-Noir",
      "Horror",
      "Fantasy"
    ],
    "all_selected_indices": [
      22,
      7,
      11,
      9,
      2
    ],
    "all_selected_genres": [
      "Film-Noir",
      "Horror",
      "Fantasy",
      "Mystery",
      "Romance"
    ],
    "predicted_indices": [
      22,
      7,
      11,
      9,
      2
    ],
    "predicted_genres": [
      "Film-Noir",
      "Horror",
      "Fantasy",
      "Mystery",
      "Romance"
    ],
    "threshold": [
      0.30000001192092896,
      0.44999998807907104,
      0.5,
      0.5,
      0.6000000238418579,
      0.550000011920929,
      0.6000000238418579,
      0.6000000238418579,
      0.6000000238418579,
      0.5,
      0.699999988079071,
      0.75,
      0.6000000238418579,
      0.699999988079071,
      0.6499999761581421,
      0.6000000238418579,
      0.6499999761581421,
      0.550000011920929,
      0.699999988079071,
      0.6000000238418579,
      0.6499999761581421,
      0.5,
      0.699999988079071
    ],
    "max_targets_per_sample": 3
  },
  "method": "linear_feature_contribution",
  "methods": [
    "linear_feature_contribution",
    "modality_shapley"
  ],
  "modality_shapley": {
    "method": "two_modality_shapley",
    "probability": {
      "values": {
        "blank": 0.10737010721708581,
        "text_only": 0.3904613179172311,
        "image_only": 0.550835818247431,
        "both": 0.8672160809647956
      },
      "shapley": {
        "text": 0.299735736708755,
        "image": 0.4601102370389548,
        "interaction": 0.03328905201721935,
        "blank_to_both_delta": 0.7598459737477098,
        "abs_total": 0.7598459737477098,
        "text_utilization": 0.394469072765365,
        "image_utilization": 0.605530927234635
      }
    },
    "logit": {
      "values": {
        "blank": -2.1178902291748987,
        "text_only": -0.4453735056358501,
        "image_only": 0.2040483124145962,
        "both": 1.8765650359536412
      },
      "shapley": {
        "text": 1.6725167235390468,
        "image": 2.321938541589493,
        "interaction": -3.552713678800501e-15,
        "blank_to_both_delta": 3.99445526512854,
        "abs_total": 3.99445526512854,
        "text_utilization": 0.41870958929996327,
        "image_utilization": 0.5812904107000367
      }
    }
  },
  "intercept": -2.1178902291748987,
  "text_logit_contribution": 1.6725167235390486,
  "image_logit_contribution": 2.321938541589491,
  "label_dependency_logit_contribution": 0.0,
  "top_text_features": [
    {
      "feature": "the",
      "tfidf": 0.24235011637210846,
      "contribution": 0.4229717917462012
    },
    {
      "feature": "stella",
      "tfidf": 0.43567514419555664,
      "contribution": 0.31249939133357635
    },
    {
      "feature": "to",
      "tfidf": 0.1503637135028839,
      "contribution": 0.21166454998607556
    },
    {
      "feature": "most",
      "tfidf": 0.06328820437192917,
      "contribution": -0.13899093069813737
    },
    {
      "feature": "than",
      "tfidf": 0.09495233744382858,
      "contribution": 0.1299408549078896
    },
    {
      "feature": "that",
      "tfidf": 0.046492498368024826,
      "contribution": 0.12093095480683096
    },
    {
      "feature": "can",
      "tfidf": 0.05069566145539284,
      "contribution": 0.1177312908418698
    },
    {
      "feature": "named",
      "tfidf": 0.03401406854391098,
      "contribution": 0.11471901949414637
    },
    {
      "feature": "begin",
      "tfidf": 0.08166412264108658,
      "contribution": 0.10230203214251929
    },
    {
      "feature": "commander",
      "tfidf": 0.32018280029296875,
      "contribution": -0.10198812792443772
    },
    {
      "feature": "meredith",
      "tfidf": 0.2198038250207901,
      "contribution": 0.09619146849028455
    },
    {
      "feature": "s",
      "tfidf": 0.09622044861316681,
      "contribution": 0.08945664932545155
    }
  ],
  "top_image_features": [
    {
      "feature": "thumbnail_y0_x3",
      "value": -1.2612614631652832,
      "contribution": 0.9515097811481644
    },
    {
      "feature": "thumbnail_y0_x12",
      "value": -1.4428025484085083,
      "contribution": -0.8942551164187983
    },
    {
      "feature": "thumbnail_y0_x11",
      "value": -1.4308363199234009,
      "contribution": 0.7576834799088777
    },
    {
      "feature": "thumbnail_y18_x13",
      "value": -1.2583322525024414,
      "contribution": -0.7229827350167684
    },
    {
      "feature": "thumbnail_y0_x4",
      "value": -1.2994519472122192,
      "contribution": -0.720487061350779
    },
    {
      "feature": "thumbnail_y18_x3",
      "value": -0.6657853722572327,
      "contribution": -0.6902850398578326
    },
    {
      "feature": "thumbnail_y12_x14",
      "value": 1.728196382522583,
      "contribution": 0.6633597882186185
    },
    {
      "feature": "thumbnail_y1_x14",
      "value": -1.31810462474823,
      "contribution": 0.6623038648694766
    },
    {
      "feature": "thumbnail_y2_x12",
      "value": -1.433756709098816,
      "contribution": -0.6610307716010766
    },
    {
      "feature": "thumbnail_y9_x1",
      "value": -1.2760242223739624,
      "contribution": 0.6516021897486867
    },
    {
      "feature": "thumbnail_y0_x16",
      "value": -1.5001096725463867,
      "contribution": 0.6285651091112185
    },
    {
      "feature": "thumbnail_y18_x0",
      "value": -1.2146333456039429,
      "contribution": -0.6005630157972585
    }
  ],
  "label_dependency_contributions": [],
  "performance": {
    "measurements": [
      {
        "name": "classic_modality_shapley_idx_57_Fantasy",
        "wall_time_s": 0.04918150001321919,
        "process_cpu_time_s": 0.046875,
        "process_cpu_util_percent": 95.31022841393766,
        "rss_start_mb": 346.3359375,
        "rss_end_mb": 346.3515625,
        "rss_delta_mb": 0.015625,
        "rss_peak_mb": 346.35546875,
        "cuda_start": {
          "cuda_available": false,
          "cuda_error": "ModuleNotFoundError: No module named 'torch'"
        },
        "cuda_end": {
          "cuda_available": false,
          "cuda_error": "ModuleNotFoundError: No module named 'torch'"
        }
      },
      {
        "name": "classic_modality_shapley_visualization_idx_57_Fantasy",
        "wall_time_s": 0.15725779999047518,
        "process_cpu_time_s": 0.15625,
        "process_cpu_util_percent": 99.35914149216369,
        "rss_start_mb": 346.3359375,
        "rss_end_mb": 348.23046875,
        "rss_delta_mb": 1.89453125,
        "rss_peak_mb": 350.11328125,
        "cuda_start": {
          "cuda_available": false,
          "cuda_error": "ModuleNotFoundError: No module named 'torch'"
        },
        "cuda_end": {
          "cuda_available": false,
          "cuda_error": "ModuleNotFoundError: No module named 'torch'"
        }
      },
      {
        "name": "classic_linear_contribution_idx_57_Fantasy",
        "wall_time_s": 0.002248500008136034,
        "process_cpu_time_s": 0.0,
        "process_cpu_util_percent": 0.0,
        "rss_start_mb": 348.21484375,
        "rss_end_mb": 348.23046875,
        "rss_delta_mb": 0.015625,
        "rss_peak_mb": 348.234375,
        "cuda_start": {
          "cuda_available": false,
          "cuda_error": "ModuleNotFoundError: No module named 'torch'"
        },