{
  "index": 15613,
  "target_genre": "Drama",
  "target_genres": [
    "Drama"
  ],
  "true_genres": [
    "Family",
    "Animation",
    "Musical",
    "Short"
  ],
  "predicted_genres": [
    "Comedy",
    "Adventure",
    "Drama"
  ],
  "probability": 0.3272761389359671,
  "top_probabilities": {
    "Comedy": 0.7868847846984863,
    "Adventure": 0.7117463946342468,
    "Family": 0.5388792753219604,
    "Thriller": 0.45215028524398804,
    "Romance": 0.3373255729675293
  },
  "target_selection": {
    "policy": "predicted",
    "target_indices": [
      1,
      6,
      0
    ],
    "target_genres": [
      "Comedy",
      "Adventure",
      "Drama"
    ],
    "all_selected_indices": [
      1,
      6,
      0
    ],
    "all_selected_genres": [
      "Comedy",
      "Adventure",
      "Drama"
    ],
    "predicted_indices": [
      1,
      6,
      0
    ],
    "predicted_genres": [
      "Comedy",
      "Adventure",
      "Drama"
    ],
    "threshold": [
      0.30000001192092896,
      0.44999998807907104,
      0.5,
      0.5,
      0.6000000238418579,
      0.550000011920929,
      0.6000000238418579,
      0.6000000238418579,
      0.6000000238418579,
      0.5,
      0.699999988079071,
      0.75,
      0.6000000238418579,
      0.699999988079071,
      0.6499999761581421,
      0.6000000238418579,
      0.6499999761581421,
      0.550000011920929,
      0.699999988079071,
      0.6000000238418579,
      0.6499999761581421,
      0.5,
      0.699999988079071
    ],
    "max_targets_per_sample": 3
  },
  "method": "linear_feature_contribution",
  "methods": [
    "linear_feature_contribution",
    "modality_shapley"
  ],
  "modality_shapley": {
    "method": "two_modality_shapley",
    "probability": {
      "values": {
        "blank": 0.35764809053502844,
        "text_only": 0.3455701663733993,
        "image_only": 0.3390459275374487,
        "both": 0.3272761389359671
      },
      "shapley": {
        "text": -0.011923856381555381,
        "image": -0.018448095217505983,
        "interaction": 0.0003081355601474711,
        "blank_to_both_delta": -0.030371951599061364,
        "abs_total": 0.030371951599061364,
        "text_utilization": 0.39259434293066253,
        "image_utilization": 0.6074056570693375
      }
    },
    "logit": {
      "values": {
        "blank": -0.5855867834776273,
        "text_only": -0.6385686644793672,
        "image_only": -0.6675487778699266,
        "both": -0.7205306588716667
      },
      "shapley": {
        "text": -0.052981881001740005,
        "image": -0.0819619943922994,
        "interaction": -1.1102230246251565e-16,
        "blank_to_both_delta": -0.1349438753940394,
        "abs_total": 0.1349438753940394,
        "text_utilization": 0.39262160544175584,
        "image_utilization": 0.6073783945582442
      }
    }
  },
  "intercept": -0.5855867834776273,
  "text_logit_contribution": -0.05298188100173978,
  "image_logit_contribution": -0.08196199439229945,
  "label_dependency_logit_contribution": 0.0,
  "top_text_features": [
    {
      "feature": "the",
      "tfidf": 0.2574087977409363,
      "contribution": -0.2930216447718985
    },
    {
      "feature": "gruesome",
      "tfidf": 0.2073729932308197,
      "contribution": -0.26483543049249636
    },
    {
      "feature": "young",
      "tfidf": 0.08486711233854294,
      "contribution": 0.21311690439999326
    },
    {
      "feature": "so",
      "tfidf": 0.09435131400823593,
      "contribution": -0.19101314903028777
    },
    {
      "feature": "his",
      "tfidf": 0.09050985425710678,
      "contribution": 0.18523962539330419
    },
    {
      "feature": "retreat",
      "tfidf": 0.20923414826393127,
      "contribution": 0.13638066066242024
    },
    {
      "feature": "starts",
      "tfidf": 0.1302214413881302,
      "contribution": 0.13157655843995658
    },
    {
      "feature": "decides",
      "tfidf": 0.1099090650677681,
      "contribution": -0.11135152397909076
    },
    {
      "feature": "again",
      "tfidf": 0.12636148929595947,
      "contribution": -0.10138394766999981
    },
    {
      "feature": "sour",
      "tfidf": 0.22375793755054474,
      "contribution": 0.10038276909606368
    },
    {
      "feature": "him",
      "tfidf": 0.06632187962532043,
      "contribution": 0.09505386061217594
    },
    {
      "feature": "must",
      "tfidf": 0.10988552123308182,
      "contribution": -0.09064172720539829
    }
  ],
  "top_image_features": [
    {
      "feature": "thumbnail_y19_x9",
      "value": 1.3756463527679443,
      "contribution": 0.484793822119371
    },
    {
      "feature": "thumbnail_y8_x25",
      "value": 1.6738331317901611,
      "contribution": -0.4813550023717693
    },
    {
      "feature": "thumbnail_y18_x1",
      "value": 1.553874135017395,
      "contribution": 0.4517826265579178
    },
    {
      "feature": "thumbnail_y9_x30",
      "value": 1.2528356313705444,
      "contribution": 0.40788342062848
    },
    {
      "feature": "thumbnail_y8_x26",
      "value": 1.7620325088500977,
      "contribution": 0.3852481778522247
    },
    {
      "feature": "thumbnail_y9_x29",
      "value": 1.347938060760498,
      "contribution": -0.378831099065499
    },
    {
      "feature": "thumbnail_y16_x29",
      "value": 1.3146090507507324,
      "contribution": -0.3650432372106384
    },
    {
      "feature": "thumbnail_y17_x1",
      "value": 1.2287613153457642,
      "contribution": -0.3509072608997693
    },
    {
      "feature": "thumbnail_y6_x2",
      "value": 1.2572097778320312,
      "contribution": 0.33381674653174886
    },
    {
      "feature": "thumbnail_y15_x2",
      "value": 0.7834545969963074,
      "contribution": -0.33306864995257296
    },
    {
      "feature": "thumbnail_y10_x29",
      "value": 1.4168546199798584,
      "contribution": 0.32897876096527284
    },
    {
      "feature": "thumbnail_y1_x5",
      "value": 0.8755247592926025,
      "contribution": -0.32477689999788917
    }
  ],
  "label_dependency_contributions": [],
  "performance": {
    "measurements": [
      {
        "name": "classic_modality_shapley_idx_15613_Drama",
        "wall_time_s": 0.02616912600001342,
        "process_cpu_time_s": 0.026541073000000637,
        "process_cpu_util_percent": 101.4213199171689,
        "rss_start_mb": 986.15234375,
        "rss_end_mb": 986.171875,
        "rss_delta_mb": 0.01953125,
        "rss_peak_mb": 986.17578125,
        "cuda_start": {
          "cuda_available": true,
          "cuda_device": "NVIDIA A100-SXM4-40GB",
          "cuda_allocated_mb": 0.0,
          "cuda_reserved_mb": 0.0,
          "cuda_peak_allocated_mb": 0.0,
          "cuda_peak_reserved_mb": 0.0
        },
        "cuda_end": {
          "cuda_available": true,
          "cuda_device": "NVIDIA A100-SXM4-40GB",
          "cuda_allocated_mb": 0.0,
          "cuda_reserved_mb": 0.0,
          "cuda_peak_allocated_mb": 0.0,
          "cuda_peak_reserved_mb": 0.0
        }
      },
      {
        "name": "classic_modality_shapley_visualization_idx_15613_Drama",
        "wall_time_s": 0.1250505240000166,
        "process_cpu_time_s": 0.12040493699999999,
        "process_cpu_util_percent": 96.28503196034909,
        "rss_start_mb": 986.203125,
        "rss_end_mb": 986.43359375,
        "rss_delta_mb": 0.23046875,
        "rss_peak_mb": 986.43359375,
        "cuda_start": {
          "cuda_available": true,
          "cuda_device": "NVIDIA A100-SXM4-40GB",
          "cuda_allocated_mb": 0.0,
          "cuda_reserved_mb": 0.0,
          "cuda_peak_allocated_mb": 0.0,
          "cuda_peak_reserved_mb": 0.0
        },
        "cuda_end": {
          "cuda_available": true,
          "cuda_device": "NVIDIA A100-SXM4-40GB",
          "cuda_allocated_mb": 0.0,
          "cuda_reserved_mb": 0.0,
          "cuda_peak_allocated_mb": 0.0,
          "cuda_peak_reserved_mb": 0.0
        }
      },
      {
        "name": "classic_linear_contribution_idx_15613_Drama",