{
  "index": 18437,
  "target_genre": "Thriller",
  "target_genres": [
    "Thriller"
  ],
  "true_genres": [
    "Drama",
    "Sport"
  ],
  "predicted_genres": [
    "Thriller",
    "Drama",
    "Action",
    "Crime"
  ],
  "probability": 0.7346489278060737,
  "top_probabilities": {
    "Thriller": 0.7346489429473877,
    "Drama": 0.7326884269714355,
    "Action": 0.6406503319740295,
    "Crime": 0.614486038684845,
    "Horror": 0.27866634726524353
  },
  "target_selection": {
    "policy": "predicted",
    "target_indices": [
      3,
      0,
      5
    ],
    "target_genres": [
      "Thriller",
      "Drama",
      "Action"
    ],
    "all_selected_indices": [
      3,
      0,
      5,
      4
    ],
    "all_selected_genres": [
      "Thriller",
      "Drama",
      "Action",
      "Crime"
    ],
    "predicted_indices": [
      3,
      0,
      5,
      4
    ],
    "predicted_genres": [
      "Thriller",
      "Drama",
      "Action",
      "Crime"
    ],
    "threshold": [
      0.30000001192092896,
      0.44999998807907104,
      0.5,
      0.5,
      0.6000000238418579,
      0.550000011920929,
      0.6000000238418579,
      0.6000000238418579,
      0.6000000238418579,
      0.5,
      0.699999988079071,
      0.75,
      0.6000000238418579,
      0.699999988079071,
      0.6499999761581421,
      0.6000000238418579,
      0.6499999761581421,
      0.550000011920929,
      0.699999988079071,
      0.6000000238418579,
      0.6499999761581421,
      0.5,
      0.699999988079071
    ],
    "max_targets_per_sample": 3
  },
  "method": "linear_feature_contribution",
  "methods": [
    "linear_feature_contribution",
    "modality_shapley"
  ],
  "modality_shapley": {
    "method": "two_modality_shapley",
    "probability": {
      "values": {
        "blank": 0.22067535862780757,
        "text_only": 0.4221669354515496,
        "image_only": 0.5176147411473928,
        "both": 0.7346489278060737
      },
      "shapley": {
        "text": 0.20926288174121147,
        "image": 0.30471068743705465,
        "interaction": 0.01554260983493888,
        "blank_to_both_delta": 0.5139735691782661,
        "abs_total": 0.5139735691782661,
        "text_utilization": 0.4071471653217073,
        "image_utilization": 0.5928528346782928
      }
    },
    "logit": {
      "values": {
        "blank": -1.2617350441840947,
        "text_only": -0.31388419384401556,
        "image_only": 0.07048813557476863,
        "both": 1.01833898591485
      },
      "shapley": {
        "text": 0.9478508503400802,
        "image": 1.3322231797588644,
        "interaction": 2.220446049250313e-15,
        "blank_to_both_delta": 2.2800740300989446,
        "abs_total": 2.2800740300989446,
        "text_utilization": 0.415710559318527,
        "image_utilization": 0.584289440681473
      }
    }
  },
  "intercept": -1.2617350441840947,
  "text_logit_contribution": 0.9478508503400789,
  "image_logit_contribution": 1.3322231797588635,
  "label_dependency_logit_contribution": 0.0,
  "top_text_features": [
    {
      "feature": "that",
      "tfidf": 0.10221890360116959,
      "contribution": 0.23011581790656666
    },
    {
      "feature": "anyone",
      "tfidf": 0.09694070369005203,
      "contribution": 0.15784545183510482
    },
    {
      "feature": "trained",
      "tfidf": 0.12735062837600708,
      "contribution": 0.13778927617968056
    },
    {
      "feature": "is",
      "tfidf": 0.05314270406961441,
      "contribution": 0.12085269800828356
    },
    {
      "feature": "always",
      "tfidf": 0.08792871981859207,
      "contribution": -0.11599453071407648
    },
    {
      "feature": "protect",
      "tfidf": 0.09663708508014679,
      "contribution": 0.11042800085297916
    },
    {
      "feature": "been",
      "tfidf": 0.12404303252696991,
      "contribution": 0.10787726763698516
    },
    {
      "feature": "who",
      "tfidf": 0.07044411450624466,
      "contribution": 0.10456116212976439
    },
    {
      "feature": "ex",
      "tfidf": 0.08545675128698349,
      "contribution": 0.10418005364800444
    },
    {
      "feature": "past",
      "tfidf": 0.08074316382408142,
      "contribution": 0.0981502711290337
    },
    {
      "feature": "a",
      "tfidf": 0.08316992968320847,
      "contribution": 0.09119048879965212
    },
    {
      "feature": "beneath",
      "tfidf": 0.12676110863685608,
      "contribution": 0.09076632285629871
    }
  ],
  "top_image_features": [
    {
      "feature": "top_right_G_hist_bin_0",
      "value": 3.5025973320007324,
      "contribution": -1.0409796832128138
    },
    {
      "feature": "thumbnail_y19_x18",
      "value": -1.379427194595337,
      "contribution": -0.8150912430149704
    },
    {
      "feature": "thumbnail_y0_x5",
      "value": -1.4666996002197266,
      "contribution": -0.6957327159057245
    },
    {
      "feature": "thumbnail_y0_x20",
      "value": -1.63993501663208,
      "contribution": 0.6893804865384663
    },
    {
      "feature": "thumbnail_y19_x19",
      "value": -1.3424837589263916,
      "contribution": 0.6832779001001501
    },
    {
      "feature": "thumbnail_y0_x4",
      "value": -1.442769169807434,
      "contribution": 0.6403888840366693
    },
    {
      "feature": "thumbnail_y19_x11",
      "value": -1.3812859058380127,
      "contribution": 0.6227617978231598
    },
    {
      "feature": "thumbnail_y0_x19",
      "value": -1.6476465463638306,
      "contribution": -0.616066059500307
    },
    {
      "feature": "thumbnail_y1_x26",
      "value": -1.6830803155899048,
      "contribution": -0.6122627419201144
    },
    {
      "feature": "thumbnail_y1_x15",
      "value": -1.812936544418335,
      "contribution": 0.5778303612771645
    },
    {
      "feature": "thumbnail_y12_x2",
      "value": -1.5519359111785889,
      "contribution": 0.5596501659570611
    },
    {
      "feature": "thumbnail_y0_x15",
      "value": -1.6866321563720703,
      "contribution": 0.557617684124298
    }
  ],
  "label_dependency_contributions": [],
  "performance": {
    "measurements": [
      {
        "name": "classic_modality_shapley_idx_18437_Thriller",
        "wall_time_s": 0.02571855400003642,
        "process_cpu_time_s": 0.02607901399999868,
        "process_cpu_util_percent": 101.40155624597615,
        "rss_start_mb": 963.80078125,
        "rss_end_mb": 963.80078125,
        "rss_delta_mb": 0.0,
        "rss_peak_mb": 963.8046875,
        "cuda_start": {
          "cuda_available": true,
          "cuda_device": "NVIDIA A100-SXM4-40GB",
          "cuda_allocated_mb": 0.0,
          "cuda_reserved_mb": 0.0,
          "cuda_peak_allocated_mb": 0.0,
          "cuda_peak_reserved_mb": 0.0
        },
        "cuda_end": {
          "cuda_available": true,
          "cuda_device": "NVIDIA A100-SXM4-40GB",
          "cuda_allocated_mb": 0.0,
          "cuda_reserved_mb": 0.0,
          "cuda_peak_allocated_mb": 0.0,
          "cuda_peak_reserved_mb": 0.0
        }
      },
      {
        "name": "classic_modality_shapley_visualization_idx_18437_Thriller",
        "wall_time_s": 0.1355924030000324,
        "process_cpu_time_s": 0.13025946099999963,
        "process_cpu_util_percent": 96.0669315669319,
        "rss_start_mb": 963.80078125,
        "rss_end_mb": 965.08984375,
        "rss_delta_mb": 1.2890625,
        "rss_peak_mb": 965.09375,
        "cuda_start": {
          "cuda_available": true,
          "cuda_device": "NVIDIA A100-SXM4-40GB",
          "cuda_allocated_mb": 0.0,
          "cuda_reserved_mb": 0.0,
          "cuda_peak_allocated_mb": 0.0,
          "cuda_peak_reserved_mb": 0.0
        },
        "cuda_end": {
          "cuda_available": true,
          "cuda_device": "NVIDIA A100-SXM4-40GB",
          "cuda_allocated_mb": 0.0,
          "cuda_reserved_mb": 0.0,
          "cuda_peak_allocated_mb": 0.0,
          "cuda_peak_reserved_mb": 0.0
        }
      },
      {
        "name": "classic_linear_contribution_idx_18437_Thriller",