{
  "index": 86,
  "target_genre": "label_set",
  "target_genres": [
    "Comedy",
    "Romance",
    "Drama"
  ],
  "true_genres": [
    "Drama",
    "Romance",
    "Mystery",
    "Film-Noir"
  ],
  "predicted_genres": [
    "Comedy",
    "Romance",
    "Drama"
  ],
  "probability": 0.5688956379890442,
  "set_logit": 0.8450978398323059,
  "top_probabilities": {
    "Comedy": 0.640845537185669,
    "Romance": 0.5793890357017517,
    "Drama": 0.4864523410797119,
    "Thriller": 0.2727321684360504,
    "Mystery": 0.24174417555332184
  },
  "threshold": [
    0.30000001192092896,
    0.5,
    0.44999998807907104,
    0.44999998807907104,
    0.550000011920929,
    0.6499999761581421,
    0.800000011920929,
    0.6499999761581421,
    0.800000011920929,
    0.6000000238418579,
    0.800000011920929,
    0.6000000238418579,
    0.699999988079071,
    0.699999988079071,
    0.6499999761581421,
    0.75,
    0.8999999761581421,
    0.699999988079071,
    0.800000011920929,
    0.8500000238418579,
    0.800000011920929,
    0.550000011920929,
    0.699999988079071
  ],
  "target_selection": {
    "policy": "predicted",
    "target_indices": [
      1,
      2,
      0
    ],
    "target_genres": [
      "Comedy",
      "Romance",
      "Drama"
    ],
    "all_selected_indices": [
      1,
      2,
      0
    ],
    "all_selected_genres": [
      "Comedy",
      "Romance",
      "Drama"
    ],
    "predicted_indices": [
      1,
      2,
      0
    ],
    "predicted_genres": [
      "Comedy",
      "Romance",
      "Drama"
    ],
    "threshold": [
      0.30000001192092896,
      0.5,
      0.44999998807907104,
      0.44999998807907104,
      0.550000011920929,
      0.6499999761581421,
      0.800000011920929,
      0.6499999761581421,
      0.800000011920929,
      0.6000000238418579,
      0.800000011920929,
      0.6000000238418579,
      0.699999988079071,
      0.699999988079071,
      0.6499999761581421,
      0.75,
      0.8999999761581421,
      0.699999988079071,
      0.800000011920929,
      0.8500000238418579,
      0.800000011920929,
      0.550000011920929,
      0.699999988079071
    ],
    "max_targets_per_sample": 3
  },
  "methods": [
    "experimental_set_level_attribution",
    "LayerIntegratedGradients_text_embedding",
    "IntegratedGradients_image_pixels",
    "GradCAM_image_branch",
    "modality_shapley",
    "modality_ablation",
    "experimental_label_correlation_head"
  ],
  "top_tokens": [
    {
      "position": 14,
      "token": "visiting",
      "attribution": -0.8719642758369446
    },
    {
      "position": 16,
      "token": "aunt",
      "attribution": 0.7872923016548157
    },
    {
      "position": 35,
      "token": "attracted",
      "attribution": 0.7752613425254822
    },
    {
      "position": 53,
      "token": "luck",
      "attribution": 0.6663967370986938
    },
    {
      "position": 15,
      "token": "her",
      "attribution": 0.6362743973731995
    },
    {
      "position": 62,
      "token": "warned",
      "attribution": -0.5008772611618042
    },
    {
      "position": 80,
      "token": "menacing",
      "attribution": -0.48132386803627014
    },
    {
      "position": 50,
      "token": "minor",
      "attribution": 0.4595597982406616
    },
    {
      "position": 44,
      "token": "by",
      "attribution": -0.4420384168624878
    },
    {
      "position": 51,
      "token": ".",
      "attribution": -0.37393999099731445
    },
    {
      "position": 27,
      "token": "his",
      "attribution": 0.3680451512336731
    },
    {
      "position": 32,
      "token": "ellen",
      "attribution": 0.33608436584472656
    }
  ],
  "gate_mean": null,
  "gate_std": null,
  "config": {
    "model_name": "neural_concat_resnet18_h256",
    "modality": "multimodal",
    "text_encoder": "textcnn",
    "image_encoder": "resnet18",
    "fusion": "concat",
    "hidden_dim": 256,
    "text_cnn_channels": 128,
    "text_cnn_kernels": [
      3,
      4,
      5
    ],
    "text_rnn_hidden_dim": 128,
    "text_rnn_layers": 1,
    "text_rnn_dropout": 0.2,
    "text_attention_dim": 128,
    "text_transformer_layers": 2,
    "text_transformer_heads": 6,
    "text_transformer_ff_dim": 512,
    "text_transformer_dropout": 0.1,
    "pretrained_image": false,
    "freeze_image_backbone": true,
    "batch_size": 16,
    "epochs": 10,
    "learning_rate": 0.0001,
    "weight_decay": 0.01,
    "num_workers": 0,
    "patience": 3,
    "threshold_metric": "macro_f1",
    "threshold_strategy": "per_label",
    "threshold_min": 0.01,
    "threshold_max": 0.99,
    "threshold_steps": 99,
    "loss": "bce",
    "focal_gamma": 2.0,
    "pos_weight_clip": null,
    "scheduler": "none",
    "scheduler_factor": 0.5,
    "scheduler_patience": 1,
    "min_learning_rate": 1e-06,
    "enable_label_correlation": true,
    "max_length": 512,
    "input_size": 224,
    "freeze_embeddings": false
  },
  "performance": {
    "measurements": [
      {
        "name": "neural_set_text_layer_integrated_gradients_idx_86",
        "wall_time_s": 0.7215444089997618,
        "process_cpu_time_s": 0.7287856389998524,
        "process_cpu_util_percent": 101.00357371074757,
        "rss_start_mb": 2280.02734375,
        "rss_end_mb": 2280.02734375,
        "rss_delta_mb": 0.0,
        "rss_peak_mb": 2280.03125,
        "cuda_start": {
          "cuda_available": false
        },
        "cuda_end": {
          "cuda_available": false
        }
      },
      {
        "name": "neural_set_text_visualization_idx_86",
        "wall_time_s": 0.18898621799962712,
        "process_cpu_time_s": 0.18244223800002146,
        "process_cpu_util_percent": 96.53732421926208,
        "rss_start_mb": 2280.02734375,
        "rss_end_mb": 2280.02734375,
        "rss_delta_mb": 0.0,
        "rss_peak_mb": 2280.03125,
        "cuda_start": {
          "cuda_available": false
        },
        "cuda_end": {
          "cuda_available": false
        }
      },
      {
        "name": "neural_set_image_integrated_gradients_idx_86",
        "wall_time_s": 1.0393013960001554,
        "process_cpu_time_s": 1.0502613169996948,
        "process_cpu_util_percent": 101.05454693332653,
        "rss_start_mb": 2280.02734375,
        "rss_end_mb": 2280.02734375,
        "rss_delta_mb": 0.0,
        "rss_peak_mb": 2353.41015625,
        "cuda_start": {
          "cuda_available": false
        },
        "cuda_end": {
          "cuda_available": false
        }
      },
      {
        "name": "neural_set_image_ig_visualization_idx_86",
        "wall_time_s": 0.02905737000037334,
        "process_cpu_time_s": 0.019451456999831862,
        "process_cpu_util_percent": 66.9415607798708,
        "rss_start_mb": 2280.02734375,
        "rss_end_mb": 2280.02734375,
        "rss_delta_mb": 0.0,
        "rss_peak_mb": 2280.03125,
        "cuda_start": {
          "cuda_available": false
        },
        "cuda_end": {
          "cuda_available": false
        }
      },
      {
        "name": "neural_set_image_gradcam_idx_86",
        "wall_time_s": 0.22646153699952265,
        "process_cpu_time_s": 0.2224573009998494,
        "process_cpu_util_percent": 98.23182512459867,
        "rss_start_mb": 2280.02734375,
        "rss_end_mb": 2280.02734375,
        "rss_delta_mb": 0.0,
        "rss_peak_mb": 2280.03125,
        "cuda_start": {
          "cuda_available": false
        },
        "cuda_end": {
          "cuda_available": false
        }
      },
      {
        "name": "neural_set_image_gradcam_visualization_idx_86",
        "wall_time_s": 0.033678779999718245,
        "process_cpu_time_s": 0.024675497000316682,
        "process_cpu_util_percent": 73.26719376569791,
        "rss_start_mb": 2280.02734375,
        "rss_end_mb": 2280.02734375,
        "rss_delta_mb": 0.0,
        "rss_peak_mb": 2280.03125,
        "cuda_start": {
          "cuda_available": false
        },