{
  "index": 15613,
  "target_genre": "label_set",
  "target_genres": [
    "Animation",
    "Family",
    "Short"
  ],
  "true_genres": [
    "Family",
    "Animation",
    "Musical",
    "Short"
  ],
  "predicted_genres": [
    "Animation",
    "Family",
    "Short",
    "Fantasy",
    "Adventure",
    "Comedy",
    "Musical"
  ],
  "probability": 0.8357756733894348,
  "set_logit": 5.21259880065918,
  "top_probabilities": {
    "Animation": 0.9238682985305786,
    "Family": 0.8372950553894043,
    "Short": 0.7461636066436768,
    "Fantasy": 0.7068752646446228,
    "Adventure": 0.6770371198654175
  },
  "threshold": [
    0.46000000834465027,
    0.49000000953674316,
    0.5199999809265137,
    0.5099999904632568,
    0.5299999713897705,
    0.5799999833106995,
    0.5699999928474426,
    0.5799999833106995,
    0.7300000190734863,
    0.5799999833106995,
    0.5600000023841858,
    0.5299999713897705,
    0.5899999737739563,
    0.5400000214576721,
    0.5899999737739563,
    0.5699999928474426,
    0.550000011920929,
    0.6100000143051147,
    0.46000000834465027,
    0.6700000166893005,
    0.5400000214576721,
    0.5799999833106995,
    0.5600000023841858
  ],
  "target_selection": {
    "policy": "predicted",
    "target_indices": [
      17,
      12,
      21
    ],
    "target_genres": [
      "Animation",
      "Family",
      "Short"
    ],
    "all_selected_indices": [
      17,
      12,
      21,
      11,
      6,
      1,
      18
    ],
    "all_selected_genres": [
      "Animation",
      "Family",
      "Short",
      "Fantasy",
      "Adventure",
      "Comedy",
      "Musical"
    ],
    "predicted_indices": [
      17,
      12,
      21,
      11,
      6,
      1,
      18
    ],
    "predicted_genres": [
      "Animation",
      "Family",
      "Short",
      "Fantasy",
      "Adventure",
      "Comedy",
      "Musical"
    ],
    "threshold": [
      0.46000000834465027,
      0.49000000953674316,
      0.5199999809265137,
      0.5099999904632568,
      0.5299999713897705,
      0.5799999833106995,
      0.5699999928474426,
      0.5799999833106995,
      0.7300000190734863,
      0.5799999833106995,
      0.5600000023841858,
      0.5299999713897705,
      0.5899999737739563,
      0.5400000214576721,
      0.5899999737739563,
      0.5699999928474426,
      0.550000011920929,
      0.6100000143051147,
      0.46000000834465027,
      0.6700000166893005,
      0.5400000214576721,
      0.5799999833106995,
      0.5600000023841858
    ],
    "max_targets_per_sample": 3
  },
  "methods": [
    "experimental_set_level_attribution",
    "LayerIntegratedGradients_text_embedding",
    "IntegratedGradients_image_pixels",
    "GradCAM_image_branch",
    "modality_shapley",
    "modality_ablation",
    "GMU_gate_summary",
    "experimental_label_correlation_head"
  ],
  "top_tokens": [
    {
      "position": 24,
      "token": "a",
      "attribution": 0.06627137959003448
    },
    {
      "position": 70,
      "token": "fears",
      "attribution": 0.06506839394569397
    },
    {
      "position": 51,
      "token": "confrontation",
      "attribution": 0.06402985751628876
    },
    {
      "position": 34,
      "token": "a",
      "attribution": 0.05964275076985359
    },
    {
      "position": 58,
      "token": "decides",
      "attribution": 0.05674988031387329
    },
    {
      "position": 5,
      "token": "wind",
      "attribution": 0.055641431361436844
    },
    {
      "position": 50,
      "token": "a",
      "attribution": 0.05340573191642761
    },
    {
      "position": 77,
      "token": "spooks",
      "attribution": -0.046870432794094086
    },
    {
      "position": 75,
      "token": "and",
      "attribution": 0.0457242913544178
    },
    {
      "position": 64,
      "token": "stopped",
      "attribution": 0.044836729764938354
    },
    {
      "position": 8,
      "token": "again",
      "attribution": 0.03982006385922432
    },
    {
      "position": 6,
      "token": "starts",
      "attribution": 0.0397149957716465
    }
  ],
  "gate_mean": 0.3206787705421448,
  "gate_std": 0.1904669851064682,
  "config": {
    "model_name": "neural_transformer_gmu_resnet18_h256_lr2e4_focal",
    "modality": "multimodal",
    "text_encoder": "transformer",
    "image_encoder": "resnet18",
    "fusion": "gmu",
    "hidden_dim": 256,
    "text_cnn_channels": 128,
    "text_cnn_kernels": [
      3,
      4,
      5
    ],
    "text_rnn_hidden_dim": 128,
    "text_rnn_layers": 1,
    "text_rnn_dropout": 0.2,
    "text_attention_dim": 128,
    "text_transformer_layers": 2,
    "text_transformer_heads": 6,
    "text_transformer_ff_dim": 512,
    "text_transformer_dropout": 0.1,
    "pretrained_image": false,
    "freeze_image_backbone": true,
    "batch_size": 16,
    "epochs": 10,
    "learning_rate": 0.0002,
    "weight_decay": 0.01,
    "num_workers": 0,
    "patience": 3,
    "threshold_metric": "macro_f1",
    "threshold_strategy": "per_label",
    "threshold_min": 0.01,
    "threshold_max": 0.99,
    "threshold_steps": 99,
    "loss": "focal",
    "focal_gamma": 2.0,
    "pos_weight_clip": 10.0,
    "scheduler": "none",
    "scheduler_factor": 0.5,
    "scheduler_patience": 1,
    "min_learning_rate": 1e-06,
    "enable_label_correlation": true,
    "max_length": 512,
    "input_size": 224,
    "freeze_embeddings": false
  },
  "performance": {
    "measurements": [
      {
        "name": "neural_set_text_layer_integrated_gradients_idx_15613",
        "wall_time_s": 0.023823919999927057,
        "process_cpu_time_s": 0.02396671500000025,
        "process_cpu_util_percent": 100.59937659324592,
        "rss_start_mb": 2482.890625,
        "rss_end_mb": 2482.91015625,
        "rss_delta_mb": 0.01953125,
        "rss_peak_mb": 2482.9140625,
        "cuda_start": {
          "cuda_available": true,
          "cuda_device": "NVIDIA A100-SXM4-40GB",
          "cuda_allocated_mb": 584.11083984375,
          "cuda_reserved_mb": 1590.0,
          "cuda_peak_allocated_mb": 584.11083984375,
          "cuda_peak_reserved_mb": 1590.0
        },
        "cuda_end": {
          "cuda_available": true,
          "cuda_device": "NVIDIA A100-SXM4-40GB",
          "cuda_allocated_mb": 584.11083984375,
          "cuda_reserved_mb": 1590.0,
          "cuda_peak_allocated_mb": 921.025390625,
          "cuda_peak_reserved_mb": 1590.0
        }
      },
      {
        "name": "neural_set_text_visualization_idx_15613",
        "wall_time_s": 0.1876385279999795,
        "process_cpu_time_s": 0.18339933099998973,
        "process_cpu_util_percent": 97.74076409297443,
        "rss_start_mb": 2482.96484375,
        "rss_end_mb": 2486.5625,
        "rss_delta_mb": 3.59765625,
        "rss_peak_mb": 2486.5625,
        "cuda_start": {
          "cuda_available": true,
          "cuda_device": "NVIDIA A100-SXM4-40GB",
          "cuda_allocated_mb": 584.11083984375,
          "cuda_reserved_mb": 1590.0,
          "cuda_peak_allocated_mb": 584.11083984375,
          "cuda_peak_reserved_mb": 1590.0
        },
        "cuda_end": {
          "cuda_available": true,
          "cuda_device": "NVIDIA A100-SXM4-40GB",
          "cuda_allocated_mb": 584.11083984375,
          "cuda_reserved_mb": 1590.0,
          "cuda_peak_allocated_mb": 584.11083984375,
          "cuda_peak_reserved_mb": 1590.0
        }
      },
      {
        "name": "neural_set_image_integrated_gradients_idx_15613",
        "wall_time_s": 0.014354257000036341,
        "process_cpu_time_s": 0.014403439999995271,
        "process_cpu_util_percent": 100.34263703066489,
        "rss_start_mb": 2486.57421875,
        "rss_end_mb": 2486.6171875,
        "rss_delta_mb": 0.04296875,
        "rss_peak_mb": 2486.6171875,
        "cuda_start": {
          "cuda_available": true,
          "cuda_device": "NVIDIA A100-SXM4-40GB",
          "cuda_allocated_mb": 584.11083984375,
          "cuda_reserved_mb": 1590.0,
          "cuda_peak_allocated_mb": 584.11083984375,