{
  "index": 15613,
  "target_genre": "Short",
  "target_genres": [
    "Short"
  ],
  "true_genres": [
    "Family",
    "Animation",
    "Musical",
    "Short"
  ],
  "predicted_genres": [
    "Animation",
    "Family",
    "Short",
    "Fantasy",
    "Musical",
    "Adventure",
    "Sci-Fi",
    "Comedy"
  ],
  "probability": 0.9161408543586731,
  "top_probabilities": {
    "Animation": 0.9958497285842896,
    "Family": 0.9694659113883972,
    "Short": 0.9161408543586731,
    "Fantasy": 0.8989478349685669,
    "Musical": 0.894925057888031
  },
  "threshold": [
    0.36000001430511475,
    0.44999998807907104,
    0.5,
    0.5899999737739563,
    0.5400000214576721,
    0.7599999904632568,
    0.6899999976158142,
    0.8199999928474426,
    0.7200000286102295,
    0.6299999952316284,
    0.7799999713897705,
    0.7400000095367432,
    0.8100000023841858,
    0.6000000238418579,
    0.8899999856948853,
    0.7599999904632568,
    0.550000011920929,
    0.8999999761581421,
    0.7799999713897705,
    0.9700000286102295,
    0.7699999809265137,
    0.8899999856948853,
    0.9399999976158142
  ],
  "target_selection": {
    "policy": "predicted",
    "target_indices": [
      17,
      12,
      21
    ],
    "target_genres": [
      "Animation",
      "Family",
      "Short"
    ],
    "all_selected_indices": [
      17,
      12,
      21,
      11,
      18,
      6,
      10,
      1
    ],
    "all_selected_genres": [
      "Animation",
      "Family",
      "Short",
      "Fantasy",
      "Musical",
      "Adventure",
      "Sci-Fi",
      "Comedy"
    ],
    "predicted_indices": [
      17,
      12,
      21,
      11,
      18,
      6,
      10,
      1
    ],
    "predicted_genres": [
      "Animation",
      "Family",
      "Short",
      "Fantasy",
      "Musical",
      "Adventure",
      "Sci-Fi",
      "Comedy"
    ],
    "threshold": [
      0.36000001430511475,
      0.44999998807907104,
      0.5,
      0.5899999737739563,
      0.5400000214576721,
      0.7599999904632568,
      0.6899999976158142,
      0.8199999928474426,
      0.7200000286102295,
      0.6299999952316284,
      0.7799999713897705,
      0.7400000095367432,
      0.8100000023841858,
      0.6000000238418579,
      0.8899999856948853,
      0.7599999904632568,
      0.550000011920929,
      0.8999999761581421,
      0.7799999713897705,
      0.9700000286102295,
      0.7699999809265137,
      0.8899999856948853,
      0.9399999976158142
    ],
    "max_targets_per_sample": 3
  },
  "methods": [
    "IntegratedGradients_image_pixels",
    "image_occlusion_sensitivity",
    "experimental_label_correlation_head"
  ],
  "top_tokens": [],
  "gate_mean": null,
  "gate_std": null,
  "config": {
    "model_name": "neural_efficientnet_b0_image_only_unfrozen_lr1e4",
    "modality": "image_only",
    "text_encoder": "bigru_attention",
    "image_encoder": "efficientnet_b0",
    "fusion": "gmu",
    "hidden_dim": 256,
    "text_cnn_channels": 128,
    "text_cnn_kernels": [
      3,
      4,
      5
    ],
    "text_rnn_hidden_dim": 128,
    "text_rnn_layers": 1,
    "text_rnn_dropout": 0.2,
    "text_attention_dim": 128,
    "text_transformer_layers": 2,
    "text_transformer_heads": 6,
    "text_transformer_ff_dim": 512,
    "text_transformer_dropout": 0.1,
    "pretrained_image": false,
    "freeze_image_backbone": false,
    "batch_size": 16,
    "epochs": 10,
    "learning_rate": 0.0001,
    "weight_decay": 0.01,
    "num_workers": 0,
    "patience": 3,
    "threshold_metric": "macro_f1",
    "threshold_strategy": "per_label",
    "threshold_min": 0.01,
    "threshold_max": 0.99,
    "threshold_steps": 99,
    "loss": "bce",
    "focal_gamma": 2.0,
    "pos_weight_clip": null,
    "scheduler": "plateau",
    "scheduler_factor": 0.5,
    "scheduler_patience": 1,
    "min_learning_rate": 1e-06,
    "enable_label_correlation": true,
    "max_length": 512,
    "input_size": 224,
    "freeze_embeddings": false
  },
  "performance": {
    "measurements": [
      {
        "name": "neural_image_integrated_gradients_idx_15613_Short",
        "wall_time_s": 0.025131980000082876,
        "process_cpu_time_s": 0.02524962700000799,
        "process_cpu_util_percent": 100.46811671792166,
        "rss_start_mb": 2827.29296875,
        "rss_end_mb": 2827.29296875,
        "rss_delta_mb": 0.0,
        "rss_peak_mb": 2827.296875,
        "cuda_start": {
          "cuda_available": true,
          "cuda_device": "NVIDIA A100-SXM4-40GB",
          "cuda_allocated_mb": 140.72314453125,
          "cuda_reserved_mb": 1590.0,
          "cuda_peak_allocated_mb": 140.72314453125,
          "cuda_peak_reserved_mb": 1590.0
        },
        "cuda_end": {
          "cuda_available": true,
          "cuda_device": "NVIDIA A100-SXM4-40GB",
          "cuda_allocated_mb": 140.72314453125,
          "cuda_reserved_mb": 1590.0,
          "cuda_peak_allocated_mb": 826.60595703125,
          "cuda_peak_reserved_mb": 1590.0
        }
      },
      {
        "name": "neural_image_ig_visualization_idx_15613_Short",
        "wall_time_s": 0.026044534999982716,
        "process_cpu_time_s": 0.020858755999995537,
        "process_cpu_util_percent": 80.08880173905727,
        "rss_start_mb": 2827.296875,
        "rss_end_mb": 2827.296875,
        "rss_delta_mb": 0.0,
        "rss_peak_mb": 2827.30078125,
        "cuda_start": {
          "cuda_available": true,
          "cuda_device": "NVIDIA A100-SXM4-40GB",
          "cuda_allocated_mb": 140.72314453125,
          "cuda_reserved_mb": 1590.0,
          "cuda_peak_allocated_mb": 140.72314453125,
          "cuda_peak_reserved_mb": 1590.0
        },
        "cuda_end": {
          "cuda_available": true,
          "cuda_device": "NVIDIA A100-SXM4-40GB",
          "cuda_allocated_mb": 140.72314453125,
          "cuda_reserved_mb": 1590.0,
          "cuda_peak_allocated_mb": 140.72314453125,
          "cuda_peak_reserved_mb": 1590.0
        }
      },
      {
        "name": "neural_image_occlusion_idx_15613_Short",
        "wall_time_s": 0.020134561999952894,
        "process_cpu_time_s": 0.020250121000003674,
        "process_cpu_util_percent": 100.57393351815178,
        "rss_start_mb": 2827.30078125,
        "rss_end_mb": 2827.30078125,
        "rss_delta_mb": 0.0,
        "rss_peak_mb": 2827.3046875,
        "cuda_start": {
          "cuda_available": true,
          "cuda_device": "NVIDIA A100-SXM4-40GB",
          "cuda_allocated_mb": 140.72314453125,
          "cuda_reserved_mb": 1590.0,
          "cuda_peak_allocated_mb": 140.72314453125,
          "cuda_peak_reserved_mb": 1590.0
        },
        "cuda_end": {
          "cuda_available": true,
          "cuda_device": "NVIDIA A100-SXM4-40GB",
          "cuda_allocated_mb": 140.72314453125,
          "cuda_reserved_mb": 1590.0,
          "cuda_peak_allocated_mb": 309.1611328125,
          "cuda_peak_reserved_mb": 1590.0
        }
      },
      {
        "name": "neural_image_occlusion_visualization_idx_15613_Short",
        "wall_time_s": 0.02897545399991941,
        "process_cpu_time_s": 0.02385531399998797,
        "process_cpu_util_percent": 82.32938817819496,
        "rss_start_mb": 2827.30078125,
        "rss_end_mb": 2827.30078125,
        "rss_delta_mb": 0.0,
        "rss_peak_mb": 2827.3046875,
        "cuda_start": {
          "cuda_available": true,
          "cuda_device": "NVIDIA A100-SXM4-40GB",
          "cuda_allocated_mb": 140.72314453125,
          "cuda_reserved_mb": 1590.0,
          "cuda_peak_allocated_mb": 140.72314453125,
          "cuda_peak_reserved_mb": 1590.0
        },
        "cuda_end": {
          "cuda_available": true,
          "cuda_device": "NVIDIA A100-SXM4-40GB",
          "cuda_allocated_mb": 140.72314453125,
          "cuda_reserved_mb": 1590.0,
          "cuda_peak_allocated_mb": 140.72314453125,
          "cuda_peak_reserved_mb": 1590.0
        }
      }
    ],
    "summary": {
      "count": 4,
      "total_wall_time_s": 0.1002865309999379,