{
  "index": 9,
  "target_genre": "Crime",
  "target_genres": [
    "Crime"
  ],
  "true_genres": [
    "Drama",
    "Crime",
    "Film-Noir"
  ],
  "predicted_genres": [
    "Crime",
    "Thriller",
    "Drama"
  ],
  "probability": 0.979925080977217,
  "top_probabilities": {
    "Crime": 0.9799250960350037,
    "Thriller": 0.8703922629356384,
    "Drama": 0.6791054606437683,
    "Comedy": 0.39744019508361816,
    "Mystery": 0.3791048526763916
  },
  "target_selection": {
    "policy": "predicted",
    "target_indices": [
      4,
      3,
      0
    ],
    "target_genres": [
      "Crime",
      "Thriller",
      "Drama"
    ],
    "all_selected_indices": [
      4,
      3,
      0
    ],
    "all_selected_genres": [
      "Crime",
      "Thriller",
      "Drama"
    ],
    "predicted_indices": [
      4,
      3,
      0
    ],
    "predicted_genres": [
      "Crime",
      "Thriller",
      "Drama"
    ],
    "threshold": [
      0.30000001192092896,
      0.44999998807907104,
      0.5,
      0.5,
      0.6000000238418579,
      0.550000011920929,
      0.6000000238418579,
      0.6000000238418579,
      0.6000000238418579,
      0.5,
      0.699999988079071,
      0.75,
      0.6000000238418579,
      0.699999988079071,
      0.6499999761581421,
      0.6000000238418579,
      0.6499999761581421,
      0.550000011920929,
      0.699999988079071,
      0.6000000238418579,
      0.6499999761581421,
      0.5,
      0.699999988079071
    ],
    "max_targets_per_sample": 3
  },
  "method": "linear_feature_contribution",
  "methods": [
    "linear_feature_contribution",
    "modality_shapley"
  ],
  "modality_shapley": {
    "method": "two_modality_shapley",
    "probability": {
      "values": {
        "blank": 0.19849919263820678,
        "text_only": 0.8810379176857905,
        "image_only": 0.6201083381508307,
        "both": 0.979925080977217
      },
      "shapley": {
        "text": 0.521177733936985,
        "image": 0.26024815440202514,
        "interaction": -0.3227219822211974,
        "blank_to_both_delta": 0.7814258883390102,
        "abs_total": 0.7814258883390102,
        "text_utilization": 0.6669573426147863,
        "image_utilization": 0.3330426573852136
      }
    },
    "logit": {
      "values": {
        "blank": -1.395700946557475,
        "text_only": 2.0022958580597017,
        "image_only": 0.4900080900523529,
        "both": 3.888004894669539
      },
      "shapley": {
        "text": 3.3979968046171813,
        "image": 1.8857090366098326,
        "interaction": 9.325873406851315e-15,
        "blank_to_both_delta": 5.283705841227014,
        "abs_total": 5.283705841227014,
        "text_utilization": 0.6431086261660771,
        "image_utilization": 0.35689137383392294
      }
    }
  },
  "intercept": -1.395700946557475,
  "text_logit_contribution": 3.397996804617177,
  "image_logit_contribution": 1.8857090366098324,
  "label_dependency_logit_contribution": 0.0,
  "top_text_features": [
    {
      "feature": "plan",
      "tfidf": 0.19956353306770325,
      "contribution": 0.6380639229894227
    },
    {
      "feature": "murder",
      "tfidf": 0.07616395503282547,
      "contribution": 0.5719231006795498
    },
    {
      "feature": "case",
      "tfidf": 0.08385288715362549,
      "contribution": 0.41834563333216174
    },
    {
      "feature": "tom",
      "tfidf": 0.4832363724708557,
      "contribution": 0.35673228768576903
    },
    {
      "feature": "austin",
      "tfidf": 0.3334362506866455,
      "contribution": 0.3202663297636513
    },
    {
      "feature": "innocent",
      "tfidf": 0.14656789600849152,
      "contribution": 0.2377235262959391
    },
    {
      "feature": "guilty",
      "tfidf": 0.17416660487651825,
      "contribution": 0.21004093990185385
    },
    {
      "feature": "boss",
      "tfidf": 0.042205460369586945,
      "contribution": 0.170052918481581
    },
    {
      "feature": "susan",
      "tfidf": 0.17290803790092468,
      "contribution": -0.15509191102652944
    },
    {
      "feature": "evidence",
      "tfidf": 0.09987080842256546,
      "contribution": 0.15014430265526732
    },
    {
      "feature": "people",
      "tfidf": 0.06357692182064056,
      "contribution": -0.14705293297775457
    },
    {
      "feature": "deaths",
      "tfidf": 0.05713735893368721,
      "contribution": 0.13863132673941322
    }
  ],
  "top_image_features": [
    {
      "feature": "thumbnail_y19_x27",
      "value": 1.6334481239318848,
      "contribution": 1.0744760686251706
    },
    {
      "feature": "thumbnail_y19_x5",
      "value": 1.493764042854309,
      "contribution": -1.0411989233804915
    },
    {
      "feature": "thumbnail_y19_x28",
      "value": 1.631334662437439,
      "contribution": -0.9770670038684898
    },
    {
      "feature": "thumbnail_y9_x30",
      "value": 1.6939821243286133,
      "contribution": 0.9184600571332638
    },
    {
      "feature": "top_right_G_hist_bin_15",
      "value": 1.8835368156433105,
      "contribution": 0.9134643091642407
    },
    {
      "feature": "bottom_left_R_hist_bin_15",
      "value": 2.5675060749053955,
      "contribution": -0.8865403017205419
    },
    {
      "feature": "thumbnail_y19_x4",
      "value": 1.4147727489471436,
      "contribution": 0.8805331756389603
    },
    {
      "feature": "top_left_B_hist_bin_13",
      "value": 4.909219741821289,
      "contribution": 0.8771614807428687
    },
    {
      "feature": "thumbnail_y10_x30",
      "value": 1.7078235149383545,
      "contribution": -0.8282533593927268
    },
    {
      "feature": "bottom_right_G_hist_bin_15",
      "value": 3.060485601425171,
      "contribution": -0.722547818080442
    },
    {
      "feature": "thumbnail_y19_x24",
      "value": 1.6498537063598633,
      "contribution": 0.7155197962406153
    },
    {
      "feature": "thumbnail_y14_x23",
      "value": 1.9602497816085815,
      "contribution": -0.6663455751047467
    }
  ],
  "label_dependency_contributions": [],
  "performance": {
    "measurements": [
      {
        "name": "classic_modality_shapley_idx_9_Crime",
        "wall_time_s": 0.02437026900042838,
        "process_cpu_time_s": 0.024735113000133424,
        "process_cpu_util_percent": 101.49708646916713,
        "rss_start_mb": 2197.91796875,
        "rss_end_mb": 2197.91796875,
        "rss_delta_mb": 0.0,
        "rss_peak_mb": 2197.921875,
        "cuda_start": {
          "cuda_available": false
        },
        "cuda_end": {
          "cuda_available": false
        }
      },
      {
        "name": "classic_modality_shapley_visualization_idx_9_Crime",
        "wall_time_s": 0.13211878200036153,
        "process_cpu_time_s": 0.12305704200002765,
        "process_cpu_util_percent": 93.14121742334176,
        "rss_start_mb": 2197.91796875,
        "rss_end_mb": 2197.953125,
        "rss_delta_mb": 0.03515625,
        "rss_peak_mb": 2197.95703125,
        "cuda_start": {
          "cuda_available": false
        },
        "cuda_end": {
          "cuda_available": false
        }
      },
      {
        "name": "classic_linear_contribution_idx_9_Crime",
        "wall_time_s": 0.0007251899996845168,
        "process_cpu_time_s": 0.0008137699999224424,
        "process_cpu_util_percent": 112.21472997096775,
        "rss_start_mb": 2197.953125,
        "rss_end_mb": 2197.953125,
        "rss_delta_mb": 0.0,
        "rss_peak_mb": 2197.95703125,
        "cuda_start": {
          "cuda_available": false
        },
        "cuda_end": {
          "cuda_available": false
        }
      },
      {
        "name": "classic_visualization_idx_9_Crime",
        "wall_time_s": 0.23059105799984536,
        "process_cpu_time_s": 0.21081468699981087,
        "process_cpu_util_percent": 91.42361756280776,
        "rss_start_mb": 2197.953125,
        "rss_end_mb": 2197.95703125,
        "rss_delta_mb": 0.00390625,
        "rss_peak_mb": 2197.9609375,
        "cuda_start": {
          "cuda_available": false
        },