{
  "index": 67,
  "target_genre": "Thriller",
  "target_genres": [
    "Thriller"
  ],
  "true_genres": [
    "Drama",
    "Romance",
    "Crime",
    "Mystery",
    "Film-Noir"
  ],
  "predicted_genres": [
    "Crime",
    "Thriller",
    "Drama",
    "Sport"
  ],
  "probability": 0.723738445144308,
  "top_probabilities": {
    "Crime": 0.9409833550453186,
    "Thriller": 0.723738431930542,
    "Drama": 0.7090990543365479,
    "Sport": 0.6544321179389954,
    "Horror": 0.54151850938797
  },
  "target_selection": {
    "policy": "predicted",
    "target_indices": [
      4,
      3,
      0
    ],
    "target_genres": [
      "Crime",
      "Thriller",
      "Drama"
    ],
    "all_selected_indices": [
      4,
      3,
      0,
      20
    ],
    "all_selected_genres": [
      "Crime",
      "Thriller",
      "Drama",
      "Sport"
    ],
    "predicted_indices": [
      4,
      3,
      0,
      20
    ],
    "predicted_genres": [
      "Crime",
      "Thriller",
      "Drama",
      "Sport"
    ],
    "threshold": [
      0.30000001192092896,
      0.44999998807907104,
      0.5,
      0.5,
      0.6000000238418579,
      0.550000011920929,
      0.6000000238418579,
      0.6000000238418579,
      0.6000000238418579,
      0.5,
      0.699999988079071,
      0.75,
      0.6000000238418579,
      0.699999988079071,
      0.6499999761581421,
      0.6000000238418579,
      0.6499999761581421,
      0.550000011920929,
      0.699999988079071,
      0.6000000238418579,
      0.6499999761581421,
      0.5,
      0.699999988079071
    ],
    "max_targets_per_sample": 3
  },
  "method": "linear_feature_contribution",
  "methods": [
    "linear_feature_contribution",
    "modality_shapley"
  ],
  "modality_shapley": {
    "method": "two_modality_shapley",
    "probability": {
      "values": {
        "blank": 0.22067535862780757,
        "text_only": 0.4496068378036205,
        "image_only": 0.475920216366332,
        "both": 0.723738445144308
      },
      "shapley": {
        "text": 0.23837485397689442,
        "image": 0.26468823253960594,
        "interaction": 0.018886749602163022,
        "blank_to_both_delta": 0.5030630865165004,
        "abs_total": 0.5030630865165003,
        "text_utilization": 0.47384684021946377,
        "image_utilization": 0.5261531597805362
      }
    },
    "logit": {
      "values": {
        "blank": -1.2617350441840947,
        "text_only": -0.20225935610512025,
        "image_only": -0.09639370406664627,
        "both": 0.9630819840123299
      },
      "shapley": {
        "text": 1.0594756880789753,
        "image": 1.1653413401174493,
        "interaction": 1.7763568394002505e-15,
        "blank_to_both_delta": 2.2248170281964246,
        "abs_total": 2.2248170281964246,
        "text_utilization": 0.47620800931115326,
        "image_utilization": 0.5237919906888467
      }
    }
  },
  "intercept": -1.2617350441840947,
  "text_logit_contribution": 1.0594756880789744,
  "image_logit_contribution": 1.1653413401174506,
  "label_dependency_logit_contribution": 0.0,
  "top_text_features": [
    {
      "feature": "dark",
      "tfidf": 0.12104751914739609,
      "contribution": 0.29057244742865546
    },
    {
      "feature": "danny",
      "tfidf": 0.29460394382476807,
      "contribution": 0.27902825156248634
    },
    {
      "feature": "revenge",
      "tfidf": 0.11631731688976288,
      "contribution": 0.23802904286455087
    },
    {
      "feature": "operation",
      "tfidf": 0.14210547506809235,
      "contribution": 0.20262154627517423
    },
    {
      "feature": "of",
      "tfidf": 0.08597516268491745,
      "contribution": -0.16351037409566616
    },
    {
      "feature": "games",
      "tfidf": 0.14835865795612335,
      "contribution": 0.13986508299194136
    },
    {
      "feature": "meets",
      "tfidf": 0.08589275181293488,
      "contribution": -0.12959682449483384
    },
    {
      "feature": "pals",
      "tfidf": 0.16976824402809143,
      "contribution": -0.11767454228868743
    },
    {
      "feature": "a",
      "tfidf": 0.10595109313726425,
      "contribution": 0.11616857208904487
    },
    {
      "feature": "singer",
      "tfidf": 0.12518878281116486,
      "contribution": -0.1125250578052252
    },
    {
      "feature": "money",
      "tfidf": 0.09141818434000015,
      "contribution": 0.1116236196197236
    },
    {
      "feature": "that",
      "tfidf": 0.0434059239923954,
      "contribution": 0.09771568026665907
    }
  ],
  "top_image_features": [
    {
      "feature": "thumbnail_y19_x18",
      "value": -1.2281594276428223,
      "contribution": -0.7257084668333003
    },
    {
      "feature": "top_right_G_hist_bin_0",
      "value": 2.2682251930236816,
      "contribution": -0.6741215501184599
    },
    {
      "feature": "thumbnail_y19_x19",
      "value": -1.2172778844833374,
      "contribution": 0.619552431243775
    },
    {
      "feature": "thumbnail_y14_x8",
      "value": 1.9402110576629639,
      "contribution": 0.6069875765562024
    },
    {
      "feature": "thumbnail_y19_x11",
      "value": -1.2072151899337769,
      "contribution": 0.5442808754256215
    },
    {
      "feature": "thumbnail_y0_x5",
      "value": -1.1396530866622925,
      "contribution": -0.5405973636695034
    },
    {
      "feature": "thumbnail_y1_x26",
      "value": -1.459295392036438,
      "contribution": -0.530855354746671
    },
    {
      "feature": "thumbnail_y0_x4",
      "value": -1.156134843826294,
      "contribution": 0.5131631018513149
    },
    {
      "feature": "thumbnail_y18_x9",
      "value": -1.2464197874069214,
      "contribution": 0.5089303037421716
    },
    {
      "feature": "thumbnail_y9_x28",
      "value": -1.2759380340576172,
      "contribution": 0.5068854913121911
    },
    {
      "feature": "thumbnail_y0_x20",
      "value": -1.1905391216278076,
      "contribution": 0.5004676591371232
    },
    {
      "feature": "thumbnail_y18_x18",
      "value": -1.3179903030395508,
      "contribution": 0.4823866609515868
    }
  ],
  "label_dependency_contributions": [],
  "performance": {
    "measurements": [
      {
        "name": "classic_modality_shapley_idx_67_Thriller",
        "wall_time_s": 0.07143386699954135,
        "process_cpu_time_s": 0.07253536199982591,
        "process_cpu_util_percent": 101.54197868119282,
        "rss_start_mb": 2052.7890625,
        "rss_end_mb": 2052.7890625,
        "rss_delta_mb": 0.0,
        "rss_peak_mb": 2052.79296875,
        "cuda_start": {
          "cuda_available": false
        },
        "cuda_end": {
          "cuda_available": false
        }
      },
      {
        "name": "classic_modality_shapley_visualization_idx_67_Thriller",
        "wall_time_s": 0.15480710199972236,
        "process_cpu_time_s": 0.14380951299995104,
        "process_cpu_util_percent": 92.8959402652011,
        "rss_start_mb": 2052.7890625,
        "rss_end_mb": 2052.7890625,
        "rss_delta_mb": 0.0,
        "rss_peak_mb": 2052.79296875,
        "cuda_start": {
          "cuda_available": false
        },
        "cuda_end": {
          "cuda_available": false
        }
      },
      {
        "name": "classic_linear_contribution_idx_67_Thriller",
        "wall_time_s": 0.000924011000279279,
        "process_cpu_time_s": 0.0009871909999219497,
        "process_cpu_util_percent": 106.8375808971511,
        "rss_start_mb": 2052.7890625,
        "rss_end_mb": 2052.7890625,
        "rss_delta_mb": 0.0,
        "rss_peak_mb": 2052.79296875,
        "cuda_start": {
          "cuda_available": false
        },
        "cuda_end": {
          "cuda_available": false
        }
      },
      {
        "name": "classic_visualization_idx_67_Thriller",
        "wall_time_s": 0.2702140769997641,
        "process_cpu_time_s": 0.23836966599992593,
        "process_cpu_util_percent": 88.21511767506252,
        "rss_start_mb": 2052.7890625,
        "rss_end_mb": 2052.7890625,
        "rss_delta_mb": 0.0,