{
  "index": 46,
  "target_genre": "War",
  "target_genres": [
    "War"
  ],
  "true_genres": [
    "Drama",
    "Thriller",
    "Crime",
    "Mystery",
    "Film-Noir"
  ],
  "predicted_genres": [
    "Film-Noir",
    "Drama",
    "War",
    "Mystery",
    "Thriller",
    "Crime"
  ],
  "probability": 0.7824781046640678,
  "top_probabilities": {
    "Film-Noir": 0.9635820388793945,
    "Drama": 0.8427637219429016,
    "War": 0.7824780941009521,
    "Mystery": 0.7384094595909119,
    "Thriller": 0.7379939556121826
  },
  "target_selection": {
    "policy": "predicted",
    "target_indices": [
      22,
      0,
      14
    ],
    "target_genres": [
      "Film-Noir",
      "Drama",
      "War"
    ],
    "all_selected_indices": [
      22,
      0,
      14,
      9,
      3,
      4
    ],
    "all_selected_genres": [
      "Film-Noir",
      "Drama",
      "War",
      "Mystery",
      "Thriller",
      "Crime"
    ],
    "predicted_indices": [
      22,
      0,
      14,
      9,
      3,
      4
    ],
    "predicted_genres": [
      "Film-Noir",
      "Drama",
      "War",
      "Mystery",
      "Thriller",
      "Crime"
    ],
    "threshold": [
      0.30000001192092896,
      0.44999998807907104,
      0.5,
      0.5,
      0.6000000238418579,
      0.550000011920929,
      0.6000000238418579,
      0.6000000238418579,
      0.6000000238418579,
      0.5,
      0.699999988079071,
      0.75,
      0.6000000238418579,
      0.699999988079071,
      0.6499999761581421,
      0.6000000238418579,
      0.6499999761581421,
      0.550000011920929,
      0.699999988079071,
      0.6000000238418579,
      0.6499999761581421,
      0.5,
      0.699999988079071
    ],
    "max_targets_per_sample": 3
  },
  "method": "linear_feature_contribution",
  "methods": [
    "linear_feature_contribution",
    "modality_shapley"
  ],
  "modality_shapley": {
    "method": "two_modality_shapley",
    "probability": {
      "values": {
        "blank": 0.04648564916576492,
        "text_only": 0.32359048467577933,
        "image_only": 0.26824902732763645,
        "both": 0.7824781046640678
      },
      "shapley": {
        "text": 0.39566695642322286,
        "image": 0.34032549907508,
        "interaction": 0.2371242418264169,
        "blank_to_both_delta": 0.7359924554983028,
        "abs_total": 0.7359924554983028,
        "text_utilization": 0.537596484131535,
        "image_utilization": 0.46240351586846495
      }
    },
    "logit": {
      "values": {
        "blank": -3.021010830749345,
        "text_only": -0.7373199043594347,
        "image_only": -1.0035244993002714,
        "both": 1.2801664270896311
      },
      "shapley": {
        "text": 2.283690926389906,
        "image": 2.01748633144907,
        "interaction": -7.549516567451064e-15,
        "blank_to_both_delta": 4.301177257838976,
        "abs_total": 4.301177257838976,
        "text_utilization": 0.5309455503671319,
        "image_utilization": 0.46905444963286813
      }
    }
  },
  "intercept": -3.021010830749345,
  "text_logit_contribution": 2.28369092638991,
  "image_logit_contribution": 2.017486331449071,
  "label_dependency_logit_contribution": 0.0,
  "top_text_features": [
    {
      "feature": "war",
      "tfidf": 0.08176165819168091,
      "contribution": 1.1533326773959673
    },
    {
      "feature": "nazi",
      "tfidf": 0.1286129355430603,
      "contribution": 0.7455218797291128
    },
    {
      "feature": "camp",
      "tfidf": 0.12127023935317993,
      "contribution": 0.5358154814498444
    },
    {
      "feature": "a",
      "tfidf": 0.09946762025356293,
      "contribution": -0.33691860708877375
    },
    {
      "feature": "the",
      "tfidf": 0.09803780913352966,
      "contribution": 0.22837678071203568
    },
    {
      "feature": "u",
      "tfidf": 0.11623156815767288,
      "contribution": 0.21918000074794208
    },
    {
      "feature": "concentration",
      "tfidf": 0.16141758859157562,
      "contribution": 0.210481225623768
    },
    {
      "feature": "in",
      "tfidf": 0.05710209906101227,
      "contribution": 0.20511555274390514
    },
    {
      "feature": "is",
      "tfidf": 0.15889090299606323,
      "contribution": 0.18725680812085238
    },
    {
      "feature": "of",
      "tfidf": 0.05380938574671745,
      "contribution": 0.11412141660056346
    },
    {
      "feature": "an",
      "tfidf": 0.08703530579805374,
      "contribution": -0.10760059279136003
    },
    {
      "feature": "capable",
      "tfidf": 0.15091677010059357,
      "contribution": 0.1044722636737093
    }
  ],
  "top_image_features": [
    {
      "feature": "bottom_right_G_hist_bin_7",
      "value": 4.5926513671875,
      "contribution": -0.9723901847880567
    },
    {
      "feature": "bottom_left_G_hist_bin_5",
      "value": 6.787082195281982,
      "contribution": 0.8673801015241309
    },
    {
      "feature": "top_left_R_hist_bin_2",
      "value": 3.4408302307128906,
      "contribution": -0.7102838193092118
    },
    {
      "feature": "bottom_left_G_hist_bin_7",
      "value": 3.1104588508605957,
      "contribution": 0.5249448987547937
    },
    {
      "feature": "bottom_right_R_hist_bin_3",
      "value": 2.5029866695404053,
      "contribution": 0.4987678776320557
    },
    {
      "feature": "thumbnail_y0_x28",
      "value": 0.633903443813324,
      "contribution": -0.4888286966350701
    },
    {
      "feature": "thumbnail_y0_x27",
      "value": 0.5717933773994446,
      "contribution": 0.4762048935958937
    },
    {
      "feature": "bottom_left_B_hist_bin_8",
      "value": 3.969759225845337,
      "contribution": 0.4738763020623392
    },
    {
      "feature": "thumbnail_y7_x11",
      "value": -1.1148526668548584,
      "contribution": 0.45702436352707354
    },
    {
      "feature": "thumbnail_y19_x23",
      "value": 0.5958242416381836,
      "contribution": -0.44438190023280083
    },
    {
      "feature": "thumbnail_y9_x16",
      "value": -0.8005691170692444,
      "contribution": 0.4343415716346247
    },
    {
      "feature": "thumbnail_y1_x21",
      "value": -1.0785162448883057,
      "contribution": 0.42858402127262457
    }
  ],
  "label_dependency_contributions": [],
  "performance": {
    "measurements": [
      {
        "name": "classic_modality_shapley_idx_46_War",
        "wall_time_s": 0.030056299990974367,
        "process_cpu_time_s": 0.03125,
        "process_cpu_util_percent": 103.97154676185723,
        "rss_start_mb": 351.703125,
        "rss_end_mb": 351.71875,
        "rss_delta_mb": 0.015625,
        "rss_peak_mb": 351.72265625,
        "cuda_start": {
          "cuda_available": false,
          "cuda_error": "ModuleNotFoundError: No module named 'torch'"
        },
        "cuda_end": {
          "cuda_available": false,
          "cuda_error": "ModuleNotFoundError: No module named 'torch'"
        }
      },
      {
        "name": "classic_modality_shapley_visualization_idx_46_War",
        "wall_time_s": 0.10690990000148304,
        "process_cpu_time_s": 0.09375,
        "process_cpu_util_percent": 87.69066288407295,
        "rss_start_mb": 351.703125,
        "rss_end_mb": 350.3203125,
        "rss_delta_mb": -1.3828125,
        "rss_peak_mb": 352.203125,
        "cuda_start": {
          "cuda_available": false,
          "cuda_error": "ModuleNotFoundError: No module named 'torch'"
        },
        "cuda_end": {
          "cuda_available": false,
          "cuda_error": "ModuleNotFoundError: No module named 'torch'"
        }
      },
      {
        "name": "classic_linear_contribution_idx_46_War",
        "wall_time_s": 0.0015342000115197152,
        "process_cpu_time_s": 0.015625,
        "process_cpu_util_percent": 1018.4460880379293,
        "rss_start_mb": 350.3046875,
        "rss_end_mb": 350.3203125,
        "rss_delta_mb": 0.015625,
        "rss_peak_mb": 350.32421875,
        "cuda_start": {
          "cuda_available": false,