{
  "index": 9,
  "target_genre": "Biography",
  "target_genres": [
    "Biography"
  ],
  "true_genres": [
    "Drama",
    "Crime",
    "Film-Noir"
  ],
  "predicted_genres": [
    "War",
    "History",
    "Biography",
    "Drama"
  ],
  "probability": 0.7802865505218506,
  "top_probabilities": {
    "War": 0.980059802532196,
    "History": 0.9579941630363464,
    "Western": 0.9510634541511536,
    "Biography": 0.7802865505218506,
    "Action": 0.6538263559341431
  },
  "threshold": [
    0.36000001430511475,
    0.44999998807907104,
    0.5,
    0.5899999737739563,
    0.5400000214576721,
    0.7599999904632568,
    0.6899999976158142,
    0.8199999928474426,
    0.7200000286102295,
    0.6299999952316284,
    0.7799999713897705,
    0.7400000095367432,
    0.8100000023841858,
    0.6000000238418579,
    0.8899999856948853,
    0.7599999904632568,
    0.550000011920929,
    0.8999999761581421,
    0.7799999713897705,
    0.9700000286102295,
    0.7699999809265137,
    0.8899999856948853,
    0.9399999976158142
  ],
  "target_selection": {
    "policy": "predicted",
    "target_indices": [
      14,
      15,
      13
    ],
    "target_genres": [
      "War",
      "History",
      "Biography"
    ],
    "all_selected_indices": [
      14,
      15,
      13,
      0
    ],
    "all_selected_genres": [
      "War",
      "History",
      "Biography",
      "Drama"
    ],
    "predicted_indices": [
      14,
      15,
      13,
      0
    ],
    "predicted_genres": [
      "War",
      "History",
      "Biography",
      "Drama"
    ],
    "threshold": [
      0.36000001430511475,
      0.44999998807907104,
      0.5,
      0.5899999737739563,
      0.5400000214576721,
      0.7599999904632568,
      0.6899999976158142,
      0.8199999928474426,
      0.7200000286102295,
      0.6299999952316284,
      0.7799999713897705,
      0.7400000095367432,
      0.8100000023841858,
      0.6000000238418579,
      0.8899999856948853,
      0.7599999904632568,
      0.550000011920929,
      0.8999999761581421,
      0.7799999713897705,
      0.9700000286102295,
      0.7699999809265137,
      0.8899999856948853,
      0.9399999976158142
    ],
    "max_targets_per_sample": 3
  },
  "methods": [
    "IntegratedGradients_image_pixels",
    "image_occlusion_sensitivity",
    "experimental_label_correlation_head"
  ],
  "top_tokens": [],
  "gate_mean": null,
  "gate_std": null,
  "config": {
    "model_name": "neural_efficientnet_b0_image_only_unfrozen_lr1e4",
    "modality": "image_only",
    "text_encoder": "bigru_attention",
    "image_encoder": "efficientnet_b0",
    "fusion": "gmu",
    "hidden_dim": 256,
    "text_cnn_channels": 128,
    "text_cnn_kernels": [
      3,
      4,
      5
    ],
    "text_rnn_hidden_dim": 128,
    "text_rnn_layers": 1,
    "text_rnn_dropout": 0.2,
    "text_attention_dim": 128,
    "text_transformer_layers": 2,
    "text_transformer_heads": 6,
    "text_transformer_ff_dim": 512,
    "text_transformer_dropout": 0.1,
    "pretrained_image": false,
    "freeze_image_backbone": false,
    "batch_size": 16,
    "epochs": 10,
    "learning_rate": 0.0001,
    "weight_decay": 0.01,
    "num_workers": 0,
    "patience": 3,
    "threshold_metric": "macro_f1",
    "threshold_strategy": "per_label",
    "threshold_min": 0.01,
    "threshold_max": 0.99,
    "threshold_steps": 99,
    "loss": "bce",
    "focal_gamma": 2.0,
    "pos_weight_clip": null,
    "scheduler": "plateau",
    "scheduler_factor": 0.5,
    "scheduler_patience": 1,
    "min_learning_rate": 1e-06,
    "enable_label_correlation": true,
    "max_length": 512,
    "input_size": 224,
    "freeze_embeddings": false
  },
  "performance": {
    "measurements": [
      {
        "name": "neural_image_integrated_gradients_idx_9_Biography",
        "wall_time_s": 0.710419204999198,
        "process_cpu_time_s": 0.7161514379999971,
        "process_cpu_util_percent": 100.80688035464999,
        "rss_start_mb": 3327.6328125,
        "rss_end_mb": 3450.78515625,
        "rss_delta_mb": 123.15234375,
        "rss_peak_mb": 3487.54296875,
        "cuda_start": {
          "cuda_available": false
        },
        "cuda_end": {
          "cuda_available": false
        }
      },
      {
        "name": "neural_image_ig_visualization_idx_9_Biography",
        "wall_time_s": 0.03325292900080967,
        "process_cpu_time_s": 0.022302818999833107,
        "process_cpu_util_percent": 67.07023913379196,
        "rss_start_mb": 3450.78515625,
        "rss_end_mb": 3450.7890625,
        "rss_delta_mb": 0.00390625,
        "rss_peak_mb": 3450.79296875,
        "cuda_start": {
          "cuda_available": false
        },
        "cuda_end": {
          "cuda_available": false
        }
      },
      {
        "name": "neural_image_occlusion_idx_9_Biography",
        "wall_time_s": 0.6419133759991382,
        "process_cpu_time_s": 0.6448707100003048,
        "process_cpu_util_percent": 100.46070608772773,
        "rss_start_mb": 3450.7890625,
        "rss_end_mb": 3327.6484375,
        "rss_delta_mb": -123.140625,
        "rss_peak_mb": 3450.79296875,
        "cuda_start": {
          "cuda_available": false
        },
        "cuda_end": {
          "cuda_available": false
        }
      },
      {
        "name": "neural_image_occlusion_visualization_idx_9_Biography",
        "wall_time_s": 0.048609739998937584,
        "process_cpu_time_s": 0.01771730900009061,
        "process_cpu_util_percent": 36.448063701796876,
        "rss_start_mb": 3327.6484375,
        "rss_end_mb": 3327.6484375,
        "rss_delta_mb": 0.0,
        "rss_peak_mb": 3327.65234375,
        "cuda_start": {
          "cuda_available": false
        },
        "cuda_end": {
          "cuda_available": false
        }
      }
    ],
    "summary": {
      "count": 4,
      "total_wall_time_s": 1.4341952499980835,
      "mean_wall_time_s": 0.35854881249952086,
      "total_process_cpu_time_s": 1.4010422760002257,
      "mean_process_cpu_util_percent": 76.19647231949163,
      "max_rss_peak_mb": 3487.54296875
    }
  },
  "image_occlusion": {
    "baseline_probability": 0.7802865505218506,
    "baseline_logit": 1.2673373222351074,
    "grid_size": 4,
    "top_patches": [
      {
        "row": 2,
        "col": 1,
        "y0": 112,
        "y1": 168,
        "x0": 56,
        "x1": 112,
        "occluded_probability": 0.7495322823524475,
        "probability_delta": 0.030754268169403076,
        "occluded_logit": 1.0961191654205322,
        "logit_delta": 0.1712181568145752
      },
      {
        "row": 2,
        "col": 3,
        "y0": 112,
        "y1": 168,
        "x0": 168,
        "x1": 224,
        "occluded_probability": 0.7508419752120972,
        "probability_delta": 0.029444575309753418,
        "occluded_logit": 1.1031078100204468,
        "logit_delta": 0.16422951221466064
      },
      {
        "row": 2,
        "col": 0,
        "y0": 112,
        "y1": 168,
        "x0": 0,
        "x1": 56,
        "occluded_probability": 0.7526860237121582,
        "probability_delta": 0.027600526809692383,
        "occluded_logit": 1.1129893064498901,
        "logit_delta": 0.15434801578521729
      },
      {
        "row": 1,
        "col": 1,
        "y0": 56,
        "y1": 112,
        "x0": 56,
        "x1": 112,
        "occluded_probability": 0.7545121312141418,
        "probability_delta": 0.02577441930770874,
        "occluded_logit": 1.1228238344192505,
        "logit_delta": 0.14451348781585693
      },
      {
        "row": 0,
        "col": 3,
        "y0": 0,
        "y1": 56,
        "x0": 168,
        "x1": 224,
        "occluded_probability": 0.7563967704772949,
        "probability_delta": 0.023889780044555664,
        "occluded_logit": 1.1330251693725586,
        "logit_delta": 0.13431215286254883
      },
      {
        "row": 0,
        "col": 2,
        "y0": 0,
        "y1": 56,
        "x0": 112,
        "x1": 168,
        "occluded_probability": 0.7577806711196899,