{
  "index": 2962,
  "target_genre": "Short",
  "target_genres": [
    "Short"
  ],
  "true_genres": [
    "Drama",
    "Biography",
    "War",
    "History"
  ],
  "predicted_genres": [
    "Short",
    "Drama"
  ],
  "probability": 0.714862343497471,
  "top_probabilities": {
    "Short": 0.7148623466491699,
    "Biography": 0.535905122756958,
    "Documentary": 0.5107975602149963,
    "Animation": 0.48806032538414,
    "Drama": 0.48643556237220764
  },
  "target_selection": {
    "policy": "predicted",
    "target_indices": [
      21,
      0
    ],
    "target_genres": [
      "Short",
      "Drama"
    ],
    "all_selected_indices": [
      21,
      0
    ],
    "all_selected_genres": [
      "Short",
      "Drama"
    ],
    "predicted_indices": [
      21,
      0
    ],
    "predicted_genres": [
      "Short",
      "Drama"
    ],
    "threshold": [
      0.30000001192092896,
      0.44999998807907104,
      0.5,
      0.5,
      0.6000000238418579,
      0.550000011920929,
      0.6000000238418579,
      0.6000000238418579,
      0.6000000238418579,
      0.5,
      0.699999988079071,
      0.75,
      0.6000000238418579,
      0.699999988079071,
      0.6499999761581421,
      0.6000000238418579,
      0.6499999761581421,
      0.550000011920929,
      0.699999988079071,
      0.6000000238418579,
      0.6499999761581421,
      0.5,
      0.699999988079071
    ],
    "max_targets_per_sample": 3
  },
  "method": "linear_feature_contribution",
  "methods": [
    "linear_feature_contribution",
    "modality_shapley"
  ],
  "modality_shapley": {
    "method": "two_modality_shapley",
    "probability": {
      "values": {
        "blank": 0.09939008349368024,
        "text_only": 0.0704258479206732,
        "image_only": 0.7850368905286572,
        "both": 0.714862343497471
      },
      "shapley": {
        "text": -0.049569391302096616,
        "image": 0.6650416513058874,
        "interaction": -0.04121031145817915,
        "blank_to_both_delta": 0.6154722600037907,
        "abs_total": 0.714611042607984,
        "text_utilization": 0.0693655546116281,
        "image_utilization": 0.9306344453883719
      }
    },
    "logit": {
      "values": {
        "blank": -2.2040198737658026,
        "text_only": -2.580166226546545,
        "image_only": 1.2952642814309834,
        "both": 0.9191179286502407
      },
      "shapley": {
        "text": -0.3761463527807425,
        "image": 3.4992841551967855,
        "interaction": -4.440892098500626e-16,
        "blank_to_both_delta": 3.123137802416043,
        "abs_total": 3.875430507977528,
        "text_utilization": 0.09705924335540261,
        "image_utilization": 0.9029407566445973
      }
    }
  },
  "intercept": -2.2040198737658026,
  "text_logit_contribution": -0.3761463527807422,
  "image_logit_contribution": 3.4992841551967846,
  "label_dependency_logit_contribution": 0.0,
  "top_text_features": [
    {
      "feature": "of",
      "tfidf": 0.1636004000902176,
      "contribution": -0.2989146356328015
    },
    {
      "feature": "continuing",
      "tfidf": 0.9752042293548584,
      "contribution": -0.16933167066128382
    },
    {
      "feature": "the",
      "tfidf": 0.14903557300567627,
      "contribution": 0.09209995351334314
    }
  ],
  "top_image_features": [
    {
      "feature": "thumbnail_y19_x23",
      "value": -1.1008968353271484,
      "contribution": 1.9579215854092402
    },
    {
      "feature": "thumbnail_y19_x24",
      "value": -1.0076388120651245,
      "contribution": -1.3847170253652872
    },
    {
      "feature": "top_right_B_hist_bin_7",
      "value": 4.54646635055542,
      "contribution": 1.1975141136746974
    },
    {
      "feature": "thumbnail_y19_x14",
      "value": -1.113942265510559,
      "contribution": -1.1293495767710806
    },
    {
      "feature": "thumbnail_y0_x25",
      "value": -0.7698615193367004,
      "contribution": -1.1126571234238374
    },
    {
      "feature": "thumbnail_y18_x27",
      "value": -0.760779082775116,
      "contribution": -1.1028076500266935
    },
    {
      "feature": "thumbnail_y19_x17",
      "value": -1.088529348373413,
      "contribution": 1.047561161613062
    },
    {
      "feature": "thumbnail_y19_x5",
      "value": -1.22102689743042,
      "contribution": 1.0204750353564542
    },
    {
      "feature": "thumbnail_y19_x31",
      "value": -0.9623319506645203,
      "contribution": 0.9807658844781594
    },
    {
      "feature": "thumbnail_y18_x5",
      "value": -1.058753490447998,
      "contribution": -0.9360407958260111
    },
    {
      "feature": "thumbnail_y19_x12",
      "value": -1.080522894859314,
      "contribution": -0.8878864763862234
    },
    {
      "feature": "thumbnail_y19_x21",
      "value": -1.07616126537323,
      "contribution": -0.8878561916313064
    }
  ],
  "label_dependency_contributions": [],
  "performance": {
    "measurements": [
      {
        "name": "classic_modality_shapley_idx_2962_Short",
        "wall_time_s": 0.02503359700006058,
        "process_cpu_time_s": 0.02520380800000055,
        "process_cpu_util_percent": 100.67993025508702,
        "rss_start_mb": 1074.9296875,
        "rss_end_mb": 1074.9296875,
        "rss_delta_mb": 0.0,
        "rss_peak_mb": 1074.93359375,
        "cuda_start": {
          "cuda_available": true,
          "cuda_device": "NVIDIA A100-SXM4-40GB",
          "cuda_allocated_mb": 0.0,
          "cuda_reserved_mb": 0.0,
          "cuda_peak_allocated_mb": 0.0,
          "cuda_peak_reserved_mb": 0.0
        },
        "cuda_end": {
          "cuda_available": true,
          "cuda_device": "NVIDIA A100-SXM4-40GB",
          "cuda_allocated_mb": 0.0,
          "cuda_reserved_mb": 0.0,
          "cuda_peak_allocated_mb": 0.0,
          "cuda_peak_reserved_mb": 0.0
        }
      },
      {
        "name": "classic_modality_shapley_visualization_idx_2962_Short",
        "wall_time_s": 0.11842685399994934,
        "process_cpu_time_s": 0.11384162699999933,
        "process_cpu_util_percent": 96.12822020928465,
        "rss_start_mb": 1074.93359375,
        "rss_end_mb": 1076.02734375,
        "rss_delta_mb": 1.09375,
        "rss_peak_mb": 1076.03125,
        "cuda_start": {
          "cuda_available": true,
          "cuda_device": "NVIDIA A100-SXM4-40GB",
          "cuda_allocated_mb": 0.0,
          "cuda_reserved_mb": 0.0,
          "cuda_peak_allocated_mb": 0.0,
          "cuda_peak_reserved_mb": 0.0
        },
        "cuda_end": {
          "cuda_available": true,
          "cuda_device": "NVIDIA A100-SXM4-40GB",
          "cuda_allocated_mb": 0.0,
          "cuda_reserved_mb": 0.0,
          "cuda_peak_allocated_mb": 0.0,
          "cuda_peak_reserved_mb": 0.0
        }
      },
      {
        "name": "classic_linear_contribution_idx_2962_Short",
        "wall_time_s": 0.0010500070000034611,
        "process_cpu_time_s": 0.0011352309999992372,
        "process_cpu_util_percent": 108.11651731802694,
        "rss_start_mb": 1076.02734375,
        "rss_end_mb": 1076.02734375,
        "rss_delta_mb": 0.0,
        "rss_peak_mb": 1076.03125,
        "cuda_start": {
          "cuda_available": true,
          "cuda_device": "NVIDIA A100-SXM4-40GB",
          "cuda_allocated_mb": 0.0,
          "cuda_reserved_mb": 0.0,
          "cuda_peak_allocated_mb": 0.0,
          "cuda_peak_reserved_mb": 0.0
        },
        "cuda_end": {
          "cuda_available": true,
          "cuda_device": "NVIDIA A100-SXM4-40GB",
          "cuda_allocated_mb": 0.0,
          "cuda_reserved_mb": 0.0,
          "cuda_peak_allocated_mb": 0.0,
          "cuda_peak_reserved_mb": 0.0
        }
      },
      {
        "name": "classic_visualization_idx_2962_Short",
        "wall_time_s": 0.16314120399999865,
        "process_cpu_time_s": 0.15292408400000213,
        "process_cpu_util_percent": 93.73725352670769,
        "rss_start_mb": 1076.02734375,
        "rss_end_mb": 1077.4375,
        "rss_delta_mb": 1.41015625,