variant,sample_f1,micro_f1,macro_f1,weighted_f1,hamming_loss
both,0.5288197317086205,0.5467409948542024,0.5073525916027624,0.5426582957950357,0.13616747181964572
text_only,0.46725527147749374,0.48669527896995707,0.43845406367970957,0.47319270300652544,0.15407407407407409
image_only,0.32288781999893107,0.33136869679109365,0.12893223406791834,0.21810247984639367,0.13152979066022544
blank,0.20893356848912403,0.20977011494252873,0.03318146905710666,0.10087215628564279,0.17713365539452497
permute_text,0.41498189053744616,0.4375545851528384,0.3802618518650903,0.4273000642965189,0.16592592592592592
permute_image,0.48007126207126205,0.5027298536798428,0.45788811745449526,0.495394680160386,0.14666666666666667
