variant,sample_f1,micro_f1,macro_f1,weighted_f1,hamming_loss
both,0.5380210894968864,0.5570680628272251,0.5059752920446977,0.5527006959666175,0.13028078640726862
text_only,0.4775784362561221,0.49407459044963403,0.43279581384747856,0.4810812103727039,0.14901699091422413
image_only,0.32040228563250994,0.3348136186246804,0.13066036433124792,0.2238660621345218,0.12686720394230275
blank,0.20710678210678207,0.20735707591377694,0.03172069846990922,0.1037486686510095,0.17365638314254914
permute_text,0.43243334128812283,0.451886542369886,0.3916243507667579,0.4435869645278215,0.15920640624197938
permute_image,0.498899169176619,0.5244594115561857,0.4686808745764601,0.518141303423103,0.13772393614290848
