{
  "index": 35,
  "target_genre": "Thriller",
  "target_genres": [
    "Thriller"
  ],
  "true_genres": [
    "Drama",
    "Romance",
    "Thriller",
    "Crime",
    "Film-Noir"
  ],
  "predicted_genres": [
    "Thriller",
    "Film-Noir",
    "Crime",
    "Mystery",
    "Horror",
    "Romance",
    "Drama"
  ],
  "probability": 0.9204770047540438,
  "top_probabilities": {
    "Thriller": 0.920477032661438,
    "Film-Noir": 0.9008914828300476,
    "Crime": 0.806096613407135,
    "Mystery": 0.6753037571907043,
    "Horror": 0.6253834962844849
  },
  "target_selection": {
    "policy": "predicted",
    "target_indices": [
      3,
      22,
      4
    ],
    "target_genres": [
      "Thriller",
      "Film-Noir",
      "Crime"
    ],
    "all_selected_indices": [
      3,
      22,
      4,
      9,
      7,
      2,
      0
    ],
    "all_selected_genres": [
      "Thriller",
      "Film-Noir",
      "Crime",
      "Mystery",
      "Horror",
      "Romance",
      "Drama"
    ],
    "predicted_indices": [
      3,
      22,
      4,
      9,
      7,
      2,
      0
    ],
    "predicted_genres": [
      "Thriller",
      "Film-Noir",
      "Crime",
      "Mystery",
      "Horror",
      "Romance",
      "Drama"
    ],
    "threshold": [
      0.30000001192092896,
      0.44999998807907104,
      0.5,
      0.5,
      0.6000000238418579,
      0.550000011920929,
      0.6000000238418579,
      0.6000000238418579,
      0.6000000238418579,
      0.5,
      0.699999988079071,
      0.75,
      0.6000000238418579,
      0.699999988079071,
      0.6499999761581421,
      0.6000000238418579,
      0.6499999761581421,
      0.550000011920929,
      0.699999988079071,
      0.6000000238418579,
      0.6499999761581421,
      0.5,
      0.699999988079071
    ],
    "max_targets_per_sample": 3
  },
  "method": "linear_feature_contribution",
  "methods": [
    "linear_feature_contribution",
    "modality_shapley"
  ],
  "modality_shapley": {
    "method": "two_modality_shapley",
    "probability": {
      "values": {
        "blank": 0.22067535862780757,
        "text_only": 0.7572063242995262,
        "image_only": 0.5124191917353759,
        "both": 0.9204770047540438
      },
      "shapley": {
        "text": 0.47229438934519324,
        "image": 0.22750725678104297,
        "interaction": -0.12847315265305065,
        "blank_to_both_delta": 0.6998016461262362,
        "abs_total": 0.6998016461262362,
        "text_utilization": 0.6748975112584927,
        "image_utilization": 0.32510248874150727
      }
    },
    "logit": {
      "values": {
        "blank": -1.2617350441840947,
        "text_only": 1.1374237600343926,
        "image_only": 0.04968698667396576,
        "both": 2.4488457908924577
      },
      "shapley": {
        "text": 2.3991588042184895,
        "image": 1.3114220308580626,
        "interaction": 4.6629367034256575e-15,
        "blank_to_both_delta": 3.710580835076552,
        "abs_total": 3.710580835076552,
        "text_utilization": 0.6465723052140415,
        "image_utilization": 0.3534276947859585
      }
    }
  },
  "intercept": -1.2617350441840947,
  "text_logit_contribution": 2.3991588042184877,
  "image_logit_contribution": 1.3114220308580602,
  "label_dependency_logit_contribution": 0.0,
  "top_text_features": [
    {
      "feature": "killer",
      "tfidf": 0.12618203461170197,
      "contribution": 0.5731920867616584
    },
    {
      "feature": "danny",
      "tfidf": 0.4967174828052521,
      "contribution": 0.47045606025596115
    },
    {
      "feature": "police",
      "tfidf": 0.10435708612203598,
      "contribution": 0.4058934125419703
    },
    {
      "feature": "love",
      "tfidf": 0.08060811460018158,
      "contribution": -0.30756822158284397
    },
    {
      "feature": "is",
      "tfidf": 0.11414414644241333,
      "contribution": 0.2595770821399673
    },
    {
      "feature": "kills",
      "tfidf": 0.13646091520786285,
      "contribution": 0.22535767932754883
    },
    {
      "feature": "identity",
      "tfidf": 0.14081063866615295,
      "contribution": 0.20975512702916713
    },
    {
      "feature": "insanity",
      "tfidf": 0.20407132804393768,
      "contribution": 0.185852277223057
    },
    {
      "feature": "body",
      "tfidf": 0.12765909731388092,
      "contribution": 0.12716190602978097
    },
    {
      "feature": "of",
      "tfidf": 0.06442602723836899,
      "contribution": -0.12252752406935916
    },
    {
      "feature": "coming",
      "tfidf": 0.1352030336856842,
      "contribution": -0.09850120601764112
    },
    {
      "feature": "the",
      "tfidf": 0.1173807680606842,
      "contribution": 0.07839824639371343
    }
  ],
  "top_image_features": [
    {
      "feature": "bottom_right_G_hist_bin_1",
      "value": 5.155603885650635,
      "contribution": 0.6297955627949425
    },
    {
      "feature": "thumbnail_y19_x18",
      "value": -1.0642859935760498,
      "contribution": -0.6288771142298731
    },
    {
      "feature": "top_right_G_hist_bin_1",
      "value": 3.5766870975494385,
      "contribution": -0.585341242870522
    },
    {
      "feature": "thumbnail_y19_x19",
      "value": -1.054510235786438,
      "contribution": 0.5367093156631461
    },
    {
      "feature": "thumbnail_y9_x28",
      "value": -1.2759380340576172,
      "contribution": 0.5068854913121911
    },
    {
      "feature": "thumbnail_y1_x26",
      "value": -1.319429874420166,
      "contribution": -0.4799757594459556
    },
    {
      "feature": "thumbnail_y10_x27",
      "value": -1.2741583585739136,
      "contribution": 0.4713566254129968
    },
    {
      "feature": "bottom_right_B_hist_bin_1",
      "value": 5.328551292419434,
      "contribution": -0.4561445541596421
    },
    {
      "feature": "thumbnail_y16_x26",
      "value": -1.1299960613250732,
      "contribution": 0.4454149809033858
    },
    {
      "feature": "thumbnail_y19_x28",
      "value": -1.003585696220398,
      "contribution": 0.4043845170810858
    },
    {
      "feature": "thumbnail_y11_x1",
      "value": -1.1918691396713257,
      "contribution": 0.4030626836675289
    },
    {
      "feature": "thumbnail_y2_x3",
      "value": -1.2133076190948486,
      "contribution": 0.39926038091413546
    }
  ],
  "label_dependency_contributions": [],
  "performance": {
    "measurements": [
      {
        "name": "classic_modality_shapley_idx_35_Thriller",
        "wall_time_s": 0.030014999996637926,
        "process_cpu_time_s": 0.03125,
        "process_cpu_util_percent": 104.11460937364787,
        "rss_start_mb": 316.390625,
        "rss_end_mb": 316.40625,
        "rss_delta_mb": 0.015625,
        "rss_peak_mb": 316.41015625,
        "cuda_start": {
          "cuda_available": false,
          "cuda_error": "ModuleNotFoundError: No module named 'torch'"
        },
        "cuda_end": {
          "cuda_available": false,
          "cuda_error": "ModuleNotFoundError: No module named 'torch'"
        }
      },
      {
        "name": "classic_modality_shapley_visualization_idx_35_Thriller",
        "wall_time_s": 0.1122165999840945,
        "process_cpu_time_s": 0.109375,
        "process_cpu_util_percent": 97.46775433893269,
        "rss_start_mb": 316.390625,
        "rss_end_mb": 318.30859375,
        "rss_delta_mb": 1.91796875,
        "rss_peak_mb": 320.19140625,
        "cuda_start": {
          "cuda_available": false,
          "cuda_error": "ModuleNotFoundError: No module named 'torch'"
        },
        "cuda_end": {
          "cuda_available": false,
          "cuda_error": "ModuleNotFoundError: No module named 'torch'"
        }
      },
      {
        "name": "classic_linear_contribution_idx_35_Thriller",
        "wall_time_s": 0.0021025000023655593,
        "process_cpu_time_s": 0.0,
        "process_cpu_util_percent": 0.0,
        "rss_start_mb": 318.29296875,
        "rss_end_mb": 318.3125,
        "rss_delta_mb": 0.01953125,
        "rss_peak_mb": 318.3125,