{
  "index": 40,
  "target_genre": "Film-Noir",
  "target_genres": [
    "Film-Noir"
  ],
  "true_genres": [
    "Drama",
    "Thriller",
    "Crime",
    "Film-Noir"
  ],
  "predicted_genres": [
    "Film-Noir",
    "Crime",
    "Mystery",
    "Thriller",
    "Romance",
    "Drama"
  ],
  "probability": 0.9707868695259094,
  "top_probabilities": {
    "Film-Noir": 0.9707868695259094,
    "Crime": 0.8442522883415222,
    "Mystery": 0.820979118347168,
    "Thriller": 0.773943305015564,
    "Romance": 0.6486096382141113
  },
  "threshold": [
    0.36000001430511475,
    0.44999998807907104,
    0.5,
    0.5899999737739563,
    0.5400000214576721,
    0.7599999904632568,
    0.6899999976158142,
    0.8199999928474426,
    0.7200000286102295,
    0.6299999952316284,
    0.7799999713897705,
    0.7400000095367432,
    0.8100000023841858,
    0.6000000238418579,
    0.8899999856948853,
    0.7599999904632568,
    0.550000011920929,
    0.8999999761581421,
    0.7799999713897705,
    0.9700000286102295,
    0.7699999809265137,
    0.8899999856948853,
    0.9399999976158142
  ],
  "target_selection": {
    "policy": "predicted",
    "target_indices": [
      22,
      4,
      9
    ],
    "target_genres": [
      "Film-Noir",
      "Crime",
      "Mystery"
    ],
    "all_selected_indices": [
      22,
      4,
      9,
      3,
      2,
      0
    ],
    "all_selected_genres": [
      "Film-Noir",
      "Crime",
      "Mystery",
      "Thriller",
      "Romance",
      "Drama"
    ],
    "predicted_indices": [
      22,
      4,
      9,
      3,
      2,
      0
    ],
    "predicted_genres": [
      "Film-Noir",
      "Crime",
      "Mystery",
      "Thriller",
      "Romance",
      "Drama"
    ],
    "threshold": [
      0.36000001430511475,
      0.44999998807907104,
      0.5,
      0.5899999737739563,
      0.5400000214576721,
      0.7599999904632568,
      0.6899999976158142,
      0.8199999928474426,
      0.7200000286102295,
      0.6299999952316284,
      0.7799999713897705,
      0.7400000095367432,
      0.8100000023841858,
      0.6000000238418579,
      0.8899999856948853,
      0.7599999904632568,
      0.550000011920929,
      0.8999999761581421,
      0.7799999713897705,
      0.9700000286102295,
      0.7699999809265137,
      0.8899999856948853,
      0.9399999976158142
    ],
    "max_targets_per_sample": 3
  },
  "methods": [
    "IntegratedGradients_image_pixels",
    "image_occlusion_sensitivity",
    "experimental_label_correlation_head"
  ],
  "top_tokens": [],
  "gate_mean": null,
  "gate_std": null,
  "config": {
    "model_name": "neural_efficientnet_b0_image_only_unfrozen_lr1e4",
    "modality": "image_only",
    "text_encoder": "bigru_attention",
    "image_encoder": "efficientnet_b0",
    "fusion": "gmu",
    "hidden_dim": 256,
    "text_cnn_channels": 128,
    "text_cnn_kernels": [
      3,
      4,
      5
    ],
    "text_rnn_hidden_dim": 128,
    "text_rnn_layers": 1,
    "text_rnn_dropout": 0.2,
    "text_attention_dim": 128,
    "text_transformer_layers": 2,
    "text_transformer_heads": 6,
    "text_transformer_ff_dim": 512,
    "text_transformer_dropout": 0.1,
    "pretrained_image": false,
    "freeze_image_backbone": false,
    "batch_size": 16,
    "epochs": 10,
    "learning_rate": 0.0001,
    "weight_decay": 0.01,
    "num_workers": 0,
    "patience": 3,
    "threshold_metric": "macro_f1",
    "threshold_strategy": "per_label",
    "threshold_min": 0.01,
    "threshold_max": 0.99,
    "threshold_steps": 99,
    "loss": "bce",
    "focal_gamma": 2.0,
    "pos_weight_clip": null,
    "scheduler": "plateau",
    "scheduler_factor": 0.5,
    "scheduler_patience": 1,
    "min_learning_rate": 1e-06,
    "enable_label_correlation": true,
    "max_length": 512,
    "input_size": 224,
    "freeze_embeddings": false
  },
  "performance": {
    "measurements": [
      {
        "name": "neural_image_integrated_gradients_idx_40_Film-Noir",
        "wall_time_s": 0.6931454550012859,
        "process_cpu_time_s": 0.6999156380002205,
        "process_cpu_util_percent": 100.97673337538109,
        "rss_start_mb": 3327.7421875,
        "rss_end_mb": 3327.75,
        "rss_delta_mb": 0.0078125,
        "rss_peak_mb": 3491.09375,
        "cuda_start": {
          "cuda_available": false
        },
        "cuda_end": {
          "cuda_available": false
        }
      },
      {
        "name": "neural_image_ig_visualization_idx_40_Film-Noir",
        "wall_time_s": 0.04131240800052183,
        "process_cpu_time_s": 0.019218642999931035,
        "process_cpu_util_percent": 46.52026819566722,
        "rss_start_mb": 3327.75,
        "rss_end_mb": 3327.75,
        "rss_delta_mb": 0.0,
        "rss_peak_mb": 3327.75390625,
        "cuda_start": {
          "cuda_available": false
        },
        "cuda_end": {
          "cuda_available": false
        }
      },
      {
        "name": "neural_image_occlusion_idx_40_Film-Noir",
        "wall_time_s": 0.5791822279988992,
        "process_cpu_time_s": 0.5841865919996962,
        "process_cpu_util_percent": 100.86403963362056,
        "rss_start_mb": 3327.75,
        "rss_end_mb": 3327.75,
        "rss_delta_mb": 0.0,
        "rss_peak_mb": 3401.2578125,
        "cuda_start": {
          "cuda_available": false
        },
        "cuda_end": {
          "cuda_available": false
        }
      },
      {
        "name": "neural_image_occlusion_visualization_idx_40_Film-Noir",
        "wall_time_s": 0.028883029001008254,
        "process_cpu_time_s": 0.020253344000138895,
        "process_cpu_util_percent": 70.1219529275544,
        "rss_start_mb": 3327.75,
        "rss_end_mb": 3327.75,
        "rss_delta_mb": 0.0,
        "rss_peak_mb": 3327.75390625,
        "cuda_start": {
          "cuda_available": false
        },
        "cuda_end": {
          "cuda_available": false
        }
      }
    ],
    "summary": {
      "count": 4,
      "total_wall_time_s": 1.3425231200017151,
      "mean_wall_time_s": 0.3356307800004288,
      "total_process_cpu_time_s": 1.3235742169999867,
      "mean_process_cpu_util_percent": 79.62074853305582,
      "max_rss_peak_mb": 3491.09375
    }
  },
  "image_occlusion": {
    "baseline_probability": 0.9707868695259094,
    "baseline_logit": 3.5034871101379395,
    "grid_size": 4,
    "top_patches": [
      {
        "row": 2,
        "col": 0,
        "y0": 112,
        "y1": 168,
        "x0": 0,
        "x1": 56,
        "occluded_probability": 0.933746874332428,
        "probability_delta": 0.037039995193481445,
        "occluded_logit": 2.645721673965454,
        "logit_delta": 0.8577654361724854
      },
      {
        "row": 0,
        "col": 1,
        "y0": 0,
        "y1": 56,
        "x0": 56,
        "x1": 112,
        "occluded_probability": 0.9428272843360901,
        "probability_delta": 0.027959585189819336,
        "occluded_logit": 2.802807331085205,
        "logit_delta": 0.7006797790527344
      },
      {
        "row": 1,
        "col": 2,
        "y0": 56,
        "y1": 112,
        "x0": 112,
        "x1": 168,
        "occluded_probability": 0.9435082077980042,
        "probability_delta": 0.027278661727905273,
        "occluded_logit": 2.815509080886841,
        "logit_delta": 0.6879780292510986
      },
      {
        "row": 0,
        "col": 0,
        "y0": 0,
        "y1": 56,
        "x0": 0,
        "x1": 56,
        "occluded_probability": 0.9472770094871521,
        "probability_delta": 0.023509860038757324,
        "occluded_logit": 2.888540744781494,
        "logit_delta": 0.6149463653564453
      },
      {
        "row": 3,
        "col": 1,
        "y0": 168,
        "y1": 224,
        "x0": 56,
        "x1": 112,
        "occluded_probability": 0.948490560054779,
        "probability_delta": 0.02229630947113037,
        "occluded_logit": 2.9131057262420654,
        "logit_delta": 0.590381383895874
      },
      {
        "row": 1,
        "col": 0,
        "y0": 56,
        "y1": 112,
        "x0": 0,