labels_per_movie,movie_count,percent
1,5965,22.978543087175932
2,8211,31.630648330058943
3,6894,26.557263376863517
4,3404,13.112985862321352
5,1172,4.514811818637082
6,255,0.9823182711198428
7,47,0.18105474016718673
8,6,0.023113371085172772
9,3,0.011556685542586386
10,2,0.007704457028390924
