{
  "index": 24,
  "target_genre": "History",
  "target_genres": [
    "History"
  ],
  "true_genres": [
    "Drama",
    "Film-Noir"
  ],
  "predicted_genres": [
    "Family",
    "History",
    "Animation",
    "Short",
    "Drama"
  ],
  "probability": 0.7818617365616624,
  "top_probabilities": {
    "Family": 0.8452852368354797,
    "History": 0.7818617224693298,
    "Animation": 0.7709589004516602,
    "Short": 0.7030487060546875,
    "Romance": 0.48403942584991455
  },
  "target_selection": {
    "policy": "predicted",
    "target_indices": [
      12,
      15,
      17
    ],
    "target_genres": [
      "Family",
      "History",
      "Animation"
    ],
    "all_selected_indices": [
      12,
      15,
      17,
      21,
      0
    ],
    "all_selected_genres": [
      "Family",
      "History",
      "Animation",
      "Short",
      "Drama"
    ],
    "predicted_indices": [
      12,
      15,
      17,
      21,
      0
    ],
    "predicted_genres": [
      "Family",
      "History",
      "Animation",
      "Short",
      "Drama"
    ],
    "threshold": [
      0.30000001192092896,
      0.44999998807907104,
      0.5,
      0.5,
      0.6000000238418579,
      0.550000011920929,
      0.6000000238418579,
      0.6000000238418579,
      0.6000000238418579,
      0.5,
      0.699999988079071,
      0.75,
      0.6000000238418579,
      0.699999988079071,
      0.6499999761581421,
      0.6000000238418579,
      0.6499999761581421,
      0.550000011920929,
      0.699999988079071,
      0.6000000238418579,
      0.6499999761581421,
      0.5,
      0.699999988079071
    ],
    "max_targets_per_sample": 3
  },
  "method": "linear_feature_contribution",
  "methods": [
    "linear_feature_contribution",
    "modality_shapley"
  ],
  "modality_shapley": {
    "method": "two_modality_shapley",
    "probability": {
      "values": {
        "blank": 0.0657237896979961,
        "text_only": 0.3284571074251963,
        "image_only": 0.3401578834725315,
        "both": 0.7818617365616624
      },
      "shapley": {
        "text": 0.35221858540816553,
        "image": 0.36391936145550074,
        "interaction": 0.17897053536193064,
        "blank_to_both_delta": 0.7161379468636663,
        "abs_total": 0.7161379468636663,
        "text_utilization": 0.49183064094105133,
        "image_utilization": 0.5081693590589487
      }
    },
    "logit": {
      "values": {
        "blank": -2.6543111670749724,
        "text_only": -0.715171631290686,
        "image_only": -0.6625907160392983,
        "both": 1.2765488197449795
      },
      "shapley": {
        "text": 1.9391395357842822,
        "image": 1.9917204510356696,
        "interaction": -8.881784197001252e-15,
        "blank_to_both_delta": 3.930859986819952,
        "abs_total": 3.930859986819952,
        "text_utilization": 0.49331177968336576,
        "image_utilization": 0.5066882203166342
      }
    }
  },
  "intercept": -2.6543111670749724,
  "text_logit_contribution": 1.9391395357842858,
  "image_logit_contribution": 1.991720451035671,
  "label_dependency_logit_contribution": 0.0,
  "top_text_features": [
    {
      "feature": "the",
      "tfidf": 0.21718016266822815,
      "contribution": 0.6999724702339345
    },
    {
      "feature": "of",
      "tfidf": 0.11920228600502014,
      "contribution": 0.5495108271600964
    },
    {
      "feature": "a",
      "tfidf": 0.08813903480768204,
      "contribution": -0.5271698293955865
    },
    {
      "feature": "and",
      "tfidf": 0.11493827402591705,
      "contribution": 0.3358710912271915
    },
    {
      "feature": "war",
      "tfidf": 0.07244963943958282,
      "contribution": 0.30703349315826084
    },
    {
      "feature": "girl",
      "tfidf": 0.21890108287334442,
      "contribution": -0.22817028961263394
    },
    {
      "feature": "people",
      "tfidf": 0.1414855271577835,
      "contribution": 0.19002618840396865
    },
    {
      "feature": "leader",
      "tfidf": 0.09705466777086258,
      "contribution": 0.1728218433644798
    },
    {
      "feature": "to",
      "tfidf": 0.11678096652030945,
      "contribution": 0.15819253600135957
    },
    {
      "feature": "white",
      "tfidf": 0.09775310754776001,
      "contribution": 0.15666402209659008
    },
    {
      "feature": "filmed",
      "tfidf": 0.12630872428417206,
      "contribution": 0.1270966014343069
    },
    {
      "feature": "first",
      "tfidf": 0.06737487763166428,
      "contribution": 0.12187488355104625
    }
  ],
  "top_image_features": [
    {
      "feature": "thumbnail_y15_x4",
      "value": -1.4605493545532227,
      "contribution": 0.9599633307386939
    },
    {
      "feature": "thumbnail_y7_x6",
      "value": -1.2309794425964355,
      "contribution": -0.9353880723040129
    },
    {
      "feature": "thumbnail_y7_x25",
      "value": -1.1467477083206177,
      "contribution": -0.9081483496445741
    },
    {
      "feature": "thumbnail_y10_x1",
      "value": -1.0678930282592773,
      "contribution": -0.8637109394035738
    },
    {
      "feature": "thumbnail_y11_x29",
      "value": 1.0262199640274048,
      "contribution": -0.8628705748958304
    },
    {
      "feature": "thumbnail_y16_x4",
      "value": -1.3787000179290771,
      "contribution": -0.8530004425287592
    },
    {
      "feature": "thumbnail_y7_x5",
      "value": -1.084803819656372,
      "contribution": 0.826343733429635
    },
    {
      "feature": "thumbnail_y11_x28",
      "value": 1.0661311149597168,
      "contribution": 0.8123578080563372
    },
    {
      "feature": "thumbnail_y6_x0",
      "value": -0.8983259201049805,
      "contribution": -0.8082860069386041
    },
    {
      "feature": "thumbnail_y0_x0",
      "value": -0.973781406879425,
      "contribution": 0.7650982462960672
    },
    {
      "feature": "thumbnail_y5_x12",
      "value": -1.0614255666732788,
      "contribution": 0.7534054468206437
    },
    {
      "feature": "thumbnail_y0_x21",
      "value": -1.0903593301773071,
      "contribution": -0.7491554445526817
    }
  ],
  "label_dependency_contributions": [],
  "performance": {
    "measurements": [
      {
        "name": "classic_modality_shapley_idx_24_History",
        "wall_time_s": 0.0293010380000851,
        "process_cpu_time_s": 0.028490406000173607,
        "process_cpu_util_percent": 97.23343589428765,
        "rss_start_mb": 2208.78125,
        "rss_end_mb": 2208.78125,
        "rss_delta_mb": 0.0,
        "rss_peak_mb": 2208.78515625,
        "cuda_start": {
          "cuda_available": false
        },
        "cuda_end": {
          "cuda_available": false
        }
      },
      {
        "name": "classic_modality_shapley_visualization_idx_24_History",
        "wall_time_s": 0.1214850739997928,
        "process_cpu_time_s": 0.11492715200006387,
        "process_cpu_util_percent": 94.60187018551751,
        "rss_start_mb": 2208.78125,
        "rss_end_mb": 2208.78515625,
        "rss_delta_mb": 0.00390625,
        "rss_peak_mb": 2208.7890625,
        "cuda_start": {
          "cuda_available": false
        },
        "cuda_end": {
          "cuda_available": false
        }
      },
      {
        "name": "classic_linear_contribution_idx_24_History",
        "wall_time_s": 0.0007959200002005673,
        "process_cpu_time_s": 0.0009020920001603372,
        "process_cpu_util_percent": 113.33953160280119,
        "rss_start_mb": 2208.78515625,
        "rss_end_mb": 2208.78515625,
        "rss_delta_mb": 0.0,
        "rss_peak_mb": 2208.7890625,
        "cuda_start": {
          "cuda_available": false
        },
        "cuda_end": {
          "cuda_available": false
        }
      },
      {
        "name": "classic_visualization_idx_24_History",
        "wall_time_s": 0.2144183279997378,
        "process_cpu_time_s": 0.19276985400006197,
        "process_cpu_util_percent": 89.90362708186854,
        "rss_start_mb": 2208.78515625,
        "rss_end_mb": 2209.234375,