{
  "index": 52,
  "target_genre": "label_set",
  "target_genres": [
    "Crime",
    "Film-Noir",
    "Thriller"
  ],
  "true_genres": [
    "Drama",
    "Crime",
    "Film-Noir"
  ],
  "predicted_genres": [
    "Crime",
    "Film-Noir",
    "Thriller",
    "Action",
    "Mystery",
    "War",
    "Drama"
  ],
  "probability": 0.9464041590690613,
  "set_logit": 9.165574073791504,
  "top_probabilities": {
    "Crime": 0.9827544093132019,
    "Film-Noir": 0.9322813153266907,
    "Thriller": 0.924176812171936,
    "Action": 0.7944008111953735,
    "Mystery": 0.7629610896110535
  },
  "target_selection": {
    "policy": "predicted",
    "target_indices": [
      4,
      22,
      3
    ],
    "target_genres": [
      "Crime",
      "Film-Noir",
      "Thriller"
    ],
    "all_selected_indices": [
      4,
      22,
      3,
      5,
      9,
      14,
      0
    ],
    "all_selected_genres": [
      "Crime",
      "Film-Noir",
      "Thriller",
      "Action",
      "Mystery",
      "War",
      "Drama"
    ],
    "predicted_indices": [
      4,
      22,
      3,
      5,
      9,
      14,
      0
    ],
    "predicted_genres": [
      "Crime",
      "Film-Noir",
      "Thriller",
      "Action",
      "Mystery",
      "War",
      "Drama"
    ],
    "threshold": [
      0.30000001192092896,
      0.44999998807907104,
      0.5,
      0.5,
      0.6000000238418579,
      0.550000011920929,
      0.6000000238418579,
      0.6000000238418579,
      0.6000000238418579,
      0.5,
      0.699999988079071,
      0.75,
      0.6000000238418579,
      0.699999988079071,
      0.6499999761581421,
      0.6000000238418579,
      0.6499999761581421,
      0.550000011920929,
      0.699999988079071,
      0.6000000238418579,
      0.6499999761581421,
      0.5,
      0.699999988079071
    ],
    "max_targets_per_sample": 3
  },
  "methods": [
    "experimental_set_linear_feature_contribution",
    "modality_shapley"
  ],
  "intercept": -9.090986549321226,
  "text_logit_contribution": 12.003719329833984,
  "image_logit_contribution": 6.252840995788574,
  "label_dependency_logit_contribution": 0.0,
  "top_text_features": [
    {
      "feature": "detective",
      "tfidf": 0.17027001082897186,
      "contribution": 1.5013164281845093
    },
    {
      "feature": "murder",
      "tfidf": 0.07426497340202332,
      "contribution": 1.289979338645935
    },
    {
      "feature": "police",
      "tfidf": 0.0676794946193695,
      "contribution": 1.1964542865753174
    },
    {
      "feature": "involved",
      "tfidf": 0.1690809726715088,
      "contribution": 1.0746957063674927
    },
    {
      "feature": "crime",
      "tfidf": 0.08223281055688858,
      "contribution": 1.0315804481506348
    },
    {
      "feature": "gangster",
      "tfidf": 0.1052510216832161,
      "contribution": 0.7731262445449829
    },
    {
      "feature": "prison",
      "tfidf": 0.0802559033036232,
      "contribution": 0.7086153030395508
    },
    {
      "feature": "murders",
      "tfidf": 0.09704024344682693,
      "contribution": 0.7060914039611816
    },
    {
      "feature": "crimes",
      "tfidf": 0.10708098113536835,
      "contribution": 0.4356030523777008
    },
    {
      "feature": "killed",
      "tfidf": 0.07335123419761658,
      "contribution": 0.41114240884780884
    },
    {
      "feature": "is",
      "tfidf": 0.07402677834033966,
      "contribution": 0.3853740394115448
    },
    {
      "feature": "he",
      "tfidf": 0.0911603718996048,
      "contribution": 0.33436349034309387
    }
  ],
  "top_image_features": [
    {
      "feature": "thumbnail_y18_x18",
      "value": 2.0338666439056396,
      "contribution": -3.5366344451904297
    },
    {
      "feature": "thumbnail_y19_x17",
      "value": 1.8092511892318726,
      "contribution": 3.281256675720215
    },
    {
      "feature": "thumbnail_y18_x19",
      "value": 1.8858901262283325,
      "contribution": 2.804591178894043
    },
    {
      "feature": "thumbnail_y19_x9",
      "value": 1.5732033252716064,
      "contribution": -2.790489435195923
    },
    {
      "feature": "thumbnail_y19_x8",
      "value": 1.4869391918182373,
      "contribution": 2.6613690853118896
    },
    {
      "feature": "thumbnail_y17_x3",
      "value": 1.4167040586471558,
      "contribution": -2.6239356994628906
    },
    {
      "feature": "thumbnail_y17_x14",
      "value": 1.6431465148925781,
      "contribution": 2.365994453430176
    },
    {
      "feature": "thumbnail_y19_x2",
      "value": 1.285568356513977,
      "contribution": -2.2142179012298584
    },
    {
      "feature": "thumbnail_y2_x1",
      "value": -1.3602548837661743,
      "contribution": 2.1162352561950684
    },
    {
      "feature": "thumbnail_y19_x16",
      "value": 1.7386066913604736,
      "contribution": -1.9953559637069702
    },
    {
      "feature": "thumbnail_y18_x10",
      "value": 1.5030975341796875,
      "contribution": 1.9580711126327515
    },
    {
      "feature": "thumbnail_y1_x3",
      "value": -1.2155730724334717,
      "contribution": 1.8764166831970215
    }
  ],
  "label_dependency_contributions": [],
  "performance": {
    "measurements": [
      {
        "name": "classic_set_linear_contribution_idx_52",
        "wall_time_s": 0.002426399994874373,
        "process_cpu_time_s": 0.0,
        "process_cpu_util_percent": 0.0,
        "rss_start_mb": 320.98828125,
        "rss_end_mb": 321.00390625,
        "rss_delta_mb": 0.015625,
        "rss_peak_mb": 321.0078125,
        "cuda_start": {
          "cuda_available": false,
          "cuda_error": "ModuleNotFoundError: No module named 'torch'"
        },
        "cuda_end": {
          "cuda_available": false,
          "cuda_error": "ModuleNotFoundError: No module named 'torch'"
        }
      },
      {
        "name": "classic_set_modality_shapley_idx_52",
        "wall_time_s": 0.04621459997724742,
        "process_cpu_time_s": 0.046875,
        "process_cpu_util_percent": 101.42898569516498,
        "rss_start_mb": 320.98828125,
        "rss_end_mb": 321.00390625,
        "rss_delta_mb": 0.015625,
        "rss_peak_mb": 321.0078125,
        "cuda_start": {
          "cuda_available": false,
          "cuda_error": "ModuleNotFoundError: No module named 'torch'"
        },
        "cuda_end": {
          "cuda_available": false,
          "cuda_error": "ModuleNotFoundError: No module named 'torch'"
        }
      },
      {
        "name": "classic_set_modality_shapley_visualization_idx_52",
        "wall_time_s": 0.17542230000253767,
        "process_cpu_time_s": 0.1875,
        "process_cpu_util_percent": 106.88492853946596,
        "rss_start_mb": 320.98828125,
        "rss_end_mb": 322.94921875,
        "rss_delta_mb": 1.9609375,
        "rss_peak_mb": 324.83203125,
        "cuda_start": {
          "cuda_available": false,
          "cuda_error": "ModuleNotFoundError: No module named 'torch'"
        },
        "cuda_end": {
          "cuda_available": false,
          "cuda_error": "ModuleNotFoundError: No module named 'torch'"
        }
      },
      {
        "name": "classic_set_visualization_idx_52",
        "wall_time_s": 0.276488600007724,
        "process_cpu_time_s": 0.265625,
        "process_cpu_util_percent": 96.07086874199496,
        "rss_start_mb": 322.93359375,
        "rss_end_mb": 324.421875,
        "rss_delta_mb": 1.48828125,
        "rss_peak_mb": 327.703125,
        "cuda_start": {
          "cuda_available": false,
          "cuda_error": "ModuleNotFoundError: No module named 'torch'"
        },
        "cuda_end": {
          "cuda_available": false,
          "cuda_error": "ModuleNotFoundError: No module named 'torch'"
        }
      }
    ],
    "summary": {
      "count": 4,
      "total_wall_time_s": 0.5005518999823835,
      "mean_wall_time_s": 0.12513797499559587,
      "total_process_cpu_time_s": 0.5,
      "mean_process_cpu_util_percent": 76.09619574415647,
      "max_rss_peak_mb": 327.703125
    }
  },