{
  "index": 34,
  "target_genre": "Crime",
  "target_genres": [
    "Crime"
  ],
  "true_genres": [
    "Drama",
    "Thriller",
    "Crime",
    "Film-Noir"
  ],
  "predicted_genres": [
    "Crime",
    "Film-Noir",
    "Thriller",
    "Action",
    "Drama"
  ],
  "probability": 0.9893275267135352,
  "top_probabilities": {
    "Crime": 0.9893275499343872,
    "Film-Noir": 0.9377483129501343,
    "Thriller": 0.9321929216384888,
    "Action": 0.8019524216651917,
    "Drama": 0.5959860682487488
  },
  "target_selection": {
    "policy": "predicted",
    "target_indices": [
      4,
      22,
      3
    ],
    "target_genres": [
      "Crime",
      "Film-Noir",
      "Thriller"
    ],
    "all_selected_indices": [
      4,
      22,
      3,
      5,
      0
    ],
    "all_selected_genres": [
      "Crime",
      "Film-Noir",
      "Thriller",
      "Action",
      "Drama"
    ],
    "predicted_indices": [
      4,
      22,
      3,
      5,
      0
    ],
    "predicted_genres": [
      "Crime",
      "Film-Noir",
      "Thriller",
      "Action",
      "Drama"
    ],
    "threshold": [
      0.30000001192092896,
      0.44999998807907104,
      0.5,
      0.5,
      0.6000000238418579,
      0.550000011920929,
      0.6000000238418579,
      0.6000000238418579,
      0.6000000238418579,
      0.5,
      0.699999988079071,
      0.75,
      0.6000000238418579,
      0.699999988079071,
      0.6499999761581421,
      0.6000000238418579,
      0.6499999761581421,
      0.550000011920929,
      0.699999988079071,
      0.6000000238418579,
      0.6499999761581421,
      0.5,
      0.699999988079071
    ],
    "max_targets_per_sample": 3
  },
  "method": "linear_feature_contribution",
  "methods": [
    "linear_feature_contribution",
    "modality_shapley"
  ],
  "modality_shapley": {
    "method": "two_modality_shapley",
    "probability": {
      "values": {
        "blank": 0.19849919263820678,
        "text_only": 0.9830373220365654,
        "image_only": 0.2837420316350806,
        "both": 0.9893275267135352
      },
      "shapley": {
        "text": 0.7450618122384065,
        "image": 0.04576652183692183,
        "interaction": -0.07895263431990399,
        "blank_to_both_delta": 0.7908283340753284,
        "abs_total": 0.7908283340753284,
        "text_utilization": 0.9421283736748834,
        "image_utilization": 0.05787162632511653
      }
    },
    "logit": {
      "values": {
        "blank": -1.395700946557475,
        "text_only": 4.059631570223737,
        "image_only": -0.925974907025914,
        "both": 4.529357609755301
      },
      "shapley": {
        "text": 5.455332516781214,
        "image": 0.46972603953156267,
        "interaction": 3.3306690738754696e-15,
        "blank_to_both_delta": 5.925058556312776,
        "abs_total": 5.925058556312776,
        "text_utilization": 0.9207221270360106,
        "image_utilization": 0.07927787296398939
      }
    }
  },
  "intercept": -1.395700946557475,
  "text_logit_contribution": 5.455332516781214,
  "image_logit_contribution": 0.46972603953156356,
  "label_dependency_logit_contribution": 0.0,
  "top_text_features": [
    {
      "feature": "crime",
      "tfidf": 0.11273118108510971,
      "contribution": 0.7919010307799347
    },
    {
      "feature": "gangster",
      "tfidf": 0.1442863494157791,
      "contribution": 0.7299285176186513
    },
    {
      "feature": "cop",
      "tfidf": 0.1262170523405075,
      "contribution": 0.5684142147481213
    },
    {
      "feature": "detective",
      "tfidf": 0.11670973151922226,
      "contribution": 0.5323697901759897
    },
    {
      "feature": "eddie",
      "tfidf": 0.588819682598114,
      "contribution": 0.3797838277104857
    },
    {
      "feature": "is",
      "tfidf": 0.13530893623828888,
      "contribution": 0.2800410835830965
    },
    {
      "feature": "killer",
      "tfidf": 0.11218418926000595,
      "contribution": 0.26285617896847374
    },
    {
      "feature": "killed",
      "tfidf": 0.10055562108755112,
      "contribution": 0.24669227971350255
    },
    {
      "feature": "chris",
      "tfidf": 0.2912100553512573,
      "contribution": 0.24080650119743405
    },
    {
      "feature": "murderer",
      "tfidf": 0.1439223289489746,
      "contribution": 0.1780941726566021
    },
    {
      "feature": "refuses",
      "tfidf": 0.1266581118106842,
      "contribution": 0.17541132661023007
    },
    {
      "feature": "down",
      "tfidf": 0.0903732106089592,
      "contribution": 0.1479848839461112
    }
  ],
  "top_image_features": [
    {
      "feature": "top_right_G_hist_bin_1",
      "value": 2.2641782760620117,
      "contribution": -0.5781349108908188
    },
    {
      "feature": "thumbnail_y9_x20",
      "value": -1.4079068899154663,
      "contribution": 0.5098987419029686
    },
    {
      "feature": "thumbnail_y2_x16",
      "value": -1.4450198411941528,
      "contribution": 0.4994549904942258
    },
    {
      "feature": "thumbnail_y2_x15",
      "value": -1.4880077838897705,
      "contribution": -0.49477053978939817
    },
    {
      "feature": "thumbnail_y9_x30",
      "value": -0.8192165493965149,
      "contribution": -0.44417096730666433
    },
    {
      "feature": "thumbnail_y8_x20",
      "value": -1.2687901258468628,
      "contribution": -0.42907648790277314
    },
    {
      "feature": "thumbnail_y3_x17",
      "value": -1.4801065921783447,
      "contribution": -0.42198062069775544
    },
    {
      "feature": "top_right_B_hist_bin_2",
      "value": 5.389155864715576,
      "contribution": -0.39546970480826066
    },
    {
      "feature": "thumbnail_y1_x16",
      "value": -1.246673822402954,
      "contribution": -0.32464293973078584
    },
    {
      "feature": "top_right_G_hist_bin_2",
      "value": 5.440824508666992,
      "contribution": -0.32283533587091334
    },
    {
      "feature": "thumbnail_y1_x13",
      "value": -1.1292977333068848,
      "contribution": 0.3058761912564664
    },
    {
      "feature": "top_right_G_hist_bin_15",
      "value": -0.6161850690841675,
      "contribution": -0.298833059048037
    }
  ],
  "label_dependency_contributions": [],
  "performance": {
    "measurements": [
      {
        "name": "classic_modality_shapley_idx_34_Crime",
        "wall_time_s": 0.03680050000548363,
        "process_cpu_time_s": 0.03125,
        "process_cpu_util_percent": 84.91732448022024,
        "rss_start_mb": 368.359375,
        "rss_end_mb": 368.375,
        "rss_delta_mb": 0.015625,
        "rss_peak_mb": 368.37890625,
        "cuda_start": {
          "cuda_available": false,
          "cuda_error": "ModuleNotFoundError: No module named 'torch'"
        },
        "cuda_end": {
          "cuda_available": false,
          "cuda_error": "ModuleNotFoundError: No module named 'torch'"
        }
      },
      {
        "name": "classic_modality_shapley_visualization_idx_34_Crime",
        "wall_time_s": 0.11493239999981597,
        "process_cpu_time_s": 0.125,
        "process_cpu_util_percent": 108.75958389470692,
        "rss_start_mb": 368.359375,
        "rss_end_mb": 366.984375,
        "rss_delta_mb": -1.375,
        "rss_peak_mb": 368.8671875,
        "cuda_start": {
          "cuda_available": false,
          "cuda_error": "ModuleNotFoundError: No module named 'torch'"
        },
        "cuda_end": {
          "cuda_available": false,
          "cuda_error": "ModuleNotFoundError: No module named 'torch'"
        }
      },
      {
        "name": "classic_linear_contribution_idx_34_Crime",
        "wall_time_s": 0.0015085000195540488,
        "process_cpu_time_s": 0.0,
        "process_cpu_util_percent": 0.0,
        "rss_start_mb": 366.96875,
        "rss_end_mb": 366.984375,
        "rss_delta_mb": 0.015625,
        "rss_peak_mb": 366.98828125,
        "cuda_start": {
          "cuda_available": false,
          "cuda_error": "ModuleNotFoundError: No module named 'torch'"
        },