{
  "index": 67,
  "target_genre": "Drama",
  "target_genres": [
    "Drama"
  ],
  "true_genres": [
    "Drama",
    "Romance",
    "Crime",
    "Mystery",
    "Film-Noir"
  ],
  "predicted_genres": [
    "Drama",
    "Romance",
    "Comedy"
  ],
  "probability": 0.5981347560882568,
  "top_probabilities": {
    "Sport": 0.6210304498672485,
    "Drama": 0.5981347560882568,
    "Romance": 0.5891035199165344,
    "Comedy": 0.5716339945793152,
    "Biography": 0.5462110042572021
  },
  "threshold": [
    0.36000001430511475,
    0.44999998807907104,
    0.5,
    0.5899999737739563,
    0.5400000214576721,
    0.7599999904632568,
    0.6899999976158142,
    0.8199999928474426,
    0.7200000286102295,
    0.6299999952316284,
    0.7799999713897705,
    0.7400000095367432,
    0.8100000023841858,
    0.6000000238418579,
    0.8899999856948853,
    0.7599999904632568,
    0.550000011920929,
    0.8999999761581421,
    0.7799999713897705,
    0.9700000286102295,
    0.7699999809265137,
    0.8899999856948853,
    0.9399999976158142
  ],
  "target_selection": {
    "policy": "predicted",
    "target_indices": [
      0,
      2,
      1
    ],
    "target_genres": [
      "Drama",
      "Romance",
      "Comedy"
    ],
    "all_selected_indices": [
      0,
      2,
      1
    ],
    "all_selected_genres": [
      "Drama",
      "Romance",
      "Comedy"
    ],
    "predicted_indices": [
      0,
      2,
      1
    ],
    "predicted_genres": [
      "Drama",
      "Romance",
      "Comedy"
    ],
    "threshold": [
      0.36000001430511475,
      0.44999998807907104,
      0.5,
      0.5899999737739563,
      0.5400000214576721,
      0.7599999904632568,
      0.6899999976158142,
      0.8199999928474426,
      0.7200000286102295,
      0.6299999952316284,
      0.7799999713897705,
      0.7400000095367432,
      0.8100000023841858,
      0.6000000238418579,
      0.8899999856948853,
      0.7599999904632568,
      0.550000011920929,
      0.8999999761581421,
      0.7799999713897705,
      0.9700000286102295,
      0.7699999809265137,
      0.8899999856948853,
      0.9399999976158142
    ],
    "max_targets_per_sample": 3
  },
  "methods": [
    "IntegratedGradients_image_pixels",
    "image_occlusion_sensitivity",
    "experimental_label_correlation_head"
  ],
  "top_tokens": [],
  "gate_mean": null,
  "gate_std": null,
  "config": {
    "model_name": "neural_efficientnet_b0_image_only_unfrozen_lr1e4",
    "modality": "image_only",
    "text_encoder": "bigru_attention",
    "image_encoder": "efficientnet_b0",
    "fusion": "gmu",
    "hidden_dim": 256,
    "text_cnn_channels": 128,
    "text_cnn_kernels": [
      3,
      4,
      5
    ],
    "text_rnn_hidden_dim": 128,
    "text_rnn_layers": 1,
    "text_rnn_dropout": 0.2,
    "text_attention_dim": 128,
    "text_transformer_layers": 2,
    "text_transformer_heads": 6,
    "text_transformer_ff_dim": 512,
    "text_transformer_dropout": 0.1,
    "pretrained_image": false,
    "freeze_image_backbone": false,
    "batch_size": 16,
    "epochs": 10,
    "learning_rate": 0.0001,
    "weight_decay": 0.01,
    "num_workers": 0,
    "patience": 3,
    "threshold_metric": "macro_f1",
    "threshold_strategy": "per_label",
    "threshold_min": 0.01,
    "threshold_max": 0.99,
    "threshold_steps": 99,
    "loss": "bce",
    "focal_gamma": 2.0,
    "pos_weight_clip": null,
    "scheduler": "plateau",
    "scheduler_factor": 0.5,
    "scheduler_patience": 1,
    "min_learning_rate": 1e-06,
    "enable_label_correlation": true,
    "max_length": 512,
    "input_size": 224,
    "freeze_embeddings": false
  },
  "performance": {
    "measurements": [
      {
        "name": "neural_image_integrated_gradients_idx_67_Drama",
        "wall_time_s": 0.6993202249996102,
        "process_cpu_time_s": 0.7064802600002622,
        "process_cpu_util_percent": 101.02385641723089,
        "rss_start_mb": 3327.81640625,
        "rss_end_mb": 3383.5234375,
        "rss_delta_mb": 55.70703125,
        "rss_peak_mb": 3491.16796875,
        "cuda_start": {
          "cuda_available": false
        },
        "cuda_end": {
          "cuda_available": false
        }
      },
      {
        "name": "neural_image_ig_visualization_idx_67_Drama",
        "wall_time_s": 0.04938861899972835,
        "process_cpu_time_s": 0.020713708000130282,
        "process_cpu_util_percent": 41.940245383747644,
        "rss_start_mb": 3383.5234375,
        "rss_end_mb": 3383.5234375,
        "rss_delta_mb": 0.0,
        "rss_peak_mb": 3383.52734375,
        "cuda_start": {
          "cuda_available": false
        },
        "cuda_end": {
          "cuda_available": false
        }
      },
      {
        "name": "neural_image_occlusion_idx_67_Drama",
        "wall_time_s": 0.6189274869993824,
        "process_cpu_time_s": 0.6221561909997035,
        "process_cpu_util_percent": 100.52166111024962,
        "rss_start_mb": 3383.5234375,
        "rss_end_mb": 3383.5234375,
        "rss_delta_mb": 0.0,
        "rss_peak_mb": 3457.03125,
        "cuda_start": {
          "cuda_available": false
        },
        "cuda_end": {
          "cuda_available": false
        }
      },
      {
        "name": "neural_image_occlusion_visualization_idx_67_Drama",
        "wall_time_s": 0.03066295799908403,
        "process_cpu_time_s": 0.02134313899978224,
        "process_cpu_util_percent": 69.60561013200295,
        "rss_start_mb": 3383.5234375,
        "rss_end_mb": 3383.5234375,
        "rss_delta_mb": 0.0,
        "rss_peak_mb": 3383.52734375,
        "cuda_start": {
          "cuda_available": false
        },
        "cuda_end": {
          "cuda_available": false
        }
      }
    ],
    "summary": {
      "count": 4,
      "total_wall_time_s": 1.398299288997805,
      "mean_wall_time_s": 0.34957482224945124,
      "total_process_cpu_time_s": 1.3706932979998783,
      "mean_process_cpu_util_percent": 78.27284326080778,
      "max_rss_peak_mb": 3491.16796875
    }
  },
  "image_occlusion": {
    "baseline_probability": 0.5981347560882568,
    "baseline_logit": 0.3976993262767792,
    "grid_size": 4,
    "top_patches": [
      {
        "row": 2,
        "col": 3,
        "y0": 112,
        "y1": 168,
        "x0": 168,
        "x1": 224,
        "occluded_probability": 0.6356977224349976,
        "probability_delta": -0.03756296634674072,
        "occluded_logit": 0.5567392110824585,
        "logit_delta": -0.15903988480567932
      },
      {
        "row": 3,
        "col": 3,
        "y0": 168,
        "y1": 224,
        "x0": 168,
        "x1": 224,
        "occluded_probability": 0.631851851940155,
        "probability_delta": -0.03371709585189819,
        "occluded_logit": 0.5401696562767029,
        "logit_delta": -0.1424703299999237
      },
      {
        "row": 2,
        "col": 1,
        "y0": 112,
        "y1": 168,
        "x0": 56,
        "x1": 112,
        "occluded_probability": 0.6317155957221985,
        "probability_delta": -0.03358083963394165,
        "occluded_logit": 0.5395839214324951,
        "logit_delta": -0.14188459515571594
      },
      {
        "row": 2,
        "col": 2,
        "y0": 112,
        "y1": 168,
        "x0": 112,
        "x1": 168,
        "occluded_probability": 0.6242796778678894,
        "probability_delta": -0.02614492177963257,
        "occluded_logit": 0.5077533721923828,
        "logit_delta": -0.11005404591560364
      },
      {
        "row": 1,
        "col": 1,
        "y0": 56,
        "y1": 112,
        "x0": 56,
        "x1": 112,
        "occluded_probability": 0.5755111575126648,
        "probability_delta": 0.02262359857559204,
        "occluded_logit": 0.3043728768825531,
        "logit_delta": 0.09332644939422607
      },
      {
        "row": 0,
        "col": 2,
        "y0": 0,
        "y1": 56,
        "x0": 112,
        "x1": 168,
        "occluded_probability": 0.5766435861587524,
        "probability_delta": 0.021491169929504395,