{
  "index": 17058,
  "target_genre": "Comedy",
  "target_genres": [
    "Comedy"
  ],
  "true_genres": [
    "Comedy",
    "Action"
  ],
  "predicted_genres": [
    "Adventure",
    "Comedy",
    "Drama"
  ],
  "probability": 0.6776840547129998,
  "top_probabilities": {
    "Adventure": 0.7487338781356812,
    "Comedy": 0.6776840686798096,
    "Sport": 0.5679468512535095,
    "Music": 0.535399317741394,
    "Western": 0.5213781595230103
  },
  "target_selection": {
    "policy": "predicted",
    "target_indices": [
      6,
      1,
      0
    ],
    "target_genres": [
      "Adventure",
      "Comedy",
      "Drama"
    ],
    "all_selected_indices": [
      6,
      1,
      0
    ],
    "all_selected_genres": [
      "Adventure",
      "Comedy",
      "Drama"
    ],
    "predicted_indices": [
      6,
      1,
      0
    ],
    "predicted_genres": [
      "Adventure",
      "Comedy",
      "Drama"
    ],
    "threshold": [
      0.30000001192092896,
      0.44999998807907104,
      0.5,
      0.5,
      0.6000000238418579,
      0.550000011920929,
      0.6000000238418579,
      0.6000000238418579,
      0.6000000238418579,
      0.5,
      0.699999988079071,
      0.75,
      0.6000000238418579,
      0.699999988079071,
      0.6499999761581421,
      0.6000000238418579,
      0.6499999761581421,
      0.550000011920929,
      0.699999988079071,
      0.6000000238418579,
      0.6499999761581421,
      0.5,
      0.699999988079071
    ],
    "max_targets_per_sample": 3
  },
  "method": "linear_feature_contribution",
  "methods": [
    "linear_feature_contribution",
    "modality_shapley"
  ],
  "modality_shapley": {
    "method": "two_modality_shapley",
    "probability": {
      "values": {
        "blank": 0.46548381070372413,
        "text_only": 0.5230283532847899,
        "image_only": 0.625435829147965,
        "both": 0.6776840547129998
      },
      "shapley": {
        "text": 0.05489638407305025,
        "image": 0.15730385993622537,
        "interaction": -0.00529631701603106,
        "blank_to_both_delta": 0.21220024400927562,
        "abs_total": 0.21220024400927562,
        "text_utilization": 0.2587008527221611,
        "image_utilization": 0.741299147277839
      }
    },
    "logit": {
      "values": {
        "blank": -0.1382847008630071,
        "text_only": 0.09217862710404068,
        "image_only": 0.5126855943357365,
        "both": 0.7431489223027838
      },
      "shapley": {
        "text": 0.23046332796704758,
        "image": 0.6509702951987433,
        "interaction": -3.885780586188048e-16,
        "blank_to_both_delta": 0.8814336231657909,
        "abs_total": 0.8814336231657909,
        "text_utilization": 0.261464189599787,
        "image_utilization": 0.738535810400213
      }
    }
  },
  "intercept": -0.1382847008630071,
  "text_logit_contribution": 0.23046332796704772,
  "image_logit_contribution": 0.6509702951987435,
  "label_dependency_logit_contribution": 0.0,
  "top_text_features": [
    {
      "feature": "N",
      "tfidf": 0.14121823012828827,
      "contribution": -0.3991326435430002
    },
    {
      "feature": "past",
      "tfidf": 0.13099129498004913,
      "contribution": -0.3168277032660751
    },
    {
      "feature": "big",
      "tfidf": 0.13398770987987518,
      "contribution": 0.2514869106285166
    },
    {
      "feature": "been",
      "tfidf": 0.20123757421970367,
      "contribution": -0.18132069600360512
    },
    {
      "feature": "make",
      "tfidf": 0.1067347303032875,
      "contribution": 0.1480687113916478
    },
    {
      "feature": "little",
      "tfidf": 0.1251404583454132,
      "contribution": 0.13283156745739425
    },
    {
      "feature": "across",
      "tfidf": 0.14739832282066345,
      "contribution": 0.13251750927676154
    },
    {
      "feature": "up",
      "tfidf": 0.07855040580034256,
      "contribution": 0.1283202441791815
    },
    {
      "feature": "until",
      "tfidf": 0.12396223843097687,
      "contribution": 0.11872020951785174
    },
    {
      "feature": "less",
      "tfidf": 0.16725361347198486,
      "contribution": 0.11865242846126708
    },
    {
      "feature": "in",
      "tfidf": 0.07745926827192307,
      "contribution": -0.11591949878413454
    },
    {
      "feature": "elephant",
      "tfidf": 0.23979252576828003,
      "contribution": 0.11524152178951762
    }
  ],
  "top_image_features": [
    {
      "feature": "thumbnail_y17_x30",
      "value": -1.240713357925415,
      "contribution": -0.5908900132441532
    },
    {
      "feature": "thumbnail_y13_x4",
      "value": -1.4435652494430542,
      "contribution": 0.46456841153205763
    },
    {
      "feature": "thumbnail_y17_x31",
      "value": -1.203381061553955,
      "contribution": 0.43798292377697146
    },
    {
      "feature": "thumbnail_y19_x21",
      "value": -1.3366457223892212,
      "contribution": 0.3479758609309151
    },
    {
      "feature": "thumbnail_y17_x29",
      "value": -1.1914994716644287,
      "contribution": 0.3434301659122643
    },
    {
      "feature": "thumbnail_y17_x28",
      "value": -1.1651653051376343,
      "contribution": -0.3267870291638701
    },
    {
      "feature": "thumbnail_y19_x8",
      "value": -1.2223849296569824,
      "contribution": 0.32261267078953176
    },
    {
      "feature": "thumbnail_y16_x30",
      "value": -1.2878413200378418,
      "contribution": 0.27573745562854685
    },
    {
      "feature": "thumbnail_y13_x3",
      "value": -0.8554771542549133,
      "contribution": -0.26477762359475515
    },
    {
      "feature": "thumbnail_y19_x4",
      "value": -1.1962872743606567,
      "contribution": -0.2615502577907263
    },
    {
      "feature": "thumbnail_y12_x28",
      "value": 1.1766091585159302,
      "contribution": 0.25870770319606756
    },
    {
      "feature": "thumbnail_y19_x5",
      "value": -1.2087981700897217,
      "contribution": 0.2579344895147606
    }
  ],
  "label_dependency_contributions": [],
  "performance": {
    "measurements": [
      {
        "name": "classic_modality_shapley_idx_17058_Comedy",
        "wall_time_s": 0.025875192000057723,
        "process_cpu_time_s": 0.026232252999999872,
        "process_cpu_util_percent": 101.3799356539706,
        "rss_start_mb": 1051.5625,
        "rss_end_mb": 1051.5625,
        "rss_delta_mb": 0.0,
        "rss_peak_mb": 1051.56640625,
        "cuda_start": {
          "cuda_available": true,
          "cuda_device": "NVIDIA A100-SXM4-40GB",
          "cuda_allocated_mb": 0.0,
          "cuda_reserved_mb": 0.0,
          "cuda_peak_allocated_mb": 0.0,
          "cuda_peak_reserved_mb": 0.0
        },
        "cuda_end": {
          "cuda_available": true,
          "cuda_device": "NVIDIA A100-SXM4-40GB",
          "cuda_allocated_mb": 0.0,
          "cuda_reserved_mb": 0.0,
          "cuda_peak_allocated_mb": 0.0,
          "cuda_peak_reserved_mb": 0.0
        }
      },
      {
        "name": "classic_modality_shapley_visualization_idx_17058_Comedy",
        "wall_time_s": 0.13492318200007958,
        "process_cpu_time_s": 0.12962288700000002,
        "process_cpu_util_percent": 96.07162022010685,
        "rss_start_mb": 1051.5625,
        "rss_end_mb": 1051.7109375,
        "rss_delta_mb": 0.1484375,
        "rss_peak_mb": 1051.7109375,
        "cuda_start": {
          "cuda_available": true,
          "cuda_device": "NVIDIA A100-SXM4-40GB",
          "cuda_allocated_mb": 0.0,
          "cuda_reserved_mb": 0.0,
          "cuda_peak_allocated_mb": 0.0,
          "cuda_peak_reserved_mb": 0.0
        },
        "cuda_end": {
          "cuda_available": true,
          "cuda_device": "NVIDIA A100-SXM4-40GB",
          "cuda_allocated_mb": 0.0,
          "cuda_reserved_mb": 0.0,
          "cuda_peak_allocated_mb": 0.0,
          "cuda_peak_reserved_mb": 0.0
        }
      },
      {
        "name": "classic_linear_contribution_idx_17058_Comedy",
        "wall_time_s": 0.0011424550000356248,