{
  "index": 40,
  "target_genre": "Crime",
  "target_genres": [
    "Crime"
  ],
  "true_genres": [
    "Drama",
    "Thriller",
    "Crime",
    "Film-Noir"
  ],
  "predicted_genres": [
    "Film-Noir",
    "Crime",
    "Mystery",
    "Thriller",
    "Romance",
    "Drama"
  ],
  "probability": 0.8442522883415222,
  "top_probabilities": {
    "Film-Noir": 0.9707868695259094,
    "Crime": 0.8442522883415222,
    "Mystery": 0.820979118347168,
    "Thriller": 0.773943305015564,
    "Romance": 0.6486096382141113
  },
  "threshold": [
    0.36000001430511475,
    0.44999998807907104,
    0.5,
    0.5899999737739563,
    0.5400000214576721,
    0.7599999904632568,
    0.6899999976158142,
    0.8199999928474426,
    0.7200000286102295,
    0.6299999952316284,
    0.7799999713897705,
    0.7400000095367432,
    0.8100000023841858,
    0.6000000238418579,
    0.8899999856948853,
    0.7599999904632568,
    0.550000011920929,
    0.8999999761581421,
    0.7799999713897705,
    0.9700000286102295,
    0.7699999809265137,
    0.8899999856948853,
    0.9399999976158142
  ],
  "target_selection": {
    "policy": "predicted",
    "target_indices": [
      22,
      4,
      9
    ],
    "target_genres": [
      "Film-Noir",
      "Crime",
      "Mystery"
    ],
    "all_selected_indices": [
      22,
      4,
      9,
      3,
      2,
      0
    ],
    "all_selected_genres": [
      "Film-Noir",
      "Crime",
      "Mystery",
      "Thriller",
      "Romance",
      "Drama"
    ],
    "predicted_indices": [
      22,
      4,
      9,
      3,
      2,
      0
    ],
    "predicted_genres": [
      "Film-Noir",
      "Crime",
      "Mystery",
      "Thriller",
      "Romance",
      "Drama"
    ],
    "threshold": [
      0.36000001430511475,
      0.44999998807907104,
      0.5,
      0.5899999737739563,
      0.5400000214576721,
      0.7599999904632568,
      0.6899999976158142,
      0.8199999928474426,
      0.7200000286102295,
      0.6299999952316284,
      0.7799999713897705,
      0.7400000095367432,
      0.8100000023841858,
      0.6000000238418579,
      0.8899999856948853,
      0.7599999904632568,
      0.550000011920929,
      0.8999999761581421,
      0.7799999713897705,
      0.9700000286102295,
      0.7699999809265137,
      0.8899999856948853,
      0.9399999976158142
    ],
    "max_targets_per_sample": 3
  },
  "methods": [
    "IntegratedGradients_image_pixels",
    "image_occlusion_sensitivity",
    "experimental_label_correlation_head"
  ],
  "top_tokens": [],
  "gate_mean": null,
  "gate_std": null,
  "config": {
    "model_name": "neural_efficientnet_b0_image_only_unfrozen_lr1e4",
    "modality": "image_only",
    "text_encoder": "bigru_attention",
    "image_encoder": "efficientnet_b0",
    "fusion": "gmu",
    "hidden_dim": 256,
    "text_cnn_channels": 128,
    "text_cnn_kernels": [
      3,
      4,
      5
    ],
    "text_rnn_hidden_dim": 128,
    "text_rnn_layers": 1,
    "text_rnn_dropout": 0.2,
    "text_attention_dim": 128,
    "text_transformer_layers": 2,
    "text_transformer_heads": 6,
    "text_transformer_ff_dim": 512,
    "text_transformer_dropout": 0.1,
    "pretrained_image": false,
    "freeze_image_backbone": false,
    "batch_size": 16,
    "epochs": 10,
    "learning_rate": 0.0001,
    "weight_decay": 0.01,
    "num_workers": 0,
    "patience": 3,
    "threshold_metric": "macro_f1",
    "threshold_strategy": "per_label",
    "threshold_min": 0.01,
    "threshold_max": 0.99,
    "threshold_steps": 99,
    "loss": "bce",
    "focal_gamma": 2.0,
    "pos_weight_clip": null,
    "scheduler": "plateau",
    "scheduler_factor": 0.5,
    "scheduler_patience": 1,
    "min_learning_rate": 1e-06,
    "enable_label_correlation": true,
    "max_length": 512,
    "input_size": 224,
    "freeze_embeddings": false
  },
  "performance": {
    "measurements": [
      {
        "name": "neural_image_integrated_gradients_idx_40_Crime",
        "wall_time_s": 0.6933516449989838,
        "process_cpu_time_s": 0.6995340819999001,
        "process_cpu_util_percent": 100.89167409430829,
        "rss_start_mb": 3327.7578125,
        "rss_end_mb": 3359.921875,
        "rss_delta_mb": 32.1640625,
        "rss_peak_mb": 3492.83203125,
        "cuda_start": {
          "cuda_available": false
        },
        "cuda_end": {
          "cuda_available": false
        }
      },
      {
        "name": "neural_image_ig_visualization_idx_40_Crime",
        "wall_time_s": 0.029637399000421283,
        "process_cpu_time_s": 0.01943945699986216,
        "process_cpu_util_percent": 65.59096835584606,
        "rss_start_mb": 3359.921875,
        "rss_end_mb": 3359.921875,
        "rss_delta_mb": 0.0,
        "rss_peak_mb": 3359.92578125,
        "cuda_start": {
          "cuda_available": false
        },
        "cuda_end": {
          "cuda_available": false
        }
      },
      {
        "name": "neural_image_occlusion_idx_40_Crime",
        "wall_time_s": 0.5846787270002096,
        "process_cpu_time_s": 0.5895838450001065,
        "process_cpu_util_percent": 100.83894244366705,
        "rss_start_mb": 3359.921875,
        "rss_end_mb": 3359.921875,
        "rss_delta_mb": 0.0,
        "rss_peak_mb": 3433.4296875,
        "cuda_start": {
          "cuda_available": false
        },
        "cuda_end": {
          "cuda_available": false
        }
      },
      {
        "name": "neural_image_occlusion_visualization_idx_40_Crime",
        "wall_time_s": 0.029682669000976603,
        "process_cpu_time_s": 0.0200822279998647,
        "process_cpu_util_percent": 67.6564091969087,
        "rss_start_mb": 3359.921875,
        "rss_end_mb": 3359.921875,
        "rss_delta_mb": 0.0,
        "rss_peak_mb": 3359.92578125,
        "cuda_start": {
          "cuda_available": false
        },
        "cuda_end": {
          "cuda_available": false
        }
      }
    ],
    "summary": {
      "count": 4,
      "total_wall_time_s": 1.3373504400005913,
      "mean_wall_time_s": 0.33433761000014783,
      "total_process_cpu_time_s": 1.3286396119997335,
      "mean_process_cpu_util_percent": 83.74449852268252,
      "max_rss_peak_mb": 3492.83203125
    }
  },
  "image_occlusion": {
    "baseline_probability": 0.8442522883415222,
    "baseline_logit": 1.6902140378952026,
    "grid_size": 4,
    "top_patches": [
      {
        "row": 2,
        "col": 0,
        "y0": 112,
        "y1": 168,
        "x0": 0,
        "x1": 56,
        "occluded_probability": 0.762699544429779,
        "probability_delta": 0.08155274391174316,
        "occluded_logit": 1.1675370931625366,
        "logit_delta": 0.522676944732666
      },
      {
        "row": 0,
        "col": 0,
        "y0": 0,
        "y1": 56,
        "x0": 0,
        "x1": 56,
        "occluded_probability": 0.8032026886940002,
        "probability_delta": 0.04104959964752197,
        "occluded_logit": 1.4064329862594604,
        "logit_delta": 0.2837810516357422
      },
      {
        "row": 3,
        "col": 3,
        "y0": 168,
        "y1": 224,
        "x0": 168,
        "x1": 224,
        "occluded_probability": 0.8837891817092896,
        "probability_delta": -0.039536893367767334,
        "occluded_logit": 2.0288124084472656,
        "logit_delta": -0.338598370552063
      },
      {
        "row": 2,
        "col": 3,
        "y0": 112,
        "y1": 168,
        "x0": 168,
        "x1": 224,
        "occluded_probability": 0.8831936717033386,
        "probability_delta": -0.038941383361816406,
        "occluded_logit": 2.023026943206787,
        "logit_delta": -0.3328129053115845
      },
      {
        "row": 1,
        "col": 2,
        "y0": 56,
        "y1": 112,
        "x0": 112,
        "x1": 168,
        "occluded_probability": 0.8761647343635559,
        "probability_delta": -0.03191244602203369,
        "occluded_logit": 1.9566023349761963,
        "logit_delta": -0.26638829708099365
      },
      {
        "row": 0,
        "col": 3,
        "y0": 0,
        "y1": 56,