{
  "index": 6414,
  "target_genre": "Mystery",
  "target_genres": [
    "Mystery"
  ],
  "true_genres": [
    "Thriller",
    "Mystery"
  ],
  "predicted_genres": [
    "Horror",
    "Mystery",
    "Thriller",
    "Crime"
  ],
  "probability": 0.966878482253999,
  "top_probabilities": {
    "Horror": 0.9755389094352722,
    "Mystery": 0.9668784737586975,
    "Thriller": 0.9564021229743958,
    "Crime": 0.8064792156219482,
    "Sci-Fi": 0.6526858806610107
  },
  "target_selection": {
    "policy": "predicted",
    "target_indices": [
      7,
      9,
      3
    ],
    "target_genres": [
      "Horror",
      "Mystery",
      "Thriller"
    ],
    "all_selected_indices": [
      7,
      9,
      3,
      4
    ],
    "all_selected_genres": [
      "Horror",
      "Mystery",
      "Thriller",
      "Crime"
    ],
    "predicted_indices": [
      7,
      9,
      3,
      4
    ],
    "predicted_genres": [
      "Horror",
      "Mystery",
      "Thriller",
      "Crime"
    ],
    "threshold": [
      0.30000001192092896,
      0.44999998807907104,
      0.5,
      0.5,
      0.6000000238418579,
      0.550000011920929,
      0.6000000238418579,
      0.6000000238418579,
      0.6000000238418579,
      0.5,
      0.699999988079071,
      0.75,
      0.6000000238418579,
      0.699999988079071,
      0.6499999761581421,
      0.6000000238418579,
      0.6499999761581421,
      0.550000011920929,
      0.699999988079071,
      0.6000000238418579,
      0.6499999761581421,
      0.5,
      0.699999988079071
    ],
    "max_targets_per_sample": 3
  },
  "method": "linear_feature_contribution",
  "methods": [
    "linear_feature_contribution",
    "modality_shapley"
  ],
  "modality_shapley": {
    "method": "two_modality_shapley",
    "probability": {
      "values": {
        "blank": 0.10581774089238796,
        "text_only": 0.9412756908418578,
        "image_only": 0.17730938340718436,
        "both": 0.966878482253999
      },
      "shapley": {
        "text": 0.8125135243981423,
        "image": 0.04854721696346878,
        "interaction": -0.045888851102655226,
        "blank_to_both_delta": 0.861060741361611,
        "abs_total": 0.861060741361611,
        "text_utilization": 0.9436192888242703,
        "image_utilization": 0.05638071117572981
      }
    },
    "logit": {
      "values": {
        "blank": -2.134191434983072,
        "text_only": 2.7743823066692475,
        "image_only": -1.5346840729073206,
        "both": 3.3738896687449946
      },
      "shapley": {
        "text": 4.908573741652317,
        "image": 0.5995073620757494,
        "interaction": -4.440892098500626e-15,
        "blank_to_both_delta": 5.508081103728067,
        "abs_total": 5.508081103728067,
        "text_utilization": 0.8911585812216923,
        "image_utilization": 0.10884141877830762
      }
    }
  },
  "intercept": -2.134191434983072,
  "text_logit_contribution": 4.90857374165232,
  "image_logit_contribution": 0.5995073620757506,
  "label_dependency_logit_contribution": 0.0,
  "top_text_features": [
    {
      "feature": "detective",
      "tfidf": 0.12331152707338333,
      "contribution": 0.6854573086672634
    },
    {
      "feature": "the",
      "tfidf": 0.23430772125720978,
      "contribution": 0.5434718591026297
    },
    {
      "feature": "killer",
      "tfidf": 0.11852999776601791,
      "contribution": 0.48114058235757684
    },
    {
      "feature": "suspect",
      "tfidf": 0.1395963877439499,
      "contribution": 0.4551327548698151
    },
    {
      "feature": "that",
      "tfidf": 0.16040852665901184,
      "contribution": 0.358167163073673
    },
    {
      "feature": "is",
      "tfidf": 0.08935175836086273,
      "contribution": 0.32817366105931556
    },
    {
      "feature": "investigation",
      "tfidf": 0.06798975169658661,
      "contribution": 0.29802832125208434
    },
    {
      "feature": "he",
      "tfidf": 0.19805821776390076,
      "contribution": 0.2553008333327977
    },
    {
      "feature": "mysterious",
      "tfidf": 0.05670544132590294,
      "contribution": 0.2551921934920313
    },
    {
      "feature": "had",
      "tfidf": 0.09506383538246155,
      "contribution": 0.22298000433186305
    },
    {
      "feature": "brandt",
      "tfidf": 0.5546189546585083,
      "contribution": -0.21927612831348683
    },
    {
      "feature": "claire",
      "tfidf": 0.08199242502450943,
      "contribution": 0.20110674038089962
    }
  ],
  "top_image_features": [
    {
      "feature": "thumbnail_y6_x2",
      "value": -1.285224199295044,
      "contribution": 1.1197946271730572
    },
    {
      "feature": "thumbnail_y6_x1",
      "value": -1.3020131587982178,
      "contribution": -1.064951071388343
    },
    {
      "feature": "thumbnail_y6_x0",
      "value": -1.3433587551116943,
      "contribution": 1.023755327173879
    },
    {
      "feature": "thumbnail_y19_x7",
      "value": -1.2797062397003174,
      "contribution": 0.9609303694232668
    },
    {
      "feature": "thumbnail_y0_x3",
      "value": -1.494381070137024,
      "contribution": 0.9113867035155637
    },
    {
      "feature": "thumbnail_y19_x8",
      "value": -1.2839605808258057,
      "contribution": -0.8183149501319475
    },
    {
      "feature": "thumbnail_y19_x13",
      "value": -1.32984459400177,
      "contribution": -0.8051685845329251
    },
    {
      "feature": "thumbnail_y18_x17",
      "value": -1.3870635032653809,
      "contribution": 0.7990326094923624
    },
    {
      "feature": "thumbnail_y0_x27",
      "value": 1.2535806894302368,
      "contribution": -0.7597745363985945
    },
    {
      "feature": "thumbnail_y1_x8",
      "value": -1.1392216682434082,
      "contribution": 0.7399511096867359
    },
    {
      "feature": "thumbnail_y3_x3",
      "value": -1.3738566637039185,
      "contribution": -0.7203661524142094
    },
    {
      "feature": "thumbnail_y11_x27",
      "value": -1.5043385028839111,
      "contribution": -0.6849818038570203
    }
  ],
  "label_dependency_contributions": [],
  "performance": {
    "measurements": [
      {
        "name": "classic_modality_shapley_idx_6414_Mystery",
        "wall_time_s": 0.0254135000000133,
        "process_cpu_time_s": 0.025549104999999628,
        "process_cpu_util_percent": 100.53359434940586,
        "rss_start_mb": 1064.58203125,
        "rss_end_mb": 1064.58203125,
        "rss_delta_mb": 0.0,
        "rss_peak_mb": 1064.5859375,
        "cuda_start": {
          "cuda_available": true,
          "cuda_device": "NVIDIA A100-SXM4-40GB",
          "cuda_allocated_mb": 0.0,
          "cuda_reserved_mb": 0.0,
          "cuda_peak_allocated_mb": 0.0,
          "cuda_peak_reserved_mb": 0.0
        },
        "cuda_end": {
          "cuda_available": true,
          "cuda_device": "NVIDIA A100-SXM4-40GB",
          "cuda_allocated_mb": 0.0,
          "cuda_reserved_mb": 0.0,
          "cuda_peak_allocated_mb": 0.0,
          "cuda_peak_reserved_mb": 0.0
        }
      },
      {
        "name": "classic_modality_shapley_visualization_idx_6414_Mystery",
        "wall_time_s": 0.13108410999996067,
        "process_cpu_time_s": 0.12499699799999675,
        "process_cpu_util_percent": 95.35633113733941,
        "rss_start_mb": 1064.58203125,
        "rss_end_mb": 1064.71484375,
        "rss_delta_mb": 0.1328125,
        "rss_peak_mb": 1064.71875,
        "cuda_start": {
          "cuda_available": true,
          "cuda_device": "NVIDIA A100-SXM4-40GB",
          "cuda_allocated_mb": 0.0,
          "cuda_reserved_mb": 0.0,
          "cuda_peak_allocated_mb": 0.0,
          "cuda_peak_reserved_mb": 0.0
        },
        "cuda_end": {
          "cuda_available": true,
          "cuda_device": "NVIDIA A100-SXM4-40GB",
          "cuda_allocated_mb": 0.0,
          "cuda_reserved_mb": 0.0,
          "cuda_peak_allocated_mb": 0.0,
          "cuda_peak_reserved_mb": 0.0
        }
      },
      {
        "name": "classic_linear_contribution_idx_6414_Mystery",