{
  "index": 46,
  "target_genre": "Film-Noir",
  "target_genres": [
    "Film-Noir"
  ],
  "true_genres": [
    "Drama",
    "Thriller",
    "Crime",
    "Mystery",
    "Film-Noir"
  ],
  "predicted_genres": [
    "Film-Noir",
    "Drama",
    "War",
    "Mystery",
    "Thriller",
    "Crime"
  ],
  "probability": 0.9635820428619426,
  "top_probabilities": {
    "Film-Noir": 0.9635820388793945,
    "Drama": 0.8427637219429016,
    "War": 0.7824780941009521,
    "Mystery": 0.7384094595909119,
    "Thriller": 0.7379939556121826
  },
  "target_selection": {
    "policy": "predicted",
    "target_indices": [
      22,
      0,
      14
    ],
    "target_genres": [
      "Film-Noir",
      "Drama",
      "War"
    ],
    "all_selected_indices": [
      22,
      0,
      14,
      9,
      3,
      4
    ],
    "all_selected_genres": [
      "Film-Noir",
      "Drama",
      "War",
      "Mystery",
      "Thriller",
      "Crime"
    ],
    "predicted_indices": [
      22,
      0,
      14,
      9,
      3,
      4
    ],
    "predicted_genres": [
      "Film-Noir",
      "Drama",
      "War",
      "Mystery",
      "Thriller",
      "Crime"
    ],
    "threshold": [
      0.30000001192092896,
      0.44999998807907104,
      0.5,
      0.5,
      0.6000000238418579,
      0.550000011920929,
      0.6000000238418579,
      0.6000000238418579,
      0.6000000238418579,
      0.5,
      0.699999988079071,
      0.75,
      0.6000000238418579,
      0.699999988079071,
      0.6499999761581421,
      0.6000000238418579,
      0.6499999761581421,
      0.550000011920929,
      0.699999988079071,
      0.6000000238418579,
      0.6499999761581421,
      0.5,
      0.699999988079071
    ],
    "max_targets_per_sample": 3
  },
  "method": "linear_feature_contribution",
  "methods": [
    "linear_feature_contribution",
    "modality_shapley"
  ],
  "modality_shapley": {
    "method": "two_modality_shapley",
    "probability": {
      "values": {
        "blank": 0.0016041584260689514,
        "text_only": 0.01058532745528738,
        "image_only": 0.7989411735928282,
        "both": 0.9635820428619426
      },
      "shapley": {
        "text": 0.08681101914916639,
        "image": 0.8751668652867073,
        "interaction": 0.15565970023989592,
        "blank_to_both_delta": 0.9619778844358736,
        "abs_total": 0.9619778844358737,
        "text_utilization": 0.09024221923778881,
        "image_utilization": 0.9097577807622111
      }
    },
    "logit": {
      "values": {
        "blank": -6.433550558579656,
        "text_only": -4.53764468852998,
        "image_only": 1.379689784083208,
        "both": 3.2755956541328715
      },
      "shapley": {
        "text": 1.8959058700496696,
        "image": 7.813240342662858,
        "interaction": -1.2434497875801753e-14,
        "blank_to_both_delta": 9.709146212712527,
        "abs_total": 9.709146212712527,
        "text_utilization": 0.1952700915727578,
        "image_utilization": 0.8047299084272422
      }
    }
  },
  "intercept": -6.433550558579656,
  "text_logit_contribution": 1.8959058700496751,
  "image_logit_contribution": 7.813240342662864,
  "label_dependency_logit_contribution": 0.0,
  "top_text_features": [
    {
      "feature": "him",
      "tfidf": 0.10103853046894073,
      "contribution": 0.23216678822373207
    },
    {
      "feature": "kills",
      "tfidf": 0.11397377401590347,
      "contribution": 0.19525807029108036
    },
    {
      "feature": "to",
      "tfidf": 0.07907456159591675,
      "contribution": 0.176980890614665
    },
    {
      "feature": "respectable",
      "tfidf": 0.16966603696346283,
      "contribution": 0.17689499603522865
    },
    {
      "feature": "elude",
      "tfidf": 0.1767723560333252,
      "contribution": 0.1704575512853521
    },
    {
      "feature": "but",
      "tfidf": 0.13445061445236206,
      "contribution": 0.15925207427967722
    },
    {
      "feature": "is",
      "tfidf": 0.15889090299606323,
      "contribution": 0.13698219017556848
    },
    {
      "feature": "investigator",
      "tfidf": 0.14231067895889282,
      "contribution": 0.13434815805677633
    },
    {
      "feature": "wife",
      "tfidf": 0.07286476343870163,
      "contribution": 0.12698379629890752
    },
    {
      "feature": "he",
      "tfidf": 0.039133284240961075,
      "contribution": 0.1207303481783297
    },
    {
      "feature": "nazi",
      "tfidf": 0.1286129355430603,
      "contribution": 0.10654053949516941
    },
    {
      "feature": "old",
      "tfidf": 0.07012021541595459,
      "contribution": -0.10411186038292379
    }
  ],
  "top_image_features": [
    {
      "feature": "bottom_left_G_hist_bin_5",
      "value": 6.787082195281982,
      "contribution": 1.711080897756994
    },
    {
      "feature": "bottom_right_B_hist_bin_9",
      "value": 3.0347037315368652,
      "contribution": 1.6068435368669816
    },
    {
      "feature": "bottom_right_B_hist_bin_7",
      "value": 8.277469635009766,
      "contribution": 1.6051341954458125
    },
    {
      "feature": "bottom_right_G_hist_bin_5",
      "value": 4.264873027801514,
      "contribution": -1.5707494205553683
    },
    {
      "feature": "thumbnail_y5_x5",
      "value": -0.8059505820274353,
      "contribution": 1.434651025840354
    },
    {
      "feature": "thumbnail_y1_x31",
      "value": 0.9228436350822449,
      "contribution": -1.3815894223142218
    },
    {
      "feature": "thumbnail_y2_x8",
      "value": -1.1153532266616821,
      "contribution": 1.2885090114984468
    },
    {
      "feature": "thumbnail_y3_x22",
      "value": -1.1110106706619263,
      "contribution": -1.26642047830094
    },
    {
      "feature": "thumbnail_y0_x31",
      "value": 0.8564417958259583,
      "contribution": 1.2652862385712216
    },
    {
      "feature": "thumbnail_y1_x8",
      "value": -1.1392216682434082,
      "contribution": -1.2606074284462456
    },
    {
      "feature": "thumbnail_y2_x12",
      "value": -1.1631219387054443,
      "contribution": -1.1869171187820677
    },
    {
      "feature": "thumbnail_y3_x23",
      "value": -1.0677307844161987,
      "contribution": 1.1450635907374052
    }
  ],
  "label_dependency_contributions": [],
  "performance": {
    "measurements": [
      {
        "name": "classic_modality_shapley_idx_46_Film-Noir",
        "wall_time_s": 0.029357299994444475,
        "process_cpu_time_s": 0.03125,
        "process_cpu_util_percent": 106.44711879469058,
        "rss_start_mb": 347.94921875,
        "rss_end_mb": 347.96484375,
        "rss_delta_mb": 0.015625,
        "rss_peak_mb": 347.96875,
        "cuda_start": {
          "cuda_available": false,
          "cuda_error": "ModuleNotFoundError: No module named 'torch'"
        },
        "cuda_end": {
          "cuda_available": false,
          "cuda_error": "ModuleNotFoundError: No module named 'torch'"
        }
      },
      {
        "name": "classic_modality_shapley_visualization_idx_46_Film-Noir",
        "wall_time_s": 0.1075328000006266,
        "process_cpu_time_s": 0.109375,
        "process_cpu_util_percent": 101.71315170753729,
        "rss_start_mb": 347.94921875,
        "rss_end_mb": 346.5625,
        "rss_delta_mb": -1.38671875,
        "rss_peak_mb": 348.4453125,
        "cuda_start": {
          "cuda_available": false,
          "cuda_error": "ModuleNotFoundError: No module named 'torch'"
        },
        "cuda_end": {
          "cuda_available": false,
          "cuda_error": "ModuleNotFoundError: No module named 'torch'"
        }
      },
      {
        "name": "classic_linear_contribution_idx_46_Film-Noir",
        "wall_time_s": 0.0022450000105891377,
        "process_cpu_time_s": 0.0,
        "process_cpu_util_percent": 0.0,
        "rss_start_mb": 346.546875,
        "rss_end_mb": 346.5625,
        "rss_delta_mb": 0.015625,
        "rss_peak_mb": 346.56640625,
        "cuda_start": {
          "cuda_available": false,