{
  "index": 52,
  "target_genre": "Film-Noir",
  "target_genres": [
    "Film-Noir"
  ],
  "true_genres": [
    "Drama",
    "Crime",
    "Film-Noir"
  ],
  "predicted_genres": [
    "Crime",
    "Film-Noir",
    "Thriller",
    "Action",
    "Mystery",
    "War",
    "Drama"
  ],
  "probability": 0.9322813356143901,
  "top_probabilities": {
    "Crime": 0.9827544093132019,
    "Film-Noir": 0.9322813153266907,
    "Thriller": 0.924176812171936,
    "Action": 0.7944008111953735,
    "Mystery": 0.7629610896110535
  },
  "target_selection": {
    "policy": "predicted",
    "target_indices": [
      4,
      22,
      3
    ],
    "target_genres": [
      "Crime",
      "Film-Noir",
      "Thriller"
    ],
    "all_selected_indices": [
      4,
      22,
      3,
      5,
      9,
      14,
      0
    ],
    "all_selected_genres": [
      "Crime",
      "Film-Noir",
      "Thriller",
      "Action",
      "Mystery",
      "War",
      "Drama"
    ],
    "predicted_indices": [
      4,
      22,
      3,
      5,
      9,
      14,
      0
    ],
    "predicted_genres": [
      "Crime",
      "Film-Noir",
      "Thriller",
      "Action",
      "Mystery",
      "War",
      "Drama"
    ],
    "threshold": [
      0.30000001192092896,
      0.44999998807907104,
      0.5,
      0.5,
      0.6000000238418579,
      0.550000011920929,
      0.6000000238418579,
      0.6000000238418579,
      0.6000000238418579,
      0.5,
      0.699999988079071,
      0.75,
      0.6000000238418579,
      0.699999988079071,
      0.6499999761581421,
      0.6000000238418579,
      0.6499999761581421,
      0.550000011920929,
      0.699999988079071,
      0.6000000238418579,
      0.6499999761581421,
      0.5,
      0.699999988079071
    ],
    "max_targets_per_sample": 3
  },
  "method": "linear_feature_contribution",
  "methods": [
    "linear_feature_contribution",
    "modality_shapley"
  ],
  "modality_shapley": {
    "method": "two_modality_shapley",
    "probability": {
      "values": {
        "blank": 0.0016041584260689514,
        "text_only": 0.08416779908139486,
        "image_only": 0.19399508529339865,
        "both": 0.9322813356143901
      },
      "shapley": {
        "text": 0.4104249454881587,
        "image": 0.5202522317001624,
        "interaction": 0.6557226096656655,
        "blank_to_both_delta": 0.9306771771883211,
        "abs_total": 0.9306771771883211,
        "text_utilization": 0.4409960355191023,
        "image_utilization": 0.5590039644808977
      }
    },
    "logit": {
      "values": {
        "blank": -6.433550558579656,
        "text_only": -2.387020746734094,
        "image_only": -1.4242570149356615,
        "both": 2.6222727969098987
      },
      "shapley": {
        "text": 4.046529811845561,
        "image": 5.009293543643993,
        "interaction": -1.7763568394002505e-15,
        "blank_to_both_delta": 9.055823355489554,
        "abs_total": 9.055823355489554,
        "text_utilization": 0.4468428383590977,
        "image_utilization": 0.5531571616409022
      }
    }
  },
  "intercept": -6.433550558579656,
  "text_logit_contribution": 4.046529811845561,
  "image_logit_contribution": 5.009293543643997,
  "label_dependency_logit_contribution": 0.0,
  "top_text_features": [
    {
      "feature": "involved",
      "tfidf": 0.1690809726715088,
      "contribution": 0.5171095541370472
    },
    {
      "feature": "rome",
      "tfidf": 0.5456048846244812,
      "contribution": 0.4505704746248592
    },
    {
      "feature": "police",
      "tfidf": 0.0676794946193695,
      "contribution": 0.3920788206063879
    },
    {
      "feature": "murder",
      "tfidf": 0.07426497340202332,
      "contribution": 0.3330749318282591
    },
    {
      "feature": "he",
      "tfidf": 0.0911603718996048,
      "contribution": 0.2812394526290599
    },
    {
      "feature": "crime",
      "tfidf": 0.08223281055688858,
      "contribution": 0.26210135261101164
    },
    {
      "feature": "to",
      "tfidf": 0.10233496874570847,
      "contribution": 0.22904121811248362
    },
    {
      "feature": "detective",
      "tfidf": 0.17027001082897186,
      "contribution": 0.2223785168765375
    },
    {
      "feature": "gangster",
      "tfidf": 0.1052510216832161,
      "contribution": 0.21658663061833147
    },
    {
      "feature": "of",
      "tfidf": 0.08356541395187378,
      "contribution": -0.15531681021525015
    },
    {
      "feature": "lieutenant",
      "tfidf": 0.10485418140888214,
      "contribution": 0.1482805814515429
    },
    {
      "feature": "prison",
      "tfidf": 0.0802559033036232,
      "contribution": 0.1247556006241623
    }
  ],
  "top_image_features": [
    {
      "feature": "thumbnail_y19_x17",
      "value": 1.8092511892318726,
      "contribution": 3.097027200867415
    },
    {
      "feature": "thumbnail_y18_x18",
      "value": 2.0338666439056396,
      "contribution": -2.548560259509491
    },
    {
      "feature": "thumbnail_y19_x9",
      "value": 1.5732033252716064,
      "contribution": -2.31026789659443
    },
    {
      "feature": "thumbnail_y18_x19",
      "value": 1.8858901262283325,
      "contribution": 2.3068194821303067
    },
    {
      "feature": "thumbnail_y17_x14",
      "value": 1.6431465148925781,
      "contribution": 2.1370249085212163
    },
    {
      "feature": "thumbnail_y17_x3",
      "value": 1.4167040586471558,
      "contribution": -2.0926408032732007
    },
    {
      "feature": "thumbnail_y2_x1",
      "value": -1.3602548837661743,
      "contribution": 2.063902815209089
    },
    {
      "feature": "thumbnail_y18_x5",
      "value": 1.0642552375793457,
      "contribution": -1.9902672626438598
    },
    {
      "feature": "thumbnail_y19_x16",
      "value": 1.7386066913604736,
      "contribution": -1.8583930295344755
    },
    {
      "feature": "thumbnail_y19_x8",
      "value": 1.4869391918182373,
      "contribution": 1.7873191913342565
    },
    {
      "feature": "thumbnail_y0_x12",
      "value": 0.9698489904403687,
      "contribution": 1.6903424736495232
    },
    {
      "feature": "thumbnail_y12_x12",
      "value": -1.5749591588974,
      "contribution": 1.6435827754222527
    }
  ],
  "label_dependency_contributions": [],
  "performance": {
    "measurements": [
      {
        "name": "classic_modality_shapley_idx_52_Film-Noir",
        "wall_time_s": 0.036113600013777614,
        "process_cpu_time_s": 0.03125,
        "process_cpu_util_percent": 86.53249741947047,
        "rss_start_mb": 357.82421875,
        "rss_end_mb": 357.83984375,
        "rss_delta_mb": 0.015625,
        "rss_peak_mb": 357.84375,
        "cuda_start": {
          "cuda_available": false,
          "cuda_error": "ModuleNotFoundError: No module named 'torch'"
        },
        "cuda_end": {
          "cuda_available": false,
          "cuda_error": "ModuleNotFoundError: No module named 'torch'"
        }
      },
      {
        "name": "classic_modality_shapley_visualization_idx_52_Film-Noir",
        "wall_time_s": 0.1326095999975223,
        "process_cpu_time_s": 0.125,
        "process_cpu_util_percent": 94.26165225016553,
        "rss_start_mb": 357.82421875,
        "rss_end_mb": 359.72265625,
        "rss_delta_mb": 1.8984375,
        "rss_peak_mb": 361.60546875,
        "cuda_start": {
          "cuda_available": false,
          "cuda_error": "ModuleNotFoundError: No module named 'torch'"
        },
        "cuda_end": {
          "cuda_available": false,
          "cuda_error": "ModuleNotFoundError: No module named 'torch'"
        }
      },
      {
        "name": "classic_linear_contribution_idx_52_Film-Noir",
        "wall_time_s": 0.001756099984049797,
        "process_cpu_time_s": 0.0,
        "process_cpu_util_percent": 0.0,
        "rss_start_mb": 359.70703125,
        "rss_end_mb": 359.72265625,
        "rss_delta_mb": 0.015625,
        "rss_peak_mb": 359.7265625,
        "cuda_start": {
          "cuda_available": false,