{
  "index": 4033,
  "target_genre": "Drama",
  "target_genres": [
    "Drama"
  ],
  "true_genres": [
    "Drama",
    "Romance",
    "Biography"
  ],
  "predicted_genres": [
    "Drama",
    "Comedy"
  ],
  "probability": 0.8964613884658444,
  "top_probabilities": {
    "Drama": 0.8964613676071167,
    "Biography": 0.6511094570159912,
    "Comedy": 0.4535958170890808,
    "Action": 0.3808813989162445,
    "Romance": 0.3128919005393982
  },
  "target_selection": {
    "policy": "predicted",
    "target_indices": [
      0,
      1
    ],
    "target_genres": [
      "Drama",
      "Comedy"
    ],
    "all_selected_indices": [
      0,
      1
    ],
    "all_selected_genres": [
      "Drama",
      "Comedy"
    ],
    "predicted_indices": [
      0,
      1
    ],
    "predicted_genres": [
      "Drama",
      "Comedy"
    ],
    "threshold": [
      0.30000001192092896,
      0.44999998807907104,
      0.5,
      0.5,
      0.6000000238418579,
      0.550000011920929,
      0.6000000238418579,
      0.6000000238418579,
      0.6000000238418579,
      0.5,
      0.699999988079071,
      0.75,
      0.6000000238418579,
      0.699999988079071,
      0.6499999761581421,
      0.6000000238418579,
      0.6499999761581421,
      0.550000011920929,
      0.699999988079071,
      0.6000000238418579,
      0.6499999761581421,
      0.5,
      0.699999988079071
    ],
    "max_targets_per_sample": 3
  },
  "method": "linear_feature_contribution",
  "methods": [
    "linear_feature_contribution",
    "modality_shapley"
  ],
  "modality_shapley": {
    "method": "two_modality_shapley",
    "probability": {
      "values": {
        "blank": 0.35764809053502844,
        "text_only": 0.8239139665039173,
        "image_only": 0.5074570533875701,
        "both": 0.8964613884658444
      },
      "shapley": {
        "text": 0.42763510552358164,
        "image": 0.11117819240723437,
        "interaction": -0.07726154089061454,
        "blank_to_both_delta": 0.538813297930816,
        "abs_total": 0.538813297930816,
        "text_utilization": 0.7936610086755697,
        "image_utilization": 0.20633899132443037
      }
    },
    "logit": {
      "values": {
        "blank": -0.5855867834776273,
        "text_only": 1.5430934125921891,
        "image_only": 0.029830425414435258,
        "both": 2.158510621484251
      },
      "shapley": {
        "text": 2.128680196069816,
        "image": 0.6154172088920622,
        "interaction": -7.771561172376096e-16,
        "blank_to_both_delta": 2.7440974049618783,
        "abs_total": 2.7440974049618783,
        "text_utilization": 0.7757305525017937,
        "image_utilization": 0.22426944749820632
      }
    }
  },
  "intercept": -0.5855867834776273,
  "text_logit_contribution": 2.1286801960698165,
  "image_logit_contribution": 0.6154172088920629,
  "label_dependency_logit_contribution": 0.0,
  "top_text_features": [
    {
      "feature": "his",
      "tfidf": 0.16251224279403687,
      "contribution": 0.3326014302429325
    },
    {
      "feature": "guy",
      "tfidf": 0.3026229739189148,
      "contribution": -0.2809446775164207
    },
    {
      "feature": "life",
      "tfidf": 0.07452675700187683,
      "contribution": 0.22456322857826494
    },
    {
      "feature": "student",
      "tfidf": 0.2242763638496399,
      "contribution": 0.19534111603579915
    },
    {
      "feature": "the",
      "tfidf": 0.16806641221046448,
      "contribution": -0.19131862224221996
    },
    {
      "feature": "in",
      "tfidf": 0.08565396815538406,
      "contribution": 0.16892856860928476
    },
    {
      "feature": "both",
      "tfidf": 0.10898730158805847,
      "contribution": 0.16843789118550231
    },
    {
      "feature": "school",
      "tfidf": 0.14420542120933533,
      "contribution": 0.11622426592289675
    },
    {
      "feature": "that",
      "tfidf": 0.06985744088888168,
      "contribution": -0.11299914698239197
    },
    {
      "feature": "lives",
      "tfidf": 0.03295062482357025,
      "contribution": 0.10582394346157757
    },
    {
      "feature": "story",
      "tfidf": 0.03223555535078049,
      "contribution": 0.10528135213061758
    },
    {
      "feature": "year",
      "tfidf": 0.13518491387367249,
      "contribution": 0.09736039612094746
    }
  ],
  "top_image_features": [
    {
      "feature": "thumbnail_y8_x24",
      "value": 1.527724027633667,
      "contribution": 0.43305130613767845
    },
    {
      "feature": "thumbnail_y1_x5",
      "value": 1.1579803228378296,
      "contribution": -0.4295541108554037
    },
    {
      "feature": "thumbnail_y0_x26",
      "value": 1.3465988636016846,
      "contribution": 0.4256456089618462
    },
    {
      "feature": "thumbnail_y0_x5",
      "value": 1.0057721138000488,
      "contribution": 0.3808982477827838
    },
    {
      "feature": "thumbnail_y18_x21",
      "value": 0.8261286616325378,
      "contribution": 0.3646570026483853
    },
    {
      "feature": "thumbnail_y19_x28",
      "value": 0.9756403565406799,
      "contribution": -0.3637688951054739
    },
    {
      "feature": "thumbnail_y8_x25",
      "value": 1.2222014665603638,
      "contribution": -0.35147636802107296
    },
    {
      "feature": "thumbnail_y0_x30",
      "value": 1.3556746244430542,
      "contribution": 0.3363667776641288
    },
    {
      "feature": "thumbnail_y16_x29",
      "value": 1.1681619882583618,
      "contribution": -0.32437752770432204
    },
    {
      "feature": "thumbnail_y15_x2",
      "value": 0.7566893100738525,
      "contribution": -0.32168997144965356
    },
    {
      "feature": "thumbnail_y0_x28",
      "value": 1.360572338104248,
      "contribution": -0.32129817624643364
    },
    {
      "feature": "bottom_right_B_hist_bin_11",
      "value": 7.817648887634277,
      "contribution": 0.30750167285025315
    }
  ],
  "label_dependency_contributions": [],
  "performance": {
    "measurements": [
      {
        "name": "classic_modality_shapley_idx_4033_Drama",
        "wall_time_s": 0.0258496589999595,
        "process_cpu_time_s": 0.026059709000001874,
        "process_cpu_util_percent": 100.81258325319766,
        "rss_start_mb": 1008.765625,
        "rss_end_mb": 1008.765625,
        "rss_delta_mb": 0.0,
        "rss_peak_mb": 1008.76953125,
        "cuda_start": {
          "cuda_available": true,
          "cuda_device": "NVIDIA A100-SXM4-40GB",
          "cuda_allocated_mb": 0.0,
          "cuda_reserved_mb": 0.0,
          "cuda_peak_allocated_mb": 0.0,
          "cuda_peak_reserved_mb": 0.0
        },
        "cuda_end": {
          "cuda_available": true,
          "cuda_device": "NVIDIA A100-SXM4-40GB",
          "cuda_allocated_mb": 0.0,
          "cuda_reserved_mb": 0.0,
          "cuda_peak_allocated_mb": 0.0,
          "cuda_peak_reserved_mb": 0.0
        }
      },
      {
        "name": "classic_modality_shapley_visualization_idx_4033_Drama",
        "wall_time_s": 0.2696293120000064,
        "process_cpu_time_s": 0.12304152999999829,
        "process_cpu_util_percent": 45.633588235390135,
        "rss_start_mb": 1008.765625,
        "rss_end_mb": 1009.72265625,
        "rss_delta_mb": 0.95703125,
        "rss_peak_mb": 1009.7265625,
        "cuda_start": {
          "cuda_available": true,
          "cuda_device": "NVIDIA A100-SXM4-40GB",
          "cuda_allocated_mb": 0.0,
          "cuda_reserved_mb": 0.0,
          "cuda_peak_allocated_mb": 0.0,
          "cuda_peak_reserved_mb": 0.0
        },
        "cuda_end": {
          "cuda_available": true,
          "cuda_device": "NVIDIA A100-SXM4-40GB",
          "cuda_allocated_mb": 0.0,
          "cuda_reserved_mb": 0.0,
          "cuda_peak_allocated_mb": 0.0,
          "cuda_peak_reserved_mb": 0.0
        }
      },
      {
        "name": "classic_linear_contribution_idx_4033_Drama",
        "wall_time_s": 0.001066709000042465,
        "process_cpu_time_s": 0.0011392520000015338,
        "process_cpu_util_percent": 106.80063634563699,