{
  "index": 57,
  "target_genre": "label_set",
  "target_genres": [
    "Film-Noir",
    "Horror",
    "Fantasy"
  ],
  "true_genres": [
    "Romance",
    "Horror",
    "Mystery",
    "Fantasy",
    "Film-Noir"
  ],
  "predicted_genres": [
    "Film-Noir",
    "Horror",
    "Fantasy",
    "Mystery",
    "Romance"
  ],
  "probability": 0.8947175145149231,
  "set_logit": 6.490513801574707,
  "top_probabilities": {
    "Film-Noir": 0.9225760102272034,
    "Horror": 0.8943604826927185,
    "Fantasy": 0.8672161102294922,
    "Mystery": 0.7803618311882019,
    "Romance": 0.7779184579849243
  },
  "target_selection": {
    "policy": "predicted",
    "target_indices": [
      22,
      7,
      11
    ],
    "target_genres": [
      "Film-Noir",
      "Horror",
      "Fantasy"
    ],
    "all_selected_indices": [
      22,
      7,
      11,
      9,
      2
    ],
    "all_selected_genres": [
      "Film-Noir",
      "Horror",
      "Fantasy",
      "Mystery",
      "Romance"
    ],
    "predicted_indices": [
      22,
      7,
      11,
      9,
      2
    ],
    "predicted_genres": [
      "Film-Noir",
      "Horror",
      "Fantasy",
      "Mystery",
      "Romance"
    ],
    "threshold": [
      0.30000001192092896,
      0.44999998807907104,
      0.5,
      0.5,
      0.6000000238418579,
      0.550000011920929,
      0.6000000238418579,
      0.6000000238418579,
      0.6000000238418579,
      0.5,
      0.699999988079071,
      0.75,
      0.6000000238418579,
      0.699999988079071,
      0.6499999761581421,
      0.6000000238418579,
      0.6499999761581421,
      0.550000011920929,
      0.699999988079071,
      0.6000000238418579,
      0.6499999761581421,
      0.5,
      0.699999988079071
    ],
    "max_targets_per_sample": 3
  },
  "methods": [
    "experimental_set_linear_feature_contribution",
    "modality_shapley"
  ],
  "intercept": -10.21638390109406,
  "text_logit_contribution": 6.014659881591797,
  "image_logit_contribution": 10.692234992980957,
  "label_dependency_logit_contribution": 0.0,
  "top_text_features": [
    {
      "feature": "house",
      "tfidf": 0.22306978702545166,
      "contribution": 0.964429497718811
    },
    {
      "feature": "the",
      "tfidf": 0.24235011637210846,
      "contribution": 0.8281131386756897
    },
    {
      "feature": "stella",
      "tfidf": 0.43567514419555664,
      "contribution": 0.5630571842193604
    },
    {
      "feature": "to",
      "tfidf": 0.1503637135028839,
      "contribution": 0.4146469235420227
    },
    {
      "feature": "of",
      "tfidf": 0.10232088714838028,
      "contribution": -0.37705329060554504
    },
    {
      "feature": "night",
      "tfidf": 0.06451823562383652,
      "contribution": 0.364810585975647
    },
    {
      "feature": "that",
      "tfidf": 0.046492498368024826,
      "contribution": 0.2890666425228119
    },
    {
      "feature": "dr",
      "tfidf": 0.03813584893941879,
      "contribution": 0.2827267646789551
    },
    {
      "feature": "mary",
      "tfidf": 0.1384660005569458,
      "contribution": 0.2789071202278137
    },
    {
      "feature": "rick",
      "tfidf": 0.18129001557826996,
      "contribution": 0.2562568783760071
    },
    {
      "feature": "begin",
      "tfidf": 0.08166412264108658,
      "contribution": 0.2311408519744873
    },
    {
      "feature": "commander",
      "tfidf": 0.32018280029296875,
      "contribution": 0.22485047578811646
    }
  ],
  "top_image_features": [
    {
      "feature": "thumbnail_y0_x12",
      "value": -1.4428025484085083,
      "contribution": -3.597992420196533
    },
    {
      "feature": "thumbnail_y0_x11",
      "value": -1.4308363199234009,
      "contribution": 2.767669439315796
    },
    {
      "feature": "thumbnail_y0_x14",
      "value": -1.4432260990142822,
      "contribution": -2.213737964630127
    },
    {
      "feature": "thumbnail_y5_x5",
      "value": -1.274567723274231,
      "contribution": 2.213721513748169
    },
    {
      "feature": "thumbnail_y2_x12",
      "value": -1.433756709098816,
      "contribution": -2.2023656368255615
    },
    {
      "feature": "thumbnail_y19_x9",
      "value": -1.3654574155807495,
      "contribution": 2.1909730434417725
    },
    {
      "feature": "thumbnail_y18_x27",
      "value": -1.2006827592849731,
      "contribution": 2.1356794834136963
    },
    {
      "feature": "thumbnail_y11_x24",
      "value": 1.5342230796813965,
      "contribution": -2.0679404735565186
    },
    {
      "feature": "thumbnail_y13_x1",
      "value": -1.4015600681304932,
      "contribution": 1.9948011636734009
    },
    {
      "feature": "thumbnail_y19_x6",
      "value": -1.3351669311523438,
      "contribution": -1.9864938259124756
    },
    {
      "feature": "thumbnail_y7_x6",
      "value": -1.4694645404815674,
      "contribution": -1.983077883720398
    },
    {
      "feature": "thumbnail_y7_x5",
      "value": -1.4364330768585205,
      "contribution": 1.9495117664337158
    }
  ],
  "label_dependency_contributions": [],
  "performance": {
    "measurements": [
      {
        "name": "classic_set_linear_contribution_idx_57",
        "wall_time_s": 0.0027147000073455274,
        "process_cpu_time_s": 0.0,
        "process_cpu_util_percent": 0.0,
        "rss_start_mb": 349.61328125,
        "rss_end_mb": 349.62890625,
        "rss_delta_mb": 0.015625,
        "rss_peak_mb": 349.6328125,
        "cuda_start": {
          "cuda_available": false,
          "cuda_error": "ModuleNotFoundError: No module named 'torch'"
        },
        "cuda_end": {
          "cuda_available": false,
          "cuda_error": "ModuleNotFoundError: No module named 'torch'"
        }
      },
      {
        "name": "classic_set_modality_shapley_idx_57",
        "wall_time_s": 0.04641139999148436,
        "process_cpu_time_s": 0.046875,
        "process_cpu_util_percent": 100.99889253200874,
        "rss_start_mb": 349.61328125,
        "rss_end_mb": 349.62890625,
        "rss_delta_mb": 0.015625,
        "rss_peak_mb": 349.6328125,
        "cuda_start": {
          "cuda_available": false,
          "cuda_error": "ModuleNotFoundError: No module named 'torch'"
        },
        "cuda_end": {
          "cuda_available": false,
          "cuda_error": "ModuleNotFoundError: No module named 'torch'"
        }
      },
      {
        "name": "classic_set_modality_shapley_visualization_idx_57",
        "wall_time_s": 0.18590529999346472,
        "process_cpu_time_s": 0.15625,
        "process_cpu_util_percent": 84.04816861353214,
        "rss_start_mb": 349.61328125,
        "rss_end_mb": 351.50390625,
        "rss_delta_mb": 1.890625,
        "rss_peak_mb": 353.38671875,
        "cuda_start": {
          "cuda_available": false,
          "cuda_error": "ModuleNotFoundError: No module named 'torch'"
        },
        "cuda_end": {
          "cuda_available": false,
          "cuda_error": "ModuleNotFoundError: No module named 'torch'"
        }
      },
      {
        "name": "classic_set_visualization_idx_57",
        "wall_time_s": 0.31143359999987297,
        "process_cpu_time_s": 0.296875,
        "process_cpu_util_percent": 95.32529566498962,
        "rss_start_mb": 351.48828125,
        "rss_end_mb": 352.91015625,
        "rss_delta_mb": 1.421875,
        "rss_peak_mb": 356.19140625,
        "cuda_start": {
          "cuda_available": false,
          "cuda_error": "ModuleNotFoundError: No module named 'torch'"
        },
        "cuda_end": {
          "cuda_available": false,
          "cuda_error": "ModuleNotFoundError: No module named 'torch'"
        }
      }
    ],
    "summary": {
      "count": 4,
      "total_wall_time_s": 0.5464649999921676,
      "mean_wall_time_s": 0.1366162499980419,
      "total_process_cpu_time_s": 0.5,
      "mean_process_cpu_util_percent": 70.09308920263263,
      "max_rss_peak_mb": 356.19140625
    }
  },
  "modality_shapley": {
    "method": "two_modality_shapley",