{
  "index": 30,
  "target_genre": "Drama",
  "target_genres": [
    "Drama"
  ],
  "true_genres": [
    "Drama",
    "Thriller",
    "Crime",
    "Film-Noir"
  ],
  "predicted_genres": [
    "Drama",
    "Biography",
    "Thriller"
  ],
  "probability": 0.9423999970232971,
  "top_probabilities": {
    "Drama": 0.9423999786376953,
    "Biography": 0.8613694906234741,
    "Crime": 0.5710185170173645,
    "Thriller": 0.5112476944923401,
    "Short": 0.4703438878059387
  },
  "target_selection": {
    "policy": "predicted",
    "target_indices": [
      0,
      13,
      3
    ],
    "target_genres": [
      "Drama",
      "Biography",
      "Thriller"
    ],
    "all_selected_indices": [
      0,
      13,
      3
    ],
    "all_selected_genres": [
      "Drama",
      "Biography",
      "Thriller"
    ],
    "predicted_indices": [
      0,
      13,
      3
    ],
    "predicted_genres": [
      "Drama",
      "Biography",
      "Thriller"
    ],
    "threshold": [
      0.30000001192092896,
      0.44999998807907104,
      0.5,
      0.5,
      0.6000000238418579,
      0.550000011920929,
      0.6000000238418579,
      0.6000000238418579,
      0.6000000238418579,
      0.5,
      0.699999988079071,
      0.75,
      0.6000000238418579,
      0.699999988079071,
      0.6499999761581421,
      0.6000000238418579,
      0.6499999761581421,
      0.550000011920929,
      0.699999988079071,
      0.6000000238418579,
      0.6499999761581421,
      0.5,
      0.699999988079071
    ],
    "max_targets_per_sample": 3
  },
  "method": "linear_feature_contribution",
  "methods": [
    "linear_feature_contribution",
    "modality_shapley"
  ],
  "modality_shapley": {
    "method": "two_modality_shapley",
    "probability": {
      "values": {
        "blank": 0.35764809053502844,
        "text_only": 0.8325849244661074,
        "image_only": 0.6468591047526054,
        "both": 0.9423999970232971
      },
      "shapley": {
        "text": 0.38523886310088534,
        "image": 0.19951304338738335,
        "interaction": -0.1793959416603873,
        "blank_to_both_delta": 0.5847519064882687,
        "abs_total": 0.5847519064882687,
        "text_utilization": 0.6588073656987966,
        "image_utilization": 0.3411926343012034
      }
    },
    "logit": {
      "values": {
        "blank": -0.5855867834776273,
        "text_only": 1.604059017069238,
        "image_only": 0.6052613898110929,
        "both": 2.7949071903579674
      },
      "shapley": {
        "text": 2.18964580054687,
        "image": 1.1908481732887248,
        "interaction": 9.325873406851315e-15,
        "blank_to_both_delta": 3.380493973835595,
        "abs_total": 3.380493973835595,
        "text_utilization": 0.6477295381959939,
        "image_utilization": 0.3522704618040061
      }
    }
  },
  "intercept": -0.5855867834776273,
  "text_logit_contribution": 2.1896458005468666,
  "image_logit_contribution": 1.1908481732887206,
  "label_dependency_logit_contribution": 0.0,
  "top_text_features": [
    {
      "feature": "his",
      "tfidf": 0.1661442518234253,
      "contribution": 0.3400347865061946
    },
    {
      "feature": "jerry",
      "tfidf": 0.39388102293014526,
      "contribution": -0.33461423716059646
    },
    {
      "feature": "rocky",
      "tfidf": 0.5294243097305298,
      "contribution": 0.31949068104970835
    },
    {
      "feature": "in",
      "tfidf": 0.11794909089803696,
      "contribution": 0.23262169311322617
    },
    {
      "feature": "society",
      "tfidf": 0.1568557471036911,
      "contribution": 0.23213317690709104
    },
    {
      "feature": "friendship",
      "tfidf": 0.07511191815137863,
      "contribution": 0.1999564515905272
    },
    {
      "feature": "the",
      "tfidf": 0.15187887847423553,
      "contribution": -0.17289152184076362
    },
    {
      "feature": "escapes",
      "tfidf": 0.08152709901332855,
      "contribution": -0.12788789554306107
    },
    {
      "feature": "between",
      "tfidf": 0.057570163160562515,
      "contribution": 0.12587141911476712
    },
    {
      "feature": "life",
      "tfidf": 0.03991028666496277,
      "contribution": 0.12025724971156884
    },
    {
      "feature": "prison",
      "tfidf": 0.07116389274597168,
      "contribution": 0.1194154427612764
    },
    {
      "feature": "becomes",
      "tfidf": 0.11123613268136978,
      "contribution": 0.1133321634958249
    }
  ],
  "top_image_features": [
    {
      "feature": "thumbnail_y18_x21",
      "value": 1.9465844631195068,
      "contribution": 0.8592313627278685
    },
    {
      "feature": "thumbnail_y0_x5",
      "value": 1.6337013244628906,
      "contribution": 0.6187027492114765
    },
    {
      "feature": "thumbnail_y19_x28",
      "value": 1.6070497035980225,
      "contribution": -0.5991907685432617
    },
    {
      "feature": "thumbnail_y0_x26",
      "value": 1.6830350160598755,
      "contribution": 0.5319895060648261
    },
    {
      "feature": "thumbnail_y18_x1",
      "value": 1.8047062158584595,
      "contribution": 0.5247110406125706
    },
    {
      "feature": "thumbnail_y19_x9",
      "value": 1.4867721796035767,
      "contribution": 0.5239558598185392
    },
    {
      "feature": "thumbnail_y17_x1",
      "value": 1.8201724290847778,
      "contribution": -0.5198012937733887
    },
    {
      "feature": "thumbnail_y15_x1",
      "value": 1.4133336544036865,
      "contribution": 0.5021599973255121
    },
    {
      "feature": "thumbnail_y19_x11",
      "value": 1.4660134315490723,
      "contribution": -0.5001168308435758
    },
    {
      "feature": "thumbnail_y0_x4",
      "value": 1.6711219549179077,
      "contribution": -0.49610158888903383
    },
    {
      "feature": "thumbnail_y19_x29",
      "value": 1.7282018661499023,
      "contribution": 0.4898831729778662
    },
    {
      "feature": "thumbnail_y19_x12",
      "value": 1.535480260848999,
      "contribution": 0.4617960618076749
    }
  ],
  "label_dependency_contributions": [],
  "performance": {
    "measurements": [
      {
        "name": "classic_modality_shapley_idx_30_Drama",
        "wall_time_s": 0.029770499997539446,
        "process_cpu_time_s": 0.015625,
        "process_cpu_util_percent": 52.48484238185929,
        "rss_start_mb": 357.171875,
        "rss_end_mb": 357.1875,
        "rss_delta_mb": 0.015625,
        "rss_peak_mb": 357.19140625,
        "cuda_start": {
          "cuda_available": false,
          "cuda_error": "ModuleNotFoundError: No module named 'torch'"
        },
        "cuda_end": {
          "cuda_available": false,
          "cuda_error": "ModuleNotFoundError: No module named 'torch'"
        }
      },
      {
        "name": "classic_modality_shapley_visualization_idx_30_Drama",
        "wall_time_s": 0.10958970000501722,
        "process_cpu_time_s": 0.109375,
        "process_cpu_util_percent": 99.80408742335513,
        "rss_start_mb": 357.171875,
        "rss_end_mb": 355.80078125,
        "rss_delta_mb": -1.37109375,
        "rss_peak_mb": 357.68359375,
        "cuda_start": {
          "cuda_available": false,
          "cuda_error": "ModuleNotFoundError: No module named 'torch'"
        },
        "cuda_end": {
          "cuda_available": false,
          "cuda_error": "ModuleNotFoundError: No module named 'torch'"
        }
      },
      {
        "name": "classic_linear_contribution_idx_30_Drama",
        "wall_time_s": 0.0014381000073626637,
        "process_cpu_time_s": 0.015625,
        "process_cpu_util_percent": 1086.5030192618342,
        "rss_start_mb": 355.78515625,
        "rss_end_mb": 355.80078125,
        "rss_delta_mb": 0.015625,
        "rss_peak_mb": 355.8046875,
        "cuda_start": {
          "cuda_available": false,
          "cuda_error": "ModuleNotFoundError: No module named 'torch'"
        },
        "cuda_end": {
          "cuda_available": false,