{
  "index": 1,
  "target_genre": "Crime",
  "target_genres": [
    "Crime"
  ],
  "true_genres": [
    "Drama",
    "Crime",
    "Adventure",
    "Film-Noir"
  ],
  "predicted_genres": [
    "Comedy",
    "Crime",
    "Thriller"
  ],
  "probability": 0.7430574494326608,
  "top_probabilities": {
    "Comedy": 0.7800288200378418,
    "Crime": 0.7430574297904968,
    "Thriller": 0.6509618759155273,
    "Adventure": 0.5509713888168335,
    "Action": 0.5079708099365234
  },
  "target_selection": {
    "policy": "predicted",
    "target_indices": [
      1,
      4,
      3
    ],
    "target_genres": [
      "Comedy",
      "Crime",
      "Thriller"
    ],
    "all_selected_indices": [
      1,
      4,
      3
    ],
    "all_selected_genres": [
      "Comedy",
      "Crime",
      "Thriller"
    ],
    "predicted_indices": [
      1,
      4,
      3
    ],
    "predicted_genres": [
      "Comedy",
      "Crime",
      "Thriller"
    ],
    "threshold": [
      0.30000001192092896,
      0.44999998807907104,
      0.5,
      0.5,
      0.6000000238418579,
      0.550000011920929,
      0.6000000238418579,
      0.6000000238418579,
      0.6000000238418579,
      0.5,
      0.699999988079071,
      0.75,
      0.6000000238418579,
      0.699999988079071,
      0.6499999761581421,
      0.6000000238418579,
      0.6499999761581421,
      0.550000011920929,
      0.699999988079071,
      0.6000000238418579,
      0.6499999761581421,
      0.5,
      0.699999988079071
    ],
    "max_targets_per_sample": 3
  },
  "method": "linear_feature_contribution",
  "methods": [
    "linear_feature_contribution",
    "modality_shapley"
  ],
  "modality_shapley": {
    "method": "two_modality_shapley",
    "probability": {
      "values": {
        "blank": 0.19849919263820678,
        "text_only": 0.8293775417779672,
        "image_only": 0.12841991136874212,
        "both": 0.7430574494326608
      },
      "shapley": {
        "text": 0.6227579436018396,
        "image": -0.07819968680738551,
        "interaction": -0.016240811075841688,
        "blank_to_both_delta": 0.544558256794454,
        "abs_total": 0.7009576304092251,
        "text_utilization": 0.8884387822959686,
        "image_utilization": 0.11156121770403135
      }
    },
    "logit": {
      "values": {
        "blank": -1.395700946557475,
        "text_only": 1.58122220081156,
        "image_only": -1.9150023059933017,
        "both": 1.0619208413757366
      },
      "shapley": {
        "text": 2.9769231473690363,
        "image": -0.519301359435825,
        "interaction": 3.3306690738754696e-15,
        "blank_to_both_delta": 2.4576217879332116,
        "abs_total": 3.4962245068048614,
        "text_utilization": 0.8514679596733319,
        "image_utilization": 0.1485320403266681
      }
    }
  },
  "intercept": -1.395700946557475,
  "text_logit_contribution": 2.976923147369035,
  "image_logit_contribution": -0.5193013594358284,
  "label_dependency_logit_contribution": 0.0,
  "top_text_features": [
    {
      "feature": "boss",
      "tfidf": 0.25194215774536133,
      "contribution": 1.0151174477892528
    },
    {
      "feature": "cop",
      "tfidf": 0.14091485738754272,
      "contribution": 0.6346052813228099
    },
    {
      "feature": "casino",
      "tfidf": 0.18464188277721405,
      "contribution": 0.3473440069570922
    },
    {
      "feature": "cash",
      "tfidf": 0.16129380464553833,
      "contribution": 0.3287547941883952
    },
    {
      "feature": "is",
      "tfidf": 0.11329910904169083,
      "contribution": 0.23448861654753145
    },
    {
      "feature": "suspects",
      "tfidf": 0.15315264463424683,
      "contribution": 0.22454838733152466
    },
    {
      "feature": "meet",
      "tfidf": 0.1096358597278595,
      "contribution": -0.20386585937618903
    },
    {
      "feature": "a",
      "tfidf": 0.14776377379894257,
      "contribution": 0.1888520492801445
    },
    {
      "feature": "club",
      "tfidf": 0.1431513875722885,
      "contribution": 0.17368505162151435
    },
    {
      "feature": "the",
      "tfidf": 0.14563971757888794,
      "contribution": -0.14741138994456202
    },
    {
      "feature": "man",
      "tfidf": 0.07648633420467377,
      "contribution": 0.13369943935057246
    },
    {
      "feature": "business",
      "tfidf": 0.11780142039060593,
      "contribution": 0.13125882779655942
    }
  ],
  "top_image_features": [
    {
      "feature": "thumbnail_y11_x22",
      "value": -1.6130410432815552,
      "contribution": -0.6340233624665601
    },
    {
      "feature": "thumbnail_y11_x21",
      "value": -1.4672025442123413,
      "contribution": 0.6232706391812717
    },
    {
      "feature": "thumbnail_y19_x5",
      "value": 0.7722655534744263,
      "contribution": -0.5382925547631732
    },
    {
      "feature": "thumbnail_y9_x30",
      "value": -0.9796335101127625,
      "contribution": -0.531147428739505
    },
    {
      "feature": "bottom_left_G_hist_bin_0",
      "value": 1.876749873161316,
      "contribution": 0.5248305989249348
    },
    {
      "feature": "thumbnail_y19_x27",
      "value": 0.7237239480018616,
      "contribution": 0.4760629070650271
    },
    {
      "feature": "thumbnail_y10_x30",
      "value": -0.9428869485855103,
      "contribution": 0.4572775089829439
    },
    {
      "feature": "thumbnail_y18_x24",
      "value": -1.1189864873886108,
      "contribution": 0.4494351119100334
    },
    {
      "feature": "thumbnail_y8_x12",
      "value": 1.6065452098846436,
      "contribution": 0.4268448233011695
    },
    {
      "feature": "thumbnail_y16_x15",
      "value": -1.3583571910858154,
      "contribution": 0.4114861656711194
    },
    {
      "feature": "thumbnail_y14_x23",
      "value": -1.1638683080673218,
      "contribution": 0.3956324874317297
    },
    {
      "feature": "thumbnail_y6_x4",
      "value": 1.2650870084762573,
      "contribution": -0.3917650746466134
    }
  ],
  "label_dependency_contributions": [],
  "performance": {
    "measurements": [
      {
        "name": "classic_modality_shapley_idx_1_Crime",
        "wall_time_s": 0.023915988999760884,
        "process_cpu_time_s": 0.02368416699982845,
        "process_cpu_util_percent": 99.0306819428009,
        "rss_start_mb": 2195.0078125,
        "rss_end_mb": 2195.0078125,
        "rss_delta_mb": 0.0,
        "rss_peak_mb": 2195.01171875,
        "cuda_start": {
          "cuda_available": false
        },
        "cuda_end": {
          "cuda_available": false
        }
      },
      {
        "name": "classic_modality_shapley_visualization_idx_1_Crime",
        "wall_time_s": 0.13499078299992107,
        "process_cpu_time_s": 0.12717606899991551,
        "process_cpu_util_percent": 94.21092771940576,
        "rss_start_mb": 2195.0078125,
        "rss_end_mb": 2195.01953125,
        "rss_delta_mb": 0.01171875,
        "rss_peak_mb": 2195.0234375,
        "cuda_start": {
          "cuda_available": false
        },
        "cuda_end": {
          "cuda_available": false
        }
      },
      {
        "name": "classic_linear_contribution_idx_1_Crime",
        "wall_time_s": 0.0008157299998856615,
        "process_cpu_time_s": 0.0008520910000697768,
        "process_cpu_util_percent": 104.45747982656171,
        "rss_start_mb": 2195.01953125,
        "rss_end_mb": 2195.01953125,
        "rss_delta_mb": 0.0,
        "rss_peak_mb": 2195.0234375,
        "cuda_start": {
          "cuda_available": false
        },
        "cuda_end": {
          "cuda_available": false
        }
      },
      {
        "name": "classic_visualization_idx_1_Crime",
        "wall_time_s": 0.20628966900039813,
        "process_cpu_time_s": 0.18725767299997642,
        "process_cpu_util_percent": 90.77414002715523,
        "rss_start_mb": 2195.01953125,
        "rss_end_mb": 2195.01953125,
        "rss_delta_mb": 0.0,
        "rss_peak_mb": 2195.0234375,
        "cuda_start": {
          "cuda_available": false
        },