{
  "model_type": "classic",
  "model_path": "C:\\Users\\samue\\Documents\\diplomka\\outputs\\models\\best\\classic_multimodal_best.joblib",
  "threshold": [
    0.30000001192092896,
    0.44999998807907104,
    0.5,
    0.5,
    0.6000000238418579,
    0.550000011920929,
    0.6000000238418579,
    0.6000000238418579,
    0.6000000238418579,
    0.5,
    0.699999988079071,
    0.75,
    0.6000000238418579,
    0.699999988079071,
    0.6499999761581421,
    0.6000000238418579,
    0.6499999761581421,
    0.550000011920929,
    0.699999988079071,
    0.6000000238418579,
    0.6499999761581421,
    0.5,
    0.699999988079071
  ],
  "n_test": 3894,
  "metrics": {
    "threshold": [
      0.30000001192092896,
      0.44999998807907104,
      0.5,
      0.5,
      0.6000000238418579,
      0.550000011920929,
      0.6000000238418579,
      0.6000000238418579,
      0.6000000238418579,
      0.5,
      0.699999988079071,
      0.75,
      0.6000000238418579,
      0.699999988079071,
      0.6499999761581421,
      0.6000000238418579,
      0.6499999761581421,
      0.550000011920929,
      0.699999988079071,
      0.6000000238418579,
      0.6499999761581421,
      0.5,
      0.699999988079071
    ],
    "sample_f1": 0.7364262592113131,
    "micro_f1": 0.7425418175547508,
    "macro_f1": 0.7184231068708737,
    "weighted_f1": 0.7469239729621434,
    "micro_precision": 0.6388250129812328,
    "micro_recall": 0.8864642305712815,
    "hamming_loss": 0.06668006520622585,
    "per_label": {
      "Drama": {
        "f1": 0.7993705743509048,
        "precision": 0.6832548755884331,
        "recall": 0.9630331753554502,
        "support": 2110
      },
      "Comedy": {
        "f1": 0.7549446865571572,
        "precision": 0.6631330977620731,
        "recall": 0.8762645914396887,
        "support": 1285
      },
      "Romance": {
        "f1": 0.6926272066458983,
        "precision": 0.5892226148409894,
        "recall": 0.8400503778337531,
        "support": 794
      },
      "Thriller": {
        "f1": 0.7093198992443325,
        "precision": 0.597623089983022,
        "recall": 0.872366790582404,
        "support": 807
      },
      "Crime": {
        "f1": 0.7632398753894081,
        "precision": 0.7101449275362319,
        "recall": 0.8249158249158249,
        "support": 594
      },
      "Action": {
        "f1": 0.7417417417417418,
        "precision": 0.6398963730569949,
        "recall": 0.8821428571428571,
        "support": 560
      },
      "Adventure": {
        "f1": 0.7232635060639471,
        "precision": 0.6200378071833649,
        "recall": 0.8677248677248677,
        "support": 378
      },
      "Horror": {
        "f1": 0.8148914167528438,
        "precision": 0.7323420074349443,
        "recall": 0.9184149184149184,
        "support": 429
      },
      "Documentary": {
        "f1": 0.8490028490028491,
        "precision": 0.7700258397932817,
        "recall": 0.946031746031746,
        "support": 315
      },
      "Mystery": {
        "f1": 0.6133333333333333,
        "precision": 0.46070878274268107,
        "recall": 0.9171779141104295,
        "support": 326
      },
      "Sci-Fi": {
        "f1": 0.8,
        "precision": 0.7692307692307693,
        "recall": 0.8333333333333334,
        "support": 276
      },
      "Fantasy": {
        "f1": 0.7225325884543762,
        "precision": 0.776,
        "recall": 0.6759581881533101,
        "support": 287
      },
      "Family": {
        "f1": 0.698051948051948,
        "precision": 0.581081081081081,
        "recall": 0.8739837398373984,
        "support": 246
      },
      "Biography": {
        "f1": 0.7012987012987013,
        "precision": 0.627906976744186,
        "recall": 0.7941176470588235,
        "support": 204
      },
      "War": {
        "f1": 0.8202959830866807,
        "precision": 0.7432950191570882,
        "recall": 0.9150943396226415,
        "support": 212
      },
      "History": {
        "f1": 0.6262626262626263,
        "precision": 0.48589341692789967,
        "recall": 0.8806818181818182,
        "support": 176
      },
      "Music": {
        "f1": 0.7823691460055097,
        "precision": 0.71,
        "recall": 0.8711656441717791,
        "support": 163
      },
      "Animation": {
        "f1": 0.5651105651105651,
        "precision": 0.4166666666666667,
        "recall": 0.8778625954198473,
        "support": 131
      },
      "Musical": {
        "f1": 0.7084639498432602,
        "precision": 0.6075268817204301,
        "recall": 0.849624060150376,
        "support": 133
      },
      "Western": {
        "f1": 0.7788461538461539,
        "precision": 0.680672268907563,
        "recall": 0.9101123595505618,
        "support": 89
      },
      "Sport": {
        "f1": 0.7821229050279329,
        "precision": 0.7,
        "recall": 0.8860759493670886,
        "support": 79
      },
      "Short": {
        "f1": 0.4728682170542636,
        "precision": 0.32105263157894737,
        "recall": 0.8970588235294118,
        "support": 68
      },
      "Film-Noir": {
        "f1": 0.6037735849056604,
        "precision": 0.4528301886792453,
        "recall": 0.9056603773584906,
        "support": 53
      }
    }
  },
  "prediction_path": "C:\\Users\\samue\\Documents\\diplomka\\outputs\\final_xai_analysis\\metrics\\classic_test_predictions.npz"
}