{
  "model_type": "neural",
  "model_path": "C:\\Users\\samue\\Documents\\diplomka\\outputs\\models\\best\\neural_multimodal_best.pt",
  "threshold": [
    0.30000001192092896,
    0.5,
    0.44999998807907104,
    0.44999998807907104,
    0.550000011920929,
    0.6499999761581421,
    0.800000011920929,
    0.6499999761581421,
    0.800000011920929,
    0.6000000238418579,
    0.800000011920929,
    0.6000000238418579,
    0.699999988079071,
    0.699999988079071,
    0.6499999761581421,
    0.75,
    0.8999999761581421,
    0.699999988079071,
    0.800000011920929,
    0.8500000238418579,
    0.800000011920929,
    0.550000011920929,
    0.699999988079071
  ],
  "n_test": 3878,
  "metrics": {
    "threshold": [
      0.30000001192092896,
      0.5,
      0.44999998807907104,
      0.44999998807907104,
      0.550000011920929,
      0.6499999761581421,
      0.800000011920929,
      0.6499999761581421,
      0.800000011920929,
      0.6000000238418579,
      0.800000011920929,
      0.6000000238418579,
      0.699999988079071,
      0.699999988079071,
      0.6499999761581421,
      0.75,
      0.8999999761581421,
      0.699999988079071,
      0.800000011920929,
      0.8500000238418579,
      0.800000011920929,
      0.550000011920929,
      0.699999988079071
    ],
    "sample_f1": 0.5571556573619493,
    "micro_f1": 0.5629947085319456,
    "macro_f1": 0.46799524392225356,
    "weighted_f1": 0.564368177755668,
    "micro_precision": 0.4880212282031842,
    "micro_recall": 0.6651854913712928,
    "hamming_loss": 0.11203668408188891,
    "per_label": {
      "Drama": {
        "f1": 0.7318512689356679,
        "precision": 0.6224899598393574,
        "recall": 0.8878281622911695,
        "support": 2095
      },
      "Comedy": {
        "f1": 0.6470588235294118,
        "precision": 0.5955642530984997,
        "recall": 0.7083010085337471,
        "support": 1289
      },
      "Romance": {
        "f1": 0.5225547119249665,
        "precision": 0.40794979079497906,
        "recall": 0.7267080745341615,
        "support": 805
      },
      "Thriller": {
        "f1": 0.5730223123732252,
        "precision": 0.47359597652975693,
        "recall": 0.7252888318356868,
        "support": 779
      },
      "Crime": {
        "f1": 0.551219512195122,
        "precision": 0.518348623853211,
        "recall": 0.5885416666666666,
        "support": 576
      },
      "Action": {
        "f1": 0.5283307810107197,
        "precision": 0.4463130659767141,
        "recall": 0.6472795497185742,
        "support": 533
      },
      "Adventure": {
        "f1": 0.44761904761904764,
        "precision": 0.4341801385681293,
        "recall": 0.4619164619164619,
        "support": 407
      },
      "Horror": {
        "f1": 0.5675105485232067,
        "precision": 0.4953959484346225,
        "recall": 0.6641975308641975,
        "support": 405
      },
      "Documentary": {
        "f1": 0.6514657980456026,
        "precision": 0.6622516556291391,
        "recall": 0.6410256410256411,
        "support": 312
      },
      "Mystery": {
        "f1": 0.352112676056338,
        "precision": 0.27624309392265195,
        "recall": 0.4854368932038835,
        "support": 309
      },
      "Sci-Fi": {
        "f1": 0.5225505443234837,
        "precision": 0.4883720930232558,
        "recall": 0.5618729096989966,
        "support": 299
      },
      "Fantasy": {
        "f1": 0.36855670103092786,
        "precision": 0.294238683127572,
        "recall": 0.49310344827586206,
        "support": 290
      },
      "Family": {
        "f1": 0.4246823956442831,
        "precision": 0.38870431893687707,
        "recall": 0.468,
        "support": 250
      },
      "Biography": {
        "f1": 0.3227016885553471,
        "precision": 0.25903614457831325,
        "recall": 0.42786069651741293,
        "support": 201
      },
      "War": {
        "f1": 0.5098814229249012,
        "precision": 0.4215686274509804,
        "recall": 0.645,
        "support": 200
      },
      "History": {
        "f1": 0.29767441860465116,
        "precision": 0.2471042471042471,
        "recall": 0.3742690058479532,
        "support": 171
      },
      "Music": {
        "f1": 0.4306569343065693,
        "precision": 0.5042735042735043,
        "recall": 0.37579617834394907,
        "support": 157
      },
      "Animation": {
        "f1": 0.5209580838323353,
        "precision": 0.47282608695652173,
        "recall": 0.58,
        "support": 150
      },
      "Musical": {
        "f1": 0.31451612903225806,
        "precision": 0.319672131147541,
        "recall": 0.30952380952380953,
        "support": 126
      },
      "Western": {
        "f1": 0.5294117647058824,
        "precision": 0.5510204081632653,
        "recall": 0.5094339622641509,
        "support": 106
      },
      "Sport": {
        "f1": 0.5111111111111111,
        "precision": 0.5411764705882353,
        "recall": 0.4842105263157895,
        "support": 95
      },
      "Short": {
        "f1": 0.22105263157894736,
        "precision": 0.17647058823529413,
        "recall": 0.29577464788732394,
        "support": 71
      },
      "Film-Noir": {
        "f1": 0.21739130434782608,
        "precision": 0.24390243902439024,
        "recall": 0.19607843137254902,
        "support": 51
      }
    }
  },
  "prediction_path": null,
  "fresh_inference": false,
  "fallback_reason": "PyTorch is not installed in the active local Python environment; loaded saved test metrics instead.",
  "source_metrics_path": "C:\\Users\\samue\\Documents\\diplomka\\outputs\\models\\best\\neural_multimodal_best_metrics.json"
}