{
  "index": 4033,
  "target_genre": "label_set",
  "target_genres": [
    "Romance",
    "Drama",
    "Comedy"
  ],
  "true_genres": [
    "Drama",
    "Romance",
    "Biography"
  ],
  "predicted_genres": [
    "Romance",
    "Drama",
    "Comedy"
  ],
  "probability": 0.549949586391449,
  "set_logit": 0.6017377376556396,
  "top_probabilities": {
    "Romance": 0.5649394989013672,
    "Drama": 0.5483342409133911,
    "Comedy": 0.5365749597549438,
    "Family": 0.5294201374053955,
    "Adventure": 0.5221186876296997
  },
  "threshold": [
    0.46000000834465027,
    0.49000000953674316,
    0.5199999809265137,
    0.5099999904632568,
    0.5299999713897705,
    0.5799999833106995,
    0.5699999928474426,
    0.5799999833106995,
    0.7300000190734863,
    0.5799999833106995,
    0.5600000023841858,
    0.5299999713897705,
    0.5899999737739563,
    0.5400000214576721,
    0.5899999737739563,
    0.5699999928474426,
    0.550000011920929,
    0.6100000143051147,
    0.46000000834465027,
    0.6700000166893005,
    0.5400000214576721,
    0.5799999833106995,
    0.5600000023841858
  ],
  "target_selection": {
    "policy": "predicted",
    "target_indices": [
      2,
      0,
      1
    ],
    "target_genres": [
      "Romance",
      "Drama",
      "Comedy"
    ],
    "all_selected_indices": [
      2,
      0,
      1
    ],
    "all_selected_genres": [
      "Romance",
      "Drama",
      "Comedy"
    ],
    "predicted_indices": [
      2,
      0,
      1
    ],
    "predicted_genres": [
      "Romance",
      "Drama",
      "Comedy"
    ],
    "threshold": [
      0.46000000834465027,
      0.49000000953674316,
      0.5199999809265137,
      0.5099999904632568,
      0.5299999713897705,
      0.5799999833106995,
      0.5699999928474426,
      0.5799999833106995,
      0.7300000190734863,
      0.5799999833106995,
      0.5600000023841858,
      0.5299999713897705,
      0.5899999737739563,
      0.5400000214576721,
      0.5899999737739563,
      0.5699999928474426,
      0.550000011920929,
      0.6100000143051147,
      0.46000000834465027,
      0.6700000166893005,
      0.5400000214576721,
      0.5799999833106995,
      0.5600000023841858
    ],
    "max_targets_per_sample": 3
  },
  "methods": [
    "experimental_set_level_attribution",
    "LayerIntegratedGradients_text_embedding",
    "IntegratedGradients_image_pixels",
    "GradCAM_image_branch",
    "modality_shapley",
    "modality_ablation",
    "GMU_gate_summary",
    "experimental_label_correlation_head"
  ],
  "top_tokens": [
    {
      "position": 251,
      "token": "scrutiny",
      "attribution": 0.06598706543445587
    },
    {
      "position": 176,
      "token": "love",
      "attribution": 0.05105964094400406
    },
    {
      "position": 15,
      "token": "how",
      "attribution": -0.04959564656019211
    },
    {
      "position": 13,
      "token": "schofield",
      "attribution": -0.04094497859477997
    },
    {
      "position": 336,
      "token": "his",
      "attribution": 0.03827723115682602
    },
    {
      "position": 2,
      "token": "elderly",
      "attribution": -0.0381668284535408
    },
    {
      "position": 8,
      "token": "interviewed",
      "attribution": -0.034173257648944855
    },
    {
      "position": 87,
      "token": "who",
      "attribution": 0.030668752267956734
    },
    {
      "position": 106,
      "token": "former",
      "attribution": 0.02966400422155857
    },
    {
      "position": 263,
      "token": "tommy",
      "attribution": 0.029165519401431084
    },
    {
      "position": 94,
      "token": "considered",
      "attribution": -0.027710964903235435
    },
    {
      "position": 233,
      "token": "to",
      "attribution": 0.02754192426800728
    }
  ],
  "gate_mean": 0.46514976024627686,
  "gate_std": 0.1251371055841446,
  "config": {
    "model_name": "neural_transformer_gmu_resnet18_h256_lr2e4_focal",
    "modality": "multimodal",
    "text_encoder": "transformer",
    "image_encoder": "resnet18",
    "fusion": "gmu",
    "hidden_dim": 256,
    "text_cnn_channels": 128,
    "text_cnn_kernels": [
      3,
      4,
      5
    ],
    "text_rnn_hidden_dim": 128,
    "text_rnn_layers": 1,
    "text_rnn_dropout": 0.2,
    "text_attention_dim": 128,
    "text_transformer_layers": 2,
    "text_transformer_heads": 6,
    "text_transformer_ff_dim": 512,
    "text_transformer_dropout": 0.1,
    "pretrained_image": false,
    "freeze_image_backbone": true,
    "batch_size": 16,
    "epochs": 10,
    "learning_rate": 0.0002,
    "weight_decay": 0.01,
    "num_workers": 0,
    "patience": 3,
    "threshold_metric": "macro_f1",
    "threshold_strategy": "per_label",
    "threshold_min": 0.01,
    "threshold_max": 0.99,
    "threshold_steps": 99,
    "loss": "focal",
    "focal_gamma": 2.0,
    "pos_weight_clip": 10.0,
    "scheduler": "none",
    "scheduler_factor": 0.5,
    "scheduler_patience": 1,
    "min_learning_rate": 1e-06,
    "enable_label_correlation": true,
    "max_length": 512,
    "input_size": 224,
    "freeze_embeddings": false
  },
  "performance": {
    "measurements": [
      {
        "name": "neural_set_text_layer_integrated_gradients_idx_4033",
        "wall_time_s": 0.02333228700001655,
        "process_cpu_time_s": 0.023502872999998203,
        "process_cpu_util_percent": 100.73111564237803,
        "rss_start_mb": 2446.5234375,
        "rss_end_mb": 2446.5625,
        "rss_delta_mb": 0.0390625,
        "rss_peak_mb": 2446.56640625,
        "cuda_start": {
          "cuda_available": true,
          "cuda_device": "NVIDIA A100-SXM4-40GB",
          "cuda_allocated_mb": 374.13720703125,
          "cuda_reserved_mb": 1590.0,
          "cuda_peak_allocated_mb": 374.13720703125,
          "cuda_peak_reserved_mb": 1590.0
        },
        "cuda_end": {
          "cuda_available": true,
          "cuda_device": "NVIDIA A100-SXM4-40GB",
          "cuda_allocated_mb": 374.13720703125,
          "cuda_reserved_mb": 1590.0,
          "cuda_peak_allocated_mb": 711.0517578125,
          "cuda_peak_reserved_mb": 1590.0
        }
      },
      {
        "name": "neural_set_text_visualization_idx_4033",
        "wall_time_s": 0.1983644379999987,
        "process_cpu_time_s": 0.19343034400000647,
        "process_cpu_util_percent": 97.51261161035717,
        "rss_start_mb": 2446.59375,
        "rss_end_mb": 2447.01953125,
        "rss_delta_mb": 0.42578125,
        "rss_peak_mb": 2447.0234375,
        "cuda_start": {
          "cuda_available": true,
          "cuda_device": "NVIDIA A100-SXM4-40GB",
          "cuda_allocated_mb": 374.13720703125,
          "cuda_reserved_mb": 1590.0,
          "cuda_peak_allocated_mb": 374.13720703125,
          "cuda_peak_reserved_mb": 1590.0
        },
        "cuda_end": {
          "cuda_available": true,
          "cuda_device": "NVIDIA A100-SXM4-40GB",
          "cuda_allocated_mb": 374.13720703125,
          "cuda_reserved_mb": 1590.0,
          "cuda_peak_allocated_mb": 374.13720703125,
          "cuda_peak_reserved_mb": 1590.0
        }
      },
      {
        "name": "neural_set_image_integrated_gradients_idx_4033",
        "wall_time_s": 0.014325301999974727,
        "process_cpu_time_s": 0.014401020999997627,
        "process_cpu_util_percent": 100.52856826350352,
        "rss_start_mb": 2447.046875,
        "rss_end_mb": 2447.08984375,
        "rss_delta_mb": 0.04296875,
        "rss_peak_mb": 2447.0859375,
        "cuda_start": {
          "cuda_available": true,
          "cuda_device": "NVIDIA A100-SXM4-40GB",
          "cuda_allocated_mb": 374.13720703125,
          "cuda_reserved_mb": 1590.0,
          "cuda_peak_allocated_mb": 374.13720703125,
          "cuda_peak_reserved_mb": 1590.0
        },
        "cuda_end": {
          "cuda_available": true,
          "cuda_device": "NVIDIA A100-SXM4-40GB",
          "cuda_allocated_mb": 374.13720703125,
          "cuda_reserved_mb": 1590.0,
          "cuda_peak_allocated_mb": 782.00244140625,