{
  "index": 24,
  "target_genre": "Animation",
  "target_genres": [
    "Animation"
  ],
  "true_genres": [
    "Drama",
    "Film-Noir"
  ],
  "predicted_genres": [
    "Family",
    "History",
    "Animation",
    "Short",
    "Drama"
  ],
  "probability": 0.7709589245418739,
  "top_probabilities": {
    "Family": 0.8452852368354797,
    "History": 0.7818617224693298,
    "Animation": 0.7709589004516602,
    "Short": 0.7030487060546875,
    "Romance": 0.48403942584991455
  },
  "target_selection": {
    "policy": "predicted",
    "target_indices": [
      12,
      15,
      17
    ],
    "target_genres": [
      "Family",
      "History",
      "Animation"
    ],
    "all_selected_indices": [
      12,
      15,
      17,
      21,
      0
    ],
    "all_selected_genres": [
      "Family",
      "History",
      "Animation",
      "Short",
      "Drama"
    ],
    "predicted_indices": [
      12,
      15,
      17,
      21,
      0
    ],
    "predicted_genres": [
      "Family",
      "History",
      "Animation",
      "Short",
      "Drama"
    ],
    "threshold": [
      0.30000001192092896,
      0.44999998807907104,
      0.5,
      0.5,
      0.6000000238418579,
      0.550000011920929,
      0.6000000238418579,
      0.6000000238418579,
      0.6000000238418579,
      0.5,
      0.699999988079071,
      0.75,
      0.6000000238418579,
      0.699999988079071,
      0.6499999761581421,
      0.6000000238418579,
      0.6499999761581421,
      0.550000011920929,
      0.699999988079071,
      0.6000000238418579,
      0.6499999761581421,
      0.5,
      0.699999988079071
    ],
    "max_targets_per_sample": 3
  },
  "method": "linear_feature_contribution",
  "methods": [
    "linear_feature_contribution",
    "modality_shapley"
  ],
  "modality_shapley": {
    "method": "two_modality_shapley",
    "probability": {
      "values": {
        "blank": 0.09773913871584991,
        "text_only": 0.19189897618908008,
        "image_only": 0.6055990616992833,
        "both": 0.7709589245418739
      },
      "shapley": {
        "text": 0.12975985015791036,
        "image": 0.5434599356681136,
        "interaction": 0.0712000253693604,
        "blank_to_both_delta": 0.6732197858260239,
        "abs_total": 0.6732197858260239,
        "text_utilization": 0.19274515231114048,
        "image_utilization": 0.8072548476888595
      }
    },
    "logit": {
      "values": {
        "blank": -2.222601601638295,
        "text_only": -1.437718012302354,
        "image_only": 0.4288501509640694,
        "both": 1.2137337403000092
      },
      "shapley": {
        "text": 0.7848835893359403,
        "image": 2.6514517526023638,
        "interaction": -8.881784197001252e-16,
        "blank_to_both_delta": 3.436335341938304,
        "abs_total": 3.436335341938304,
        "text_utilization": 0.22840715798511613,
        "image_utilization": 0.7715928420148839
      }
    }
  },
  "intercept": -2.222601601638295,
  "text_logit_contribution": 0.7848835893359408,
  "image_logit_contribution": 2.6514517526023633,
  "label_dependency_logit_contribution": 0.0,
  "top_text_features": [
    {
      "feature": "little",
      "tfidf": 0.1634906679391861,
      "contribution": 0.6656781836752133
    },
    {
      "feature": "the",
      "tfidf": 0.21718016266822815,
      "contribution": 0.4163318538551066
    },
    {
      "feature": "group",
      "tfidf": 0.15543897449970245,
      "contribution": -0.26351692649383013
    },
    {
      "feature": "of",
      "tfidf": 0.11920228600502014,
      "contribution": -0.2393034661680632
    },
    {
      "feature": "girl",
      "tfidf": 0.21890108287334442,
      "contribution": 0.23678252716917986
    },
    {
      "feature": "save",
      "tfidf": 0.08749396353960037,
      "contribution": 0.23529433641335307
    },
    {
      "feature": "find",
      "tfidf": 0.06189834326505661,
      "contribution": 0.21250159444454172
    },
    {
      "feature": "people",
      "tfidf": 0.1414855271577835,
      "contribution": -0.20299268732851872
    },
    {
      "feature": "all",
      "tfidf": 0.05520142987370491,
      "contribution": 0.20231253714605094
    },
    {
      "feature": "solve",
      "tfidf": 0.12153122574090958,
      "contribution": 0.16165318835316164
    },
    {
      "feature": "at",
      "tfidf": 0.045956965535879135,
      "contribution": -0.15480365729259943
    },
    {
      "feature": "ways",
      "tfidf": 0.10442261397838593,
      "contribution": 0.15070311023084484
    }
  ],
  "top_image_features": [
    {
      "feature": "thumbnail_y0_x30",
      "value": -1.0039093494415283,
      "contribution": 1.0899793764083543
    },
    {
      "feature": "thumbnail_y0_x2",
      "value": -1.2555910348892212,
      "contribution": 1.076025471013346
    },
    {
      "feature": "thumbnail_y12_x24",
      "value": 1.1887991428375244,
      "contribution": -1.063553572506643
    },
    {
      "feature": "thumbnail_y2_x24",
      "value": -1.1834827661514282,
      "contribution": 0.9927399126048646
    },
    {
      "feature": "thumbnail_y3_x5",
      "value": 1.2139168977737427,
      "contribution": 0.9046305078988189
    },
    {
      "feature": "thumbnail_y12_x23",
      "value": 0.8918888568878174,
      "contribution": 0.8752893381032641
    },
    {
      "feature": "thumbnail_y7_x7",
      "value": -1.2003017663955688,
      "contribution": 0.8344752139007903
    },
    {
      "feature": "thumbnail_y1_x2",
      "value": -1.0085561275482178,
      "contribution": -0.8052045183412534
    },
    {
      "feature": "thumbnail_y15_x6",
      "value": -1.4604655504226685,
      "contribution": 0.7997546866927826
    },
    {
      "feature": "thumbnail_y16_x10",
      "value": 1.4160995483398438,
      "contribution": 0.7740757463399792
    },
    {
      "feature": "thumbnail_y12_x25",
      "value": 1.3163810968399048,
      "contribution": 0.7684155605470043
    },
    {
      "feature": "thumbnail_y9_x1",
      "value": -0.9957689642906189,
      "contribution": 0.763412443416799
    }
  ],
  "label_dependency_contributions": [],
  "performance": {
    "measurements": [
      {
        "name": "classic_modality_shapley_idx_24_Animation",
        "wall_time_s": 0.024027788999774202,
        "process_cpu_time_s": 0.024122946000034062,
        "process_cpu_util_percent": 100.39602894906707,
        "rss_start_mb": 2209.2578125,
        "rss_end_mb": 2209.2578125,
        "rss_delta_mb": 0.0,
        "rss_peak_mb": 2209.26171875,
        "cuda_start": {
          "cuda_available": false
        },
        "cuda_end": {
          "cuda_available": false
        }
      },
      {
        "name": "classic_modality_shapley_visualization_idx_24_Animation",
        "wall_time_s": 0.12859715400009009,
        "process_cpu_time_s": 0.12040738899986536,
        "process_cpu_util_percent": 93.63145703814023,
        "rss_start_mb": 2209.2578125,
        "rss_end_mb": 2209.546875,
        "rss_delta_mb": 0.2890625,
        "rss_peak_mb": 2209.546875,
        "cuda_start": {
          "cuda_available": false
        },
        "cuda_end": {
          "cuda_available": false
        }
      },
      {
        "name": "classic_linear_contribution_idx_24_Animation",
        "wall_time_s": 0.0006256999995457591,
        "process_cpu_time_s": 0.000712231999841606,
        "process_cpu_util_percent": 113.82963087081137,
        "rss_start_mb": 2209.546875,
        "rss_end_mb": 2209.546875,
        "rss_delta_mb": 0.0,
        "rss_peak_mb": 2209.55078125,
        "cuda_start": {
          "cuda_available": false
        },
        "cuda_end": {
          "cuda_available": false
        }
      },
      {
        "name": "classic_visualization_idx_24_Animation",
        "wall_time_s": 0.19842416000028607,
        "process_cpu_time_s": 0.1832451980001224,
        "process_cpu_util_percent": 92.35024505073285,
        "rss_start_mb": 2209.546875,
        "rss_end_mb": 2210.08984375,