{
  "index": 17,
  "target_genre": "Comedy",
  "target_genres": [
    "Comedy"
  ],
  "true_genres": [
    "Drama",
    "Thriller",
    "Crime",
    "Film-Noir"
  ],
  "predicted_genres": [
    "Film-Noir",
    "Drama",
    "Comedy"
  ],
  "probability": 0.4913363487134584,
  "top_probabilities": {
    "Film-Noir": 0.9730101823806763,
    "Drama": 0.7705147862434387,
    "Fantasy": 0.5944518446922302,
    "Crime": 0.5247349143028259,
    "Comedy": 0.4913363456726074
  },
  "target_selection": {
    "policy": "predicted",
    "target_indices": [
      22,
      0,
      1
    ],
    "target_genres": [
      "Film-Noir",
      "Drama",
      "Comedy"
    ],
    "all_selected_indices": [
      22,
      0,
      1
    ],
    "all_selected_genres": [
      "Film-Noir",
      "Drama",
      "Comedy"
    ],
    "predicted_indices": [
      22,
      0,
      1
    ],
    "predicted_genres": [
      "Film-Noir",
      "Drama",
      "Comedy"
    ],
    "threshold": [
      0.30000001192092896,
      0.44999998807907104,
      0.5,
      0.5,
      0.6000000238418579,
      0.550000011920929,
      0.6000000238418579,
      0.6000000238418579,
      0.6000000238418579,
      0.5,
      0.699999988079071,
      0.75,
      0.6000000238418579,
      0.699999988079071,
      0.6499999761581421,
      0.6000000238418579,
      0.6499999761581421,
      0.550000011920929,
      0.699999988079071,
      0.6000000238418579,
      0.6499999761581421,
      0.5,
      0.699999988079071
    ],
    "max_targets_per_sample": 3
  },
  "method": "linear_feature_contribution",
  "methods": [
    "linear_feature_contribution",
    "modality_shapley"
  ],
  "modality_shapley": {
    "method": "two_modality_shapley",
    "probability": {
      "values": {
        "blank": 0.46548381070372413,
        "text_only": 0.48693056759891096,
        "image_only": 0.4698732542773073,
        "both": 0.4913363487134584
      },
      "shapley": {
        "text": 0.02145492566566895,
        "image": 0.004397612344065299,
        "interaction": 1.6337540964250774e-05,
        "blank_to_both_delta": 0.02585253800973425,
        "abs_total": 0.02585253800973425,
        "text_utilization": 0.829896300997238,
        "image_utilization": 0.17010369900276204
      }
    },
    "logit": {
      "values": {
        "blank": -0.1382847008630071,
        "text_only": -0.05228964057063787,
        "image_only": -0.12065313424334428,
        "both": -0.034658073950975726
      },
      "shapley": {
        "text": 0.08599506029236889,
        "image": 0.017631566619662475,
        "interaction": -6.661338147750939e-16,
        "blank_to_both_delta": 0.10362662691203137,
        "abs_total": 0.10362662691203137,
        "text_utilization": 0.8298548631267337,
        "image_utilization": 0.17014513687326627
      }
    }
  },
  "intercept": -0.1382847008630071,
  "text_logit_contribution": 0.08599506029236928,
  "image_logit_contribution": 0.01763156661966625,
  "label_dependency_logit_contribution": 0.0,
  "top_text_features": [
    {
      "feature": "big",
      "tfidf": 0.09555581957101822,
      "contribution": 0.1793525531411501
    },
    {
      "feature": "the",
      "tfidf": 0.1185542419552803,
      "contribution": -0.1633809295836801
    },
    {
      "feature": "new",
      "tfidf": 0.12203013896942139,
      "contribution": 0.16204917507977543
    },
    {
      "feature": "young",
      "tfidf": 0.06253930926322937,
      "contribution": -0.15914869519735492
    },
    {
      "feature": "life",
      "tfidf": 0.16822803020477295,
      "contribution": -0.15800620357454137
    },
    {
      "feature": "larry",
      "tfidf": 0.14442667365074158,
      "contribution": 0.152506468350549
    },
    {
      "feature": "justice",
      "tfidf": 0.12417735159397125,
      "contribution": -0.13445295653768766
    },
    {
      "feature": "fighting",
      "tfidf": 0.11317352950572968,
      "contribution": -0.13369578061665546
    },
    {
      "feature": "trying",
      "tfidf": 0.08850318938493729,
      "contribution": 0.12715829827551112
    },
    {
      "feature": "town",
      "tfidf": 0.1611945480108261,
      "contribution": 0.1242797762204714
    },
    {
      "feature": "boy",
      "tfidf": 0.08985915780067444,
      "contribution": -0.11502540228114295
    },
    {
      "feature": "stand",
      "tfidf": 0.1151089295744896,
      "contribution": 0.11196310339375051
    }
  ],
  "top_image_features": [
    {
      "feature": "thumbnail_y0_x14",
      "value": 1.4861315488815308,
      "contribution": 0.7193027652544522
    },
    {
      "feature": "thumbnail_y0_x13",
      "value": 1.4606233835220337,
      "contribution": -0.609240005504307
    },
    {
      "feature": "thumbnail_y13_x3",
      "value": 1.6906617879867554,
      "contribution": 0.5232745355023276
    },
    {
      "feature": "thumbnail_y13_x4",
      "value": 1.6142703294754028,
      "contribution": -0.5195047491182371
    },
    {
      "feature": "thumbnail_y1_x13",
      "value": 1.3373632431030273,
      "contribution": 0.5142402860498139
    },
    {
      "feature": "thumbnail_y1_x5",
      "value": 1.4969271421432495,
      "contribution": 0.5106566292300168
    },
    {
      "feature": "thumbnail_y8_x25",
      "value": -1.5628608465194702,
      "contribution": -0.5009582106217458
    },
    {
      "feature": "thumbnail_y0_x5",
      "value": 1.542128324508667,
      "contribution": -0.48236116827816905
    },
    {
      "feature": "thumbnail_y17_x30",
      "value": -0.9497467875480652,
      "contribution": -0.4523171192508466
    },
    {
      "feature": "thumbnail_y1_x4",
      "value": 1.490739107131958,
      "contribution": -0.4437772981265561
    },
    {
      "feature": "thumbnail_y0_x18",
      "value": 1.41090726852417,
      "contribution": 0.4409196800129416
    },
    {
      "feature": "thumbnail_y18_x3",
      "value": 1.6272536516189575,
      "contribution": -0.42509324209115384
    }
  ],
  "label_dependency_contributions": [],
  "performance": {
    "measurements": [
      {
        "name": "classic_modality_shapley_idx_17_Comedy",
        "wall_time_s": 0.028293699986534193,
        "process_cpu_time_s": 0.015625,
        "process_cpu_util_percent": 55.22430791107702,
        "rss_start_mb": 333.46484375,
        "rss_end_mb": 333.48046875,
        "rss_delta_mb": 0.015625,
        "rss_peak_mb": 333.484375,
        "cuda_start": {
          "cuda_available": false,
          "cuda_error": "ModuleNotFoundError: No module named 'torch'"
        },
        "cuda_end": {
          "cuda_available": false,
          "cuda_error": "ModuleNotFoundError: No module named 'torch'"
        }
      },
      {
        "name": "classic_modality_shapley_visualization_idx_17_Comedy",
        "wall_time_s": 0.10036379998200573,
        "process_cpu_time_s": 0.109375,
        "process_cpu_util_percent": 108.97853610525897,
        "rss_start_mb": 333.46484375,
        "rss_end_mb": 335.36328125,
        "rss_delta_mb": 1.8984375,
        "rss_peak_mb": 337.24609375,
        "cuda_start": {
          "cuda_available": false,
          "cuda_error": "ModuleNotFoundError: No module named 'torch'"
        },
        "cuda_end": {
          "cuda_available": false,
          "cuda_error": "ModuleNotFoundError: No module named 'torch'"
        }
      },
      {
        "name": "classic_linear_contribution_idx_17_Comedy",
        "wall_time_s": 0.0016724999877624214,
        "process_cpu_time_s": 0.0,
        "process_cpu_util_percent": 0.0,
        "rss_start_mb": 335.34765625,
        "rss_end_mb": 335.36328125,
        "rss_delta_mb": 0.015625,
        "rss_peak_mb": 335.3671875,
        "cuda_start": {
          "cuda_available": false,
          "cuda_error": "ModuleNotFoundError: No module named 'torch'"
        },
        "cuda_end": {
          "cuda_available": false,