{
  "index": 9,
  "target_genre": "Drama",
  "target_genres": [
    "Drama"
  ],
  "true_genres": [
    "Drama",
    "Crime",
    "Film-Noir"
  ],
  "predicted_genres": [
    "Crime",
    "Thriller",
    "Drama"
  ],
  "probability": 0.6791054729921054,
  "top_probabilities": {
    "Crime": 0.9799250960350037,
    "Thriller": 0.8703922629356384,
    "Drama": 0.6791054606437683,
    "Comedy": 0.39744019508361816,
    "Mystery": 0.3791048526763916
  },
  "target_selection": {
    "policy": "predicted",
    "target_indices": [
      4,
      3,
      0
    ],
    "target_genres": [
      "Crime",
      "Thriller",
      "Drama"
    ],
    "all_selected_indices": [
      4,
      3,
      0
    ],
    "all_selected_genres": [
      "Crime",
      "Thriller",
      "Drama"
    ],
    "predicted_indices": [
      4,
      3,
      0
    ],
    "predicted_genres": [
      "Crime",
      "Thriller",
      "Drama"
    ],
    "threshold": [
      0.30000001192092896,
      0.44999998807907104,
      0.5,
      0.5,
      0.6000000238418579,
      0.550000011920929,
      0.6000000238418579,
      0.6000000238418579,
      0.6000000238418579,
      0.5,
      0.699999988079071,
      0.75,
      0.6000000238418579,
      0.699999988079071,
      0.6499999761581421,
      0.6000000238418579,
      0.6499999761581421,
      0.550000011920929,
      0.699999988079071,
      0.6000000238418579,
      0.6499999761581421,
      0.5,
      0.699999988079071
    ],
    "max_targets_per_sample": 3
  },
  "method": "linear_feature_contribution",
  "methods": [
    "linear_feature_contribution",
    "modality_shapley"
  ],
  "modality_shapley": {
    "method": "two_modality_shapley",
    "probability": {
      "values": {
        "blank": 0.35764809053502844,
        "text_only": 0.4794782090558099,
        "image_only": 0.5612435520023138,
        "both": 0.6791054729921054
      },
      "shapley": {
        "text": 0.11984601975528655,
        "image": 0.20161136270179045,
        "interaction": -0.003968197530989814,
        "blank_to_both_delta": 0.321457382457077,
        "abs_total": 0.321457382457077,
        "text_utilization": 0.37282086614168564,
        "image_utilization": 0.6271791338583144
      }
    },
    "logit": {
      "values": {
        "blank": -0.5855867834776273,
        "text_only": -0.08213330443364852,
        "image_only": 0.24621047939005758,
        "both": 0.7496639584340382
      },
      "shapley": {
        "text": 0.5034534790439797,
        "image": 0.8317972628676857,
        "interaction": 1.887379141862766e-15,
        "blank_to_both_delta": 1.3352507419116655,
        "abs_total": 1.3352507419116655,
        "text_utilization": 0.37704789313443127,
        "image_utilization": 0.6229521068655687
      }
    }
  },
  "intercept": -0.5855867834776273,
  "text_logit_contribution": 0.5034534790439783,
  "image_logit_contribution": 0.8317972628676833,
  "label_dependency_logit_contribution": 0.0,
  "top_text_features": [
    {
      "feature": "that",
      "tfidf": 0.14602991938591003,
      "contribution": -0.23621329545642708
    },
    {
      "feature": "austin",
      "tfidf": 0.3334362506866455,
      "contribution": -0.18241150535462547
    },
    {
      "feature": "tom",
      "tfidf": 0.4832363724708557,
      "contribution": -0.17974550603397657
    },
    {
      "feature": "the",
      "tfidf": 0.1366267204284668,
      "contribution": -0.15552920759154343
    },
    {
      "feature": "life",
      "tfidf": 0.04616019129753113,
      "contribution": 0.13908939562877895
    },
    {
      "feature": "in",
      "tfidf": 0.05684157460927963,
      "contribution": 0.11210415632845257
    },
    {
      "feature": "they",
      "tfidf": 0.09785111993551254,
      "contribution": -0.10201868858060391
    },
    {
      "feature": "capital",
      "tfidf": 0.1191396564245224,
      "contribution": 0.09428153688821563
    },
    {
      "feature": "his",
      "tfidf": 0.04117762669920921,
      "contribution": 0.08427511243890784
    },
    {
      "feature": "punishment",
      "tfidf": 0.1294139325618744,
      "contribution": 0.07414791836250441
    },
    {
      "feature": "decide",
      "tfidf": 0.07660188525915146,
      "contribution": 0.06731343176202752
    },
    {
      "feature": "public",
      "tfidf": 0.04596138373017311,
      "contribution": 0.06024682356786567
    }
  ],
  "top_image_features": [
    {
      "feature": "thumbnail_y15_x2",
      "value": 1.7871543169021606,
      "contribution": -0.7597697146326412
    },
    {
      "feature": "thumbnail_y18_x21",
      "value": 1.680476188659668,
      "contribution": 0.7417699426717013
    },
    {
      "feature": "thumbnail_y1_x5",
      "value": 1.7511372566223145,
      "contribution": -0.6495863465199079
    },
    {
      "feature": "thumbnail_y15_x1",
      "value": 1.7374781370162964,
      "contribution": 0.6173291168145011
    },
    {
      "feature": "thumbnail_y0_x5",
      "value": 1.620619535446167,
      "contribution": 0.6137485151002245
    },
    {
      "feature": "thumbnail_y19_x28",
      "value": 1.631334662437439,
      "contribution": -0.6082454499998792
    },
    {
      "feature": "thumbnail_y19_x11",
      "value": 1.6773849725723267,
      "contribution": -0.5722242637989297
    },
    {
      "feature": "thumbnail_y19_x9",
      "value": 1.5978978872299194,
      "contribution": 0.5631178555069632
    },
    {
      "feature": "thumbnail_y9_x30",
      "value": 1.6939821243286133,
      "contribution": 0.551506682962704
    },
    {
      "feature": "bottom_right_G_hist_bin_15",
      "value": 3.060485601425171,
      "contribution": 0.5484434235361186
    },
    {
      "feature": "thumbnail_y5_x2",
      "value": 1.691308856010437,
      "contribution": -0.5328182284469302
    },
    {
      "feature": "thumbnail_y19_x12",
      "value": 1.6856813430786133,
      "contribution": 0.5069690738101442
    }
  ],
  "label_dependency_contributions": [],
  "performance": {
    "measurements": [
      {
        "name": "classic_modality_shapley_idx_9_Drama",
        "wall_time_s": 0.03910483799973008,
        "process_cpu_time_s": 0.03687582499992459,
        "process_cpu_util_percent": 94.29990478461802,
        "rss_start_mb": 2198.50390625,
        "rss_end_mb": 2198.50390625,
        "rss_delta_mb": 0.0,
        "rss_peak_mb": 2198.5078125,
        "cuda_start": {
          "cuda_available": false
        },
        "cuda_end": {
          "cuda_available": false
        }
      },
      {
        "name": "classic_modality_shapley_visualization_idx_9_Drama",
        "wall_time_s": 0.15657896199991228,
        "process_cpu_time_s": 0.14689814999996997,
        "process_cpu_util_percent": 93.81729711559352,
        "rss_start_mb": 2198.50390625,
        "rss_end_mb": 2198.78515625,
        "rss_delta_mb": 0.28125,
        "rss_peak_mb": 2198.7890625,
        "cuda_start": {
          "cuda_available": false
        },
        "cuda_end": {
          "cuda_available": false
        }
      },
      {
        "name": "classic_linear_contribution_idx_9_Drama",
        "wall_time_s": 0.0007760400003462564,
        "process_cpu_time_s": 0.0007684310000968253,
        "process_cpu_util_percent": 99.01950927194008,
        "rss_start_mb": 2198.78515625,
        "rss_end_mb": 2198.78515625,
        "rss_delta_mb": 0.0,
        "rss_peak_mb": 2198.7890625,
        "cuda_start": {
          "cuda_available": false
        },
        "cuda_end": {
          "cuda_available": false
        }
      },
      {
        "name": "classic_visualization_idx_9_Drama",
        "wall_time_s": 0.2992501449998599,
        "process_cpu_time_s": 0.2579364670000359,
        "process_cpu_util_percent": 86.19426633867016,
        "rss_start_mb": 2198.78515625,
        "rss_end_mb": 2199.37890625,
        "rss_delta_mb": 0.59375,
        "rss_peak_mb": 2199.37890625,
        "cuda_start": {
          "cuda_available": false
        },