{
  "index": 16,
  "target_genre": "Thriller",
  "target_genres": [
    "Thriller"
  ],
  "true_genres": [
    "Drama",
    "Thriller",
    "Crime",
    "Mystery",
    "Film-Noir"
  ],
  "predicted_genres": [
    "Drama",
    "Thriller",
    "Mystery",
    "Romance"
  ],
  "probability": 0.650259934037786,
  "top_probabilities": {
    "Drama": 0.8036894798278809,
    "Thriller": 0.6502599120140076,
    "Mystery": 0.6180877089500427,
    "Romance": 0.5659251809120178,
    "Fantasy": 0.4114040732383728
  },
  "target_selection": {
    "policy": "predicted",
    "target_indices": [
      0,
      3,
      9
    ],
    "target_genres": [
      "Drama",
      "Thriller",
      "Mystery"
    ],
    "all_selected_indices": [
      0,
      3,
      9,
      2
    ],
    "all_selected_genres": [
      "Drama",
      "Thriller",
      "Mystery",
      "Romance"
    ],
    "predicted_indices": [
      0,
      3,
      9,
      2
    ],
    "predicted_genres": [
      "Drama",
      "Thriller",
      "Mystery",
      "Romance"
    ],
    "threshold": [
      0.30000001192092896,
      0.44999998807907104,
      0.5,
      0.5,
      0.6000000238418579,
      0.550000011920929,
      0.6000000238418579,
      0.6000000238418579,
      0.6000000238418579,
      0.5,
      0.699999988079071,
      0.75,
      0.6000000238418579,
      0.699999988079071,
      0.6499999761581421,
      0.6000000238418579,
      0.6499999761581421,
      0.550000011920929,
      0.699999988079071,
      0.6000000238418579,
      0.6499999761581421,
      0.5,
      0.699999988079071
    ],
    "max_targets_per_sample": 3
  },
  "method": "linear_feature_contribution",
  "methods": [
    "linear_feature_contribution",
    "modality_shapley"
  ],
  "modality_shapley": {
    "method": "two_modality_shapley",
    "probability": {
      "values": {
        "blank": 0.22067535862780757,
        "text_only": 0.6172254410689753,
        "image_only": 0.24613350176035328,
        "both": 0.650259934037786
      },
      "shapley": {
        "text": 0.4003382573593002,
        "image": 0.029246318050678247,
        "interaction": 0.007576349836265067,
        "blank_to_both_delta": 0.42958457540997846,
        "abs_total": 0.4295845754099784,
        "text_utilization": 0.9319195340690091,
        "image_utilization": 0.06808046593099094
      }
    },
    "logit": {
      "values": {
        "blank": -1.2617350441840947,
        "text_only": 0.4777881428797206,
        "image_only": -1.119341215481636,
        "both": 0.6201819715821817
      },
      "shapley": {
        "text": 1.7395231870638166,
        "image": 0.14239382870245987,
        "interaction": 2.4424906541753444e-15,
        "blank_to_both_delta": 1.8819170157662763,
        "abs_total": 1.8819170157662763,
        "text_utilization": 0.9243357557695072,
        "image_utilization": 0.0756642442304929
      }
    }
  },
  "intercept": -1.2617350441840947,
  "text_logit_contribution": 1.7395231870638153,
  "image_logit_contribution": 0.14239382870245845,
  "label_dependency_logit_contribution": 0.0,
  "top_text_features": [
    {
      "feature": "that",
      "tfidf": 0.1227244958281517,
      "contribution": 0.27627813192806566
    },
    {
      "feature": "suddenly",
      "tfidf": 0.08740118891000748,
      "contribution": 0.1610574433956386
    },
    {
      "feature": "suspicion",
      "tfidf": 0.11825529485940933,
      "contribution": 0.16104057508960717
    },
    {
      "feature": "those",
      "tfidf": 0.07330744713544846,
      "contribution": 0.1330089481736563
    },
    {
      "feature": "mysterious",
      "tfidf": 0.07592181861400604,
      "contribution": 0.12982289379295328
    },
    {
      "feature": "murdered",
      "tfidf": 0.08250788599252701,
      "contribution": 0.12051993033524568
    },
    {
      "feature": "tells",
      "tfidf": 0.06784950196743011,
      "contribution": 0.12048563787079528
    },
    {
      "feature": "she",
      "tfidf": 0.12219897657632828,
      "contribution": -0.10914646068995938
    },
    {
      "feature": "is",
      "tfidf": 0.0478525348007679,
      "contribution": 0.10882223700232654
    },
    {
      "feature": "step",
      "tfidf": 0.10129367560148239,
      "contribution": -0.0982387458264544
    },
    {
      "feature": "now",
      "tfidf": 0.057026877999305725,
      "contribution": 0.09631421727048017
    },
    {
      "feature": "to",
      "tfidf": 0.13891831040382385,
      "contribution": 0.09007431944428325
    }
  ],
  "top_image_features": [
    {
      "feature": "thumbnail_y19_x18",
      "value": -1.24076509475708,
      "contribution": -0.7331570432550574
    },
    {
      "feature": "thumbnail_y19_x19",
      "value": -1.229798436164856,
      "contribution": 0.6259249599273883
    },
    {
      "feature": "thumbnail_y0_x5",
      "value": -1.2573899030685425,
      "contribution": -0.5964461244028824
    },
    {
      "feature": "thumbnail_y18_x18",
      "value": -1.4600181579589844,
      "contribution": 0.5343690940079596
    },
    {
      "feature": "thumbnail_y11_x2",
      "value": 1.7957324981689453,
      "contribution": 0.5324935866701568
    },
    {
      "feature": "thumbnail_y19_x11",
      "value": -1.1699142456054688,
      "contribution": 0.5274635003606776
    },
    {
      "feature": "thumbnail_y0_x20",
      "value": -1.2434091567993164,
      "contribution": 0.5226926681772329
    },
    {
      "feature": "thumbnail_y12_x2",
      "value": 1.4394588470458984,
      "contribution": -0.519089336637493
    },
    {
      "feature": "thumbnail_y0_x4",
      "value": -1.1170483827590942,
      "contribution": 0.495814148389059
    },
    {
      "feature": "thumbnail_y1_x7",
      "value": -1.4996057748794556,
      "contribution": 0.4805488864341622
    },
    {
      "feature": "thumbnail_y0_x19",
      "value": -1.276525616645813,
      "contribution": -0.47730146264302525
    },
    {
      "feature": "thumbnail_y11_x1",
      "value": 1.370774507522583,
      "contribution": -0.4635643572896344
    }
  ],
  "label_dependency_contributions": [],
  "performance": {
    "measurements": [
      {
        "name": "classic_modality_shapley_idx_16_Thriller",
        "wall_time_s": 0.06093086700002459,
        "process_cpu_time_s": 0.0462715159999334,
        "process_cpu_util_percent": 75.94101032554605,
        "rss_start_mb": 2205.82421875,
        "rss_end_mb": 2205.82421875,
        "rss_delta_mb": 0.0,
        "rss_peak_mb": 2205.828125,
        "cuda_start": {
          "cuda_available": false
        },
        "cuda_end": {
          "cuda_available": false
        }
      },
      {
        "name": "classic_modality_shapley_visualization_idx_16_Thriller",
        "wall_time_s": 0.24097849800000404,
        "process_cpu_time_s": 0.19934739299992543,
        "process_cpu_util_percent": 82.72414122189528,
        "rss_start_mb": 2205.82421875,
        "rss_end_mb": 2205.8359375,
        "rss_delta_mb": 0.01171875,
        "rss_peak_mb": 2205.83984375,
        "cuda_start": {
          "cuda_available": false
        },
        "cuda_end": {
          "cuda_available": false
        }
      },
      {
        "name": "classic_linear_contribution_idx_16_Thriller",
        "wall_time_s": 0.0010324400000172318,
        "process_cpu_time_s": 0.0007303499999125052,
        "process_cpu_util_percent": 70.74018828215833,
        "rss_start_mb": 2205.8359375,
        "rss_end_mb": 2205.8359375,
        "rss_delta_mb": 0.0,
        "rss_peak_mb": 2205.83984375,
        "cuda_start": {
          "cuda_available": false
        },
        "cuda_end": {
          "cuda_available": false
        }
      },
      {
        "name": "classic_visualization_idx_16_Thriller",
        "wall_time_s": 0.4728040560003137,
        "process_cpu_time_s": 0.278239769000038,
        "process_cpu_util_percent": 58.84885408001943,
        "rss_start_mb": 2205.8359375,
        "rss_end_mb": 2205.8359375,
        "rss_delta_mb": 0.0,