{
  "index": 16,
  "target_genre": "Crime",
  "target_genres": [
    "Crime"
  ],
  "true_genres": [
    "Drama",
    "Thriller",
    "Crime",
    "Mystery",
    "Film-Noir"
  ],
  "predicted_genres": [
    "Action",
    "Thriller",
    "Crime",
    "Mystery",
    "Drama"
  ],
  "probability": 0.8018249273300171,
  "top_probabilities": {
    "Action": 0.8897483348846436,
    "Thriller": 0.8324973583221436,
    "Crime": 0.8018249273300171,
    "War": 0.7832969427108765,
    "Horror": 0.6877582669258118
  },
  "threshold": [
    0.36000001430511475,
    0.44999998807907104,
    0.5,
    0.5899999737739563,
    0.5400000214576721,
    0.7599999904632568,
    0.6899999976158142,
    0.8199999928474426,
    0.7200000286102295,
    0.6299999952316284,
    0.7799999713897705,
    0.7400000095367432,
    0.8100000023841858,
    0.6000000238418579,
    0.8899999856948853,
    0.7599999904632568,
    0.550000011920929,
    0.8999999761581421,
    0.7799999713897705,
    0.9700000286102295,
    0.7699999809265137,
    0.8899999856948853,
    0.9399999976158142
  ],
  "target_selection": {
    "policy": "predicted",
    "target_indices": [
      5,
      3,
      4
    ],
    "target_genres": [
      "Action",
      "Thriller",
      "Crime"
    ],
    "all_selected_indices": [
      5,
      3,
      4,
      9,
      0
    ],
    "all_selected_genres": [
      "Action",
      "Thriller",
      "Crime",
      "Mystery",
      "Drama"
    ],
    "predicted_indices": [
      5,
      3,
      4,
      9,
      0
    ],
    "predicted_genres": [
      "Action",
      "Thriller",
      "Crime",
      "Mystery",
      "Drama"
    ],
    "threshold": [
      0.36000001430511475,
      0.44999998807907104,
      0.5,
      0.5899999737739563,
      0.5400000214576721,
      0.7599999904632568,
      0.6899999976158142,
      0.8199999928474426,
      0.7200000286102295,
      0.6299999952316284,
      0.7799999713897705,
      0.7400000095367432,
      0.8100000023841858,
      0.6000000238418579,
      0.8899999856948853,
      0.7599999904632568,
      0.550000011920929,
      0.8999999761581421,
      0.7799999713897705,
      0.9700000286102295,
      0.7699999809265137,
      0.8899999856948853,
      0.9399999976158142
    ],
    "max_targets_per_sample": 3
  },
  "methods": [
    "IntegratedGradients_image_pixels",
    "image_occlusion_sensitivity",
    "experimental_label_correlation_head"
  ],
  "top_tokens": [],
  "gate_mean": null,
  "gate_std": null,
  "config": {
    "model_name": "neural_efficientnet_b0_image_only_unfrozen_lr1e4",
    "modality": "image_only",
    "text_encoder": "bigru_attention",
    "image_encoder": "efficientnet_b0",
    "fusion": "gmu",
    "hidden_dim": 256,
    "text_cnn_channels": 128,
    "text_cnn_kernels": [
      3,
      4,
      5
    ],
    "text_rnn_hidden_dim": 128,
    "text_rnn_layers": 1,
    "text_rnn_dropout": 0.2,
    "text_attention_dim": 128,
    "text_transformer_layers": 2,
    "text_transformer_heads": 6,
    "text_transformer_ff_dim": 512,
    "text_transformer_dropout": 0.1,
    "pretrained_image": false,
    "freeze_image_backbone": false,
    "batch_size": 16,
    "epochs": 10,
    "learning_rate": 0.0001,
    "weight_decay": 0.01,
    "num_workers": 0,
    "patience": 3,
    "threshold_metric": "macro_f1",
    "threshold_strategy": "per_label",
    "threshold_min": 0.01,
    "threshold_max": 0.99,
    "threshold_steps": 99,
    "loss": "bce",
    "focal_gamma": 2.0,
    "pos_weight_clip": null,
    "scheduler": "plateau",
    "scheduler_factor": 0.5,
    "scheduler_patience": 1,
    "min_learning_rate": 1e-06,
    "enable_label_correlation": true,
    "max_length": 512,
    "input_size": 224,
    "freeze_embeddings": false
  },
  "performance": {
    "measurements": [
      {
        "name": "neural_image_integrated_gradients_idx_16_Crime",
        "wall_time_s": 0.6880500349998329,
        "process_cpu_time_s": 0.6945446640002046,
        "process_cpu_util_percent": 100.94391812658994,
        "rss_start_mb": 3347.8046875,
        "rss_end_mb": 3331.7265625,
        "rss_delta_mb": -16.078125,
        "rss_peak_mb": 3491.05078125,
        "cuda_start": {
          "cuda_available": false
        },
        "cuda_end": {
          "cuda_available": false
        }
      },
      {
        "name": "neural_image_ig_visualization_idx_16_Crime",
        "wall_time_s": 0.02790193900000304,
        "process_cpu_time_s": 0.018460304999734944,
        "process_cpu_util_percent": 66.16136964435674,
        "rss_start_mb": 3331.7265625,
        "rss_end_mb": 3331.7265625,
        "rss_delta_mb": 0.0,
        "rss_peak_mb": 3331.73046875,
        "cuda_start": {
          "cuda_available": false
        },
        "cuda_end": {
          "cuda_available": false
        }
      },
      {
        "name": "neural_image_occlusion_idx_16_Crime",
        "wall_time_s": 0.6105010860010225,
        "process_cpu_time_s": 0.6167358109996712,
        "process_cpu_util_percent": 101.02124715936023,
        "rss_start_mb": 3331.7265625,
        "rss_end_mb": 3331.73046875,
        "rss_delta_mb": 0.00390625,
        "rss_peak_mb": 3405.234375,
        "cuda_start": {
          "cuda_available": false
        },
        "cuda_end": {
          "cuda_available": false
        }
      },
      {
        "name": "neural_image_occlusion_visualization_idx_16_Crime",
        "wall_time_s": 0.037250969999149675,
        "process_cpu_time_s": 0.02053421399978106,
        "process_cpu_util_percent": 55.12397126906975,
        "rss_start_mb": 3331.73046875,
        "rss_end_mb": 3331.73046875,
        "rss_delta_mb": 0.0,
        "rss_peak_mb": 3331.734375,
        "cuda_start": {
          "cuda_available": false
        },
        "cuda_end": {
          "cuda_available": false
        }
      }
    ],
    "summary": {
      "count": 4,
      "total_wall_time_s": 1.363704030000008,
      "mean_wall_time_s": 0.340926007500002,
      "total_process_cpu_time_s": 1.3502749939993919,
      "mean_process_cpu_util_percent": 80.81262654984417,
      "max_rss_peak_mb": 3491.05078125
    }
  },
  "image_occlusion": {
    "baseline_probability": 0.8018249273300171,
    "baseline_logit": 1.397739291191101,
    "grid_size": 4,
    "top_patches": [
      {
        "row": 1,
        "col": 2,
        "y0": 56,
        "y1": 112,
        "x0": 112,
        "x1": 168,
        "occluded_probability": 0.7450125813484192,
        "probability_delta": 0.0568123459815979,
        "occluded_logit": 1.072187066078186,
        "logit_delta": 0.32555222511291504
      },
      {
        "row": 2,
        "col": 1,
        "y0": 112,
        "y1": 168,
        "x0": 56,
        "x1": 112,
        "occluded_probability": 0.7466593980789185,
        "probability_delta": 0.05516552925109863,
        "occluded_logit": 1.0808742046356201,
        "logit_delta": 0.31686508655548096
      },
      {
        "row": 0,
        "col": 1,
        "y0": 0,
        "y1": 56,
        "x0": 56,
        "x1": 112,
        "occluded_probability": 0.8529849648475647,
        "probability_delta": -0.05116003751754761,
        "occluded_logit": 1.7582069635391235,
        "logit_delta": -0.36046767234802246
      },
      {
        "row": 2,
        "col": 2,
        "y0": 112,
        "y1": 168,
        "x0": 112,
        "x1": 168,
        "occluded_probability": 0.7547200918197632,
        "probability_delta": 0.047104835510253906,
        "occluded_logit": 1.1239467859268188,
        "logit_delta": 0.2737925052642822
      },
      {
        "row": 1,
        "col": 0,
        "y0": 56,
        "y1": 112,
        "x0": 0,
        "x1": 56,
        "occluded_probability": 0.7651534080505371,
        "probability_delta": 0.03667151927947998,
        "occluded_logit": 1.1811437606811523,
        "logit_delta": 0.21659553050994873
      },
      {
        "row": 3,
        "col": 3,
        "y0": 168,
        "y1": 224,
        "x0": 168,
        "x1": 224,