{
  "index": 3150,
  "target_genre": "War",
  "target_genres": [
    "War"
  ],
  "true_genres": [
    "Drama",
    "War",
    "History"
  ],
  "predicted_genres": [
    "Western",
    "War",
    "History",
    "Biography",
    "Drama"
  ],
  "probability": 0.9506773948669434,
  "top_probabilities": {
    "Western": 0.9709796905517578,
    "War": 0.9506773948669434,
    "History": 0.9124295115470886,
    "Biography": 0.7448068857192993,
    "Drama": 0.602636992931366
  },
  "threshold": [
    0.36000001430511475,
    0.44999998807907104,
    0.5,
    0.5899999737739563,
    0.5400000214576721,
    0.7599999904632568,
    0.6899999976158142,
    0.8199999928474426,
    0.7200000286102295,
    0.6299999952316284,
    0.7799999713897705,
    0.7400000095367432,
    0.8100000023841858,
    0.6000000238418579,
    0.8899999856948853,
    0.7599999904632568,
    0.550000011920929,
    0.8999999761581421,
    0.7799999713897705,
    0.9700000286102295,
    0.7699999809265137,
    0.8899999856948853,
    0.9399999976158142
  ],
  "target_selection": {
    "policy": "predicted",
    "target_indices": [
      19,
      14,
      15
    ],
    "target_genres": [
      "Western",
      "War",
      "History"
    ],
    "all_selected_indices": [
      19,
      14,
      15,
      13,
      0
    ],
    "all_selected_genres": [
      "Western",
      "War",
      "History",
      "Biography",
      "Drama"
    ],
    "predicted_indices": [
      19,
      14,
      15,
      13,
      0
    ],
    "predicted_genres": [
      "Western",
      "War",
      "History",
      "Biography",
      "Drama"
    ],
    "threshold": [
      0.36000001430511475,
      0.44999998807907104,
      0.5,
      0.5899999737739563,
      0.5400000214576721,
      0.7599999904632568,
      0.6899999976158142,
      0.8199999928474426,
      0.7200000286102295,
      0.6299999952316284,
      0.7799999713897705,
      0.7400000095367432,
      0.8100000023841858,
      0.6000000238418579,
      0.8899999856948853,
      0.7599999904632568,
      0.550000011920929,
      0.8999999761581421,
      0.7799999713897705,
      0.9700000286102295,
      0.7699999809265137,
      0.8899999856948853,
      0.9399999976158142
    ],
    "max_targets_per_sample": 3
  },
  "methods": [
    "IntegratedGradients_image_pixels",
    "image_occlusion_sensitivity",
    "experimental_label_correlation_head"
  ],
  "top_tokens": [],
  "gate_mean": null,
  "gate_std": null,
  "config": {
    "model_name": "neural_efficientnet_b0_image_only_unfrozen_lr1e4",
    "modality": "image_only",
    "text_encoder": "bigru_attention",
    "image_encoder": "efficientnet_b0",
    "fusion": "gmu",
    "hidden_dim": 256,
    "text_cnn_channels": 128,
    "text_cnn_kernels": [
      3,
      4,
      5
    ],
    "text_rnn_hidden_dim": 128,
    "text_rnn_layers": 1,
    "text_rnn_dropout": 0.2,
    "text_attention_dim": 128,
    "text_transformer_layers": 2,
    "text_transformer_heads": 6,
    "text_transformer_ff_dim": 512,
    "text_transformer_dropout": 0.1,
    "pretrained_image": false,
    "freeze_image_backbone": false,
    "batch_size": 16,
    "epochs": 10,
    "learning_rate": 0.0001,
    "weight_decay": 0.01,
    "num_workers": 0,
    "patience": 3,
    "threshold_metric": "macro_f1",
    "threshold_strategy": "per_label",
    "threshold_min": 0.01,
    "threshold_max": 0.99,
    "threshold_steps": 99,
    "loss": "bce",
    "focal_gamma": 2.0,
    "pos_weight_clip": null,
    "scheduler": "plateau",
    "scheduler_factor": 0.5,
    "scheduler_patience": 1,
    "min_learning_rate": 1e-06,
    "enable_label_correlation": true,
    "max_length": 512,
    "input_size": 224,
    "freeze_embeddings": false
  },
  "performance": {
    "measurements": [
      {
        "name": "neural_image_integrated_gradients_idx_3150_War",
        "wall_time_s": 0.025198586999977124,
        "process_cpu_time_s": 0.025293585000000007,
        "process_cpu_util_percent": 100.37699732934617,
        "rss_start_mb": 2827.30859375,
        "rss_end_mb": 2827.30859375,
        "rss_delta_mb": 0.0,
        "rss_peak_mb": 2827.3125,
        "cuda_start": {
          "cuda_available": true,
          "cuda_device": "NVIDIA A100-SXM4-40GB",
          "cuda_allocated_mb": 140.72314453125,
          "cuda_reserved_mb": 1590.0,
          "cuda_peak_allocated_mb": 140.72314453125,
          "cuda_peak_reserved_mb": 1590.0
        },
        "cuda_end": {
          "cuda_available": true,
          "cuda_device": "NVIDIA A100-SXM4-40GB",
          "cuda_allocated_mb": 140.72314453125,
          "cuda_reserved_mb": 1590.0,
          "cuda_peak_allocated_mb": 826.60595703125,
          "cuda_peak_reserved_mb": 1590.0
        }
      },
      {
        "name": "neural_image_ig_visualization_idx_3150_War",
        "wall_time_s": 0.03734430800000155,
        "process_cpu_time_s": 0.027336875000003147,
        "process_cpu_util_percent": 73.20225347327903,
        "rss_start_mb": 2827.3125,
        "rss_end_mb": 2827.3125,
        "rss_delta_mb": 0.0,
        "rss_peak_mb": 2827.31640625,
        "cuda_start": {
          "cuda_available": true,
          "cuda_device": "NVIDIA A100-SXM4-40GB",
          "cuda_allocated_mb": 140.72314453125,
          "cuda_reserved_mb": 1590.0,
          "cuda_peak_allocated_mb": 140.72314453125,
          "cuda_peak_reserved_mb": 1590.0
        },
        "cuda_end": {
          "cuda_available": true,
          "cuda_device": "NVIDIA A100-SXM4-40GB",
          "cuda_allocated_mb": 140.72314453125,
          "cuda_reserved_mb": 1590.0,
          "cuda_peak_allocated_mb": 140.72314453125,
          "cuda_peak_reserved_mb": 1590.0
        }
      },
      {
        "name": "neural_image_occlusion_idx_3150_War",
        "wall_time_s": 0.02115174499999739,
        "process_cpu_time_s": 0.021295170000001917,
        "process_cpu_util_percent": 100.6780764424143,
        "rss_start_mb": 2827.3125,
        "rss_end_mb": 2827.3125,
        "rss_delta_mb": 0.0,
        "rss_peak_mb": 2827.31640625,
        "cuda_start": {
          "cuda_available": true,
          "cuda_device": "NVIDIA A100-SXM4-40GB",
          "cuda_allocated_mb": 140.72314453125,
          "cuda_reserved_mb": 1590.0,
          "cuda_peak_allocated_mb": 140.72314453125,
          "cuda_peak_reserved_mb": 1590.0
        },
        "cuda_end": {
          "cuda_available": true,
          "cuda_device": "NVIDIA A100-SXM4-40GB",
          "cuda_allocated_mb": 140.72314453125,
          "cuda_reserved_mb": 1590.0,
          "cuda_peak_allocated_mb": 309.1611328125,
          "cuda_peak_reserved_mb": 1590.0
        }
      },
      {
        "name": "neural_image_occlusion_visualization_idx_3150_War",
        "wall_time_s": 0.03467145799993432,
        "process_cpu_time_s": 0.02918522699999926,
        "process_cpu_util_percent": 84.17652064142946,
        "rss_start_mb": 2827.3125,
        "rss_end_mb": 2827.31640625,
        "rss_delta_mb": 0.00390625,
        "rss_peak_mb": 2827.3203125,
        "cuda_start": {
          "cuda_available": true,
          "cuda_device": "NVIDIA A100-SXM4-40GB",
          "cuda_allocated_mb": 140.72314453125,
          "cuda_reserved_mb": 1590.0,
          "cuda_peak_allocated_mb": 140.72314453125,
          "cuda_peak_reserved_mb": 1590.0
        },
        "cuda_end": {
          "cuda_available": true,
          "cuda_device": "NVIDIA A100-SXM4-40GB",
          "cuda_allocated_mb": 140.72314453125,
          "cuda_reserved_mb": 1590.0,
          "cuda_peak_allocated_mb": 140.72314453125,
          "cuda_peak_reserved_mb": 1590.0
        }
      }
    ],
    "summary": {
      "count": 4,
      "total_wall_time_s": 0.11836609799991038,
      "mean_wall_time_s": 0.029591524499977595,
      "total_process_cpu_time_s": 0.10311085700000433,
      "mean_process_cpu_util_percent": 89.60846197161723,
      "max_rss_peak_mb": 2827.3203125
    }
  },
  "image_occlusion": {
    "baseline_probability": 0.9506773948669434,