{
  "index": 17058,
  "target_genre": "Drama",
  "target_genres": [
    "Drama"
  ],
  "true_genres": [
    "Comedy",
    "Action"
  ],
  "predicted_genres": [
    "Adventure",
    "Comedy",
    "Drama"
  ],
  "probability": 0.33395679901848774,
  "top_probabilities": {
    "Adventure": 0.7487338781356812,
    "Comedy": 0.6776840686798096,
    "Sport": 0.5679468512535095,
    "Music": 0.535399317741394,
    "Western": 0.5213781595230103
  },
  "target_selection": {
    "policy": "predicted",
    "target_indices": [
      6,
      1,
      0
    ],
    "target_genres": [
      "Adventure",
      "Comedy",
      "Drama"
    ],
    "all_selected_indices": [
      6,
      1,
      0
    ],
    "all_selected_genres": [
      "Adventure",
      "Comedy",
      "Drama"
    ],
    "predicted_indices": [
      6,
      1,
      0
    ],
    "predicted_genres": [
      "Adventure",
      "Comedy",
      "Drama"
    ],
    "threshold": [
      0.30000001192092896,
      0.44999998807907104,
      0.5,
      0.5,
      0.6000000238418579,
      0.550000011920929,
      0.6000000238418579,
      0.6000000238418579,
      0.6000000238418579,
      0.5,
      0.699999988079071,
      0.75,
      0.6000000238418579,
      0.699999988079071,
      0.6499999761581421,
      0.6000000238418579,
      0.6499999761581421,
      0.550000011920929,
      0.699999988079071,
      0.6000000238418579,
      0.6499999761581421,
      0.5,
      0.699999988079071
    ],
    "max_targets_per_sample": 3
  },
  "method": "linear_feature_contribution",
  "methods": [
    "linear_feature_contribution",
    "modality_shapley"
  ],
  "modality_shapley": {
    "method": "two_modality_shapley",
    "probability": {
      "values": {
        "blank": 0.35764809053502844,
        "text_only": 0.43916477090890166,
        "image_only": 0.2628171923850736,
        "both": 0.33395679901848774
      },
      "shapley": {
        "text": 0.07632814350364367,
        "image": -0.10001943502018437,
        "interaction": -0.010377073740459097,
        "blank_to_both_delta": -0.023691291516540702,
        "abs_total": 0.17634757852382804,
        "text_utilization": 0.432827851352267,
        "image_utilization": 0.567172148647733
      }
    },
    "logit": {
      "values": {
        "blank": -0.5855867834776273,
        "text_only": -0.24455247807453007,
        "image_only": -1.0313771998233778,
        "both": -0.6903428944202802
      },
      "shapley": {
        "text": 0.3410343054030974,
        "image": -0.44579041634575034,
        "interaction": 4.440892098500626e-16,
        "blank_to_both_delta": -0.10475611094265291,
        "abs_total": 0.7868247217488478,
        "text_utilization": 0.43343110095103826,
        "image_utilization": 0.5665688990489618
      }
    }
  },
  "intercept": -0.5855867834776273,
  "text_logit_contribution": 0.3410343054030971,
  "image_logit_contribution": -0.4457904163457508,
  "label_dependency_logit_contribution": 0.0,
  "top_text_features": [
    {
      "feature": "been",
      "tfidf": 0.20123757421970367,
      "contribution": -0.19983500298346604
    },
    {
      "feature": "days",
      "tfidf": 0.1321200430393219,
      "contribution": 0.19400926601499383
    },
    {
      "feature": "past",
      "tfidf": 0.13099129498004913,
      "contribution": 0.19016979279088891
    },
    {
      "feature": "bandit",
      "tfidf": 0.4424229562282562,
      "contribution": -0.1891144957524393
    },
    {
      "feature": "country",
      "tfidf": 0.13283559679985046,
      "contribution": 0.1551130565244973
    },
    {
      "feature": "few",
      "tfidf": 0.269304096698761,
      "contribution": 0.1531011969060678
    },
    {
      "feature": "texas",
      "tfidf": 0.17605827748775482,
      "contribution": -0.15303608569409105
    },
    {
      "feature": "in",
      "tfidf": 0.07745926827192307,
      "contribution": 0.15276680808250498
    },
    {
      "feature": "N",
      "tfidf": 0.14121823012828827,
      "contribution": 0.13723138074148447
    },
    {
      "feature": "it",
      "tfidf": 0.0720919594168663,
      "contribution": -0.10957547703854016
    },
    {
      "feature": "him",
      "tfidf": 0.06852962076663971,
      "contribution": 0.09821803991318914
    },
    {
      "feature": "years",
      "tfidf": 0.09646455943584442,
      "contribution": 0.09776533136094953
    }
  ],
  "top_image_features": [
    {
      "feature": "thumbnail_y19_x28",
      "value": -1.270720362663269,
      "contribution": 0.47378989523663756
    },
    {
      "feature": "thumbnail_y15_x1",
      "value": -1.2705830335617065,
      "contribution": -0.4514404441917769
    },
    {
      "feature": "thumbnail_y19_x9",
      "value": -1.2296369075775146,
      "contribution": -0.4333383903821578
    },
    {
      "feature": "thumbnail_y15_x2",
      "value": -0.9562920331954956,
      "contribution": 0.40654671971798517
    },
    {
      "feature": "thumbnail_y16_x29",
      "value": -1.294811487197876,
      "contribution": 0.3595458106684349
    },
    {
      "feature": "thumbnail_y19_x29",
      "value": -1.1799492835998535,
      "contribution": -0.3344732524161723
    },
    {
      "feature": "thumbnail_y18_x21",
      "value": -0.756515383720398,
      "contribution": -0.3339293806121204
    },
    {
      "feature": "thumbnail_y19_x26",
      "value": -1.2674715518951416,
      "contribution": 0.3328611663669305
    },
    {
      "feature": "thumbnail_y6_x28",
      "value": 1.7420198917388916,
      "contribution": -0.31557441741380704
    },
    {
      "feature": "thumbnail_y17_x1",
      "value": -1.086549997329712,
      "contribution": 0.3102948299494048
    },
    {
      "feature": "thumbnail_y17_x28",
      "value": -1.1651653051376343,
      "contribution": 0.2905249797819667
    },
    {
      "feature": "thumbnail_y19_x23",
      "value": -1.334503412246704,
      "contribution": -0.2857756454822339
    }
  ],
  "label_dependency_contributions": [],
  "performance": {
    "measurements": [
      {
        "name": "classic_modality_shapley_idx_17058_Drama",
        "wall_time_s": 0.025084221000042817,
        "process_cpu_time_s": 0.025299602000000476,
        "process_cpu_util_percent": 100.85863140799664,
        "rss_start_mb": 1053.4609375,
        "rss_end_mb": 1053.484375,
        "rss_delta_mb": 0.0234375,
        "rss_peak_mb": 1053.48828125,
        "cuda_start": {
          "cuda_available": true,
          "cuda_device": "NVIDIA A100-SXM4-40GB",
          "cuda_allocated_mb": 0.0,
          "cuda_reserved_mb": 0.0,
          "cuda_peak_allocated_mb": 0.0,
          "cuda_peak_reserved_mb": 0.0
        },
        "cuda_end": {
          "cuda_available": true,
          "cuda_device": "NVIDIA A100-SXM4-40GB",
          "cuda_allocated_mb": 0.0,
          "cuda_reserved_mb": 0.0,
          "cuda_peak_allocated_mb": 0.0,
          "cuda_peak_reserved_mb": 0.0
        }
      },
      {
        "name": "classic_modality_shapley_visualization_idx_17058_Drama",
        "wall_time_s": 0.11845185900006072,
        "process_cpu_time_s": 0.11394613800000286,
        "process_cpu_util_percent": 96.19615847476437,
        "rss_start_mb": 1053.515625,
        "rss_end_mb": 1053.7421875,
        "rss_delta_mb": 0.2265625,
        "rss_peak_mb": 1053.74609375,
        "cuda_start": {
          "cuda_available": true,
          "cuda_device": "NVIDIA A100-SXM4-40GB",
          "cuda_allocated_mb": 0.0,
          "cuda_reserved_mb": 0.0,
          "cuda_peak_allocated_mb": 0.0,
          "cuda_peak_reserved_mb": 0.0
        },
        "cuda_end": {
          "cuda_available": true,
          "cuda_device": "NVIDIA A100-SXM4-40GB",
          "cuda_allocated_mb": 0.0,
          "cuda_reserved_mb": 0.0,
          "cuda_peak_allocated_mb": 0.0,
          "cuda_peak_reserved_mb": 0.0
        }
      },
      {
        "name": "classic_linear_contribution_idx_17058_Drama",
        "wall_time_s": 0.0010637689999839495,