{
  "index": 24,
  "target_genre": "Thriller",
  "target_genres": [
    "Thriller"
  ],
  "true_genres": [
    "Drama",
    "Film-Noir"
  ],
  "predicted_genres": [
    "Thriller",
    "Crime",
    "Drama"
  ],
  "probability": 0.6729358434677124,
  "top_probabilities": {
    "Action": 0.7052866220474243,
    "Thriller": 0.6729358434677124,
    "Sci-Fi": 0.6531105637550354,
    "Crime": 0.6006123423576355,
    "Sport": 0.5622280240058899
  },
  "threshold": [
    0.36000001430511475,
    0.44999998807907104,
    0.5,
    0.5899999737739563,
    0.5400000214576721,
    0.7599999904632568,
    0.6899999976158142,
    0.8199999928474426,
    0.7200000286102295,
    0.6299999952316284,
    0.7799999713897705,
    0.7400000095367432,
    0.8100000023841858,
    0.6000000238418579,
    0.8899999856948853,
    0.7599999904632568,
    0.550000011920929,
    0.8999999761581421,
    0.7799999713897705,
    0.9700000286102295,
    0.7699999809265137,
    0.8899999856948853,
    0.9399999976158142
  ],
  "target_selection": {
    "policy": "predicted",
    "target_indices": [
      3,
      4,
      0
    ],
    "target_genres": [
      "Thriller",
      "Crime",
      "Drama"
    ],
    "all_selected_indices": [
      3,
      4,
      0
    ],
    "all_selected_genres": [
      "Thriller",
      "Crime",
      "Drama"
    ],
    "predicted_indices": [
      3,
      4,
      0
    ],
    "predicted_genres": [
      "Thriller",
      "Crime",
      "Drama"
    ],
    "threshold": [
      0.36000001430511475,
      0.44999998807907104,
      0.5,
      0.5899999737739563,
      0.5400000214576721,
      0.7599999904632568,
      0.6899999976158142,
      0.8199999928474426,
      0.7200000286102295,
      0.6299999952316284,
      0.7799999713897705,
      0.7400000095367432,
      0.8100000023841858,
      0.6000000238418579,
      0.8899999856948853,
      0.7599999904632568,
      0.550000011920929,
      0.8999999761581421,
      0.7799999713897705,
      0.9700000286102295,
      0.7699999809265137,
      0.8899999856948853,
      0.9399999976158142
    ],
    "max_targets_per_sample": 3
  },
  "methods": [
    "IntegratedGradients_image_pixels",
    "image_occlusion_sensitivity",
    "experimental_label_correlation_head"
  ],
  "top_tokens": [],
  "gate_mean": null,
  "gate_std": null,
  "config": {
    "model_name": "neural_efficientnet_b0_image_only_unfrozen_lr1e4",
    "modality": "image_only",
    "text_encoder": "bigru_attention",
    "image_encoder": "efficientnet_b0",
    "fusion": "gmu",
    "hidden_dim": 256,
    "text_cnn_channels": 128,
    "text_cnn_kernels": [
      3,
      4,
      5
    ],
    "text_rnn_hidden_dim": 128,
    "text_rnn_layers": 1,
    "text_rnn_dropout": 0.2,
    "text_attention_dim": 128,
    "text_transformer_layers": 2,
    "text_transformer_heads": 6,
    "text_transformer_ff_dim": 512,
    "text_transformer_dropout": 0.1,
    "pretrained_image": false,
    "freeze_image_backbone": false,
    "batch_size": 16,
    "epochs": 10,
    "learning_rate": 0.0001,
    "weight_decay": 0.01,
    "num_workers": 0,
    "patience": 3,
    "threshold_metric": "macro_f1",
    "threshold_strategy": "per_label",
    "threshold_min": 0.01,
    "threshold_max": 0.99,
    "threshold_steps": 99,
    "loss": "bce",
    "focal_gamma": 2.0,
    "pos_weight_clip": null,
    "scheduler": "plateau",
    "scheduler_factor": 0.5,
    "scheduler_patience": 1,
    "min_learning_rate": 1e-06,
    "enable_label_correlation": true,
    "max_length": 512,
    "input_size": 224,
    "freeze_embeddings": false
  },
  "performance": {
    "measurements": [
      {
        "name": "neural_image_integrated_gradients_idx_24_Thriller",
        "wall_time_s": 0.7238534049993177,
        "process_cpu_time_s": 0.7295403269999952,
        "process_cpu_util_percent": 100.7856455411276,
        "rss_start_mb": 3331.73046875,
        "rss_end_mb": 3454.296875,
        "rss_delta_mb": 122.56640625,
        "rss_peak_mb": 3503.890625,
        "cuda_start": {
          "cuda_available": false
        },
        "cuda_end": {
          "cuda_available": false
        }
      },
      {
        "name": "neural_image_ig_visualization_idx_24_Thriller",
        "wall_time_s": 0.02641287000005832,
        "process_cpu_time_s": 0.016757144999701268,
        "process_cpu_util_percent": 63.44310557566924,
        "rss_start_mb": 3454.296875,
        "rss_end_mb": 3454.296875,
        "rss_delta_mb": 0.0,
        "rss_peak_mb": 3454.30078125,
        "cuda_start": {
          "cuda_available": false
        },
        "cuda_end": {
          "cuda_available": false
        }
      },
      {
        "name": "neural_image_occlusion_idx_24_Thriller",
        "wall_time_s": 0.5997127780010487,
        "process_cpu_time_s": 0.6054365969998798,
        "process_cpu_util_percent": 100.95442672038932,
        "rss_start_mb": 3454.296875,
        "rss_end_mb": 3327.7109375,
        "rss_delta_mb": -126.5859375,
        "rss_peak_mb": 3454.30078125,
        "cuda_start": {
          "cuda_available": false
        },
        "cuda_end": {
          "cuda_available": false
        }
      },
      {
        "name": "neural_image_occlusion_visualization_idx_24_Thriller",
        "wall_time_s": 0.031116209000174422,
        "process_cpu_time_s": 0.021963060999951267,
        "process_cpu_util_percent": 70.58398727116196,
        "rss_start_mb": 3327.7109375,
        "rss_end_mb": 3327.7109375,
        "rss_delta_mb": 0.0,
        "rss_peak_mb": 3327.71484375,
        "cuda_start": {
          "cuda_available": false
        },
        "cuda_end": {
          "cuda_available": false
        }
      }
    ],
    "summary": {
      "count": 4,
      "total_wall_time_s": 1.3810952620005992,
      "mean_wall_time_s": 0.3452738155001498,
      "total_process_cpu_time_s": 1.3736971299995275,
      "mean_process_cpu_util_percent": 83.94179127708703,
      "max_rss_peak_mb": 3503.890625
    }
  },
  "image_occlusion": {
    "baseline_probability": 0.6729358434677124,
    "baseline_logit": 0.7214934825897217,
    "grid_size": 4,
    "top_patches": [
      {
        "row": 1,
        "col": 1,
        "y0": 56,
        "y1": 112,
        "x0": 56,
        "x1": 112,
        "occluded_probability": 0.5688617825508118,
        "probability_delta": 0.10407406091690063,
        "occluded_logit": 0.2772088348865509,
        "logit_delta": 0.4442846477031708
      },
      {
        "row": 0,
        "col": 2,
        "y0": 0,
        "y1": 56,
        "x0": 112,
        "x1": 168,
        "occluded_probability": 0.6114362478256226,
        "probability_delta": 0.061499595642089844,
        "occluded_logit": 0.4533534348011017,
        "logit_delta": 0.26814004778862
      },
      {
        "row": 0,
        "col": 1,
        "y0": 0,
        "y1": 56,
        "x0": 56,
        "x1": 112,
        "occluded_probability": 0.6354436278343201,
        "probability_delta": 0.037492215633392334,
        "occluded_logit": 0.5556420683860779,
        "logit_delta": 0.1658514142036438
      },
      {
        "row": 1,
        "col": 2,
        "y0": 56,
        "y1": 112,
        "x0": 112,
        "x1": 168,
        "occluded_probability": 0.639224648475647,
        "probability_delta": 0.03371119499206543,
        "occluded_logit": 0.5720003843307495,
        "logit_delta": 0.14949309825897217
      },
      {
        "row": 0,
        "col": 3,
        "y0": 0,
        "y1": 56,
        "x0": 168,
        "x1": 224,
        "occluded_probability": 0.6395033597946167,
        "probability_delta": 0.0334324836730957,
        "occluded_logit": 0.573209285736084,
        "logit_delta": 0.1482841968536377
      },
      {
        "row": 1,
        "col": 0,
        "y0": 56,
        "y1": 112,
        "x0": 0,
        "x1": 56,
        "occluded_probability": 0.6449345350265503,
        "probability_delta": 0.02800130844116211,
        "occluded_logit": 0.5968467593193054,