{
  "index": 11,
  "target_genre": "Mystery",
  "target_genres": [
    "Mystery"
  ],
  "true_genres": [
    "Drama",
    "Film-Noir"
  ],
  "predicted_genres": [
    "Film-Noir",
    "Crime",
    "Mystery",
    "Romance",
    "Thriller",
    "Drama"
  ],
  "probability": 0.7660613656044006,
  "top_probabilities": {
    "Film-Noir": 0.997855007648468,
    "Western": 0.8848282694816589,
    "Crime": 0.8691413402557373,
    "Mystery": 0.7660613656044006,
    "Romance": 0.7353613376617432
  },
  "threshold": [
    0.36000001430511475,
    0.44999998807907104,
    0.5,
    0.5899999737739563,
    0.5400000214576721,
    0.7599999904632568,
    0.6899999976158142,
    0.8199999928474426,
    0.7200000286102295,
    0.6299999952316284,
    0.7799999713897705,
    0.7400000095367432,
    0.8100000023841858,
    0.6000000238418579,
    0.8899999856948853,
    0.7599999904632568,
    0.550000011920929,
    0.8999999761581421,
    0.7799999713897705,
    0.9700000286102295,
    0.7699999809265137,
    0.8899999856948853,
    0.9399999976158142
  ],
  "target_selection": {
    "policy": "predicted",
    "target_indices": [
      22,
      4,
      9
    ],
    "target_genres": [
      "Film-Noir",
      "Crime",
      "Mystery"
    ],
    "all_selected_indices": [
      22,
      4,
      9,
      2,
      3,
      0
    ],
    "all_selected_genres": [
      "Film-Noir",
      "Crime",
      "Mystery",
      "Romance",
      "Thriller",
      "Drama"
    ],
    "predicted_indices": [
      22,
      4,
      9,
      2,
      3,
      0
    ],
    "predicted_genres": [
      "Film-Noir",
      "Crime",
      "Mystery",
      "Romance",
      "Thriller",
      "Drama"
    ],
    "threshold": [
      0.36000001430511475,
      0.44999998807907104,
      0.5,
      0.5899999737739563,
      0.5400000214576721,
      0.7599999904632568,
      0.6899999976158142,
      0.8199999928474426,
      0.7200000286102295,
      0.6299999952316284,
      0.7799999713897705,
      0.7400000095367432,
      0.8100000023841858,
      0.6000000238418579,
      0.8899999856948853,
      0.7599999904632568,
      0.550000011920929,
      0.8999999761581421,
      0.7799999713897705,
      0.9700000286102295,
      0.7699999809265137,
      0.8899999856948853,
      0.9399999976158142
    ],
    "max_targets_per_sample": 3
  },
  "methods": [
    "IntegratedGradients_image_pixels",
    "image_occlusion_sensitivity",
    "experimental_label_correlation_head"
  ],
  "top_tokens": [],
  "gate_mean": null,
  "gate_std": null,
  "config": {
    "model_name": "neural_efficientnet_b0_image_only_unfrozen_lr1e4",
    "modality": "image_only",
    "text_encoder": "bigru_attention",
    "image_encoder": "efficientnet_b0",
    "fusion": "gmu",
    "hidden_dim": 256,
    "text_cnn_channels": 128,
    "text_cnn_kernels": [
      3,
      4,
      5
    ],
    "text_rnn_hidden_dim": 128,
    "text_rnn_layers": 1,
    "text_rnn_dropout": 0.2,
    "text_attention_dim": 128,
    "text_transformer_layers": 2,
    "text_transformer_heads": 6,
    "text_transformer_ff_dim": 512,
    "text_transformer_dropout": 0.1,
    "pretrained_image": false,
    "freeze_image_backbone": false,
    "batch_size": 16,
    "epochs": 10,
    "learning_rate": 0.0001,
    "weight_decay": 0.01,
    "num_workers": 0,
    "patience": 3,
    "threshold_metric": "macro_f1",
    "threshold_strategy": "per_label",
    "threshold_min": 0.01,
    "threshold_max": 0.99,
    "threshold_steps": 99,
    "loss": "bce",
    "focal_gamma": 2.0,
    "pos_weight_clip": null,
    "scheduler": "plateau",
    "scheduler_factor": 0.5,
    "scheduler_patience": 1,
    "min_learning_rate": 1e-06,
    "enable_label_correlation": true,
    "max_length": 512,
    "input_size": 224,
    "freeze_embeddings": false
  },
  "performance": {
    "measurements": [
      {
        "name": "neural_image_integrated_gradients_idx_11_Mystery",
        "wall_time_s": 0.7091135949995078,
        "process_cpu_time_s": 0.7158382249999704,
        "process_cpu_util_percent": 100.94831491708564,
        "rss_start_mb": 3327.66796875,
        "rss_end_mb": 3327.66796875,
        "rss_delta_mb": 0.0,
        "rss_peak_mb": 3504.796875,
        "cuda_start": {
          "cuda_available": false
        },
        "cuda_end": {
          "cuda_available": false
        }
      },
      {
        "name": "neural_image_ig_visualization_idx_11_Mystery",
        "wall_time_s": 0.031077308998646913,
        "process_cpu_time_s": 0.020396969000103127,
        "process_cpu_util_percent": 65.6329960904633,
        "rss_start_mb": 3327.66796875,
        "rss_end_mb": 3327.66796875,
        "rss_delta_mb": 0.0,
        "rss_peak_mb": 3327.671875,
        "cuda_start": {
          "cuda_available": false
        },
        "cuda_end": {
          "cuda_available": false
        }
      },
      {
        "name": "neural_image_occlusion_idx_11_Mystery",
        "wall_time_s": 0.5956806070007588,
        "process_cpu_time_s": 0.6012219429999277,
        "process_cpu_util_percent": 100.93025287948679,
        "rss_start_mb": 3327.66796875,
        "rss_end_mb": 3327.66796875,
        "rss_delta_mb": 0.0,
        "rss_peak_mb": 3401.17578125,
        "cuda_start": {
          "cuda_available": false
        },
        "cuda_end": {
          "cuda_available": false
        }
      },
      {
        "name": "neural_image_occlusion_visualization_idx_11_Mystery",
        "wall_time_s": 0.03379293900070479,
        "process_cpu_time_s": 0.022740871000223706,
        "process_cpu_util_percent": 67.29474166111868,
        "rss_start_mb": 3327.66796875,
        "rss_end_mb": 3327.66796875,
        "rss_delta_mb": 0.0,
        "rss_peak_mb": 3327.671875,
        "cuda_start": {
          "cuda_available": false
        },
        "cuda_end": {
          "cuda_available": false
        }
      }
    ],
    "summary": {
      "count": 4,
      "total_wall_time_s": 1.3696644499996182,
      "mean_wall_time_s": 0.34241611249990456,
      "total_process_cpu_time_s": 1.360198008000225,
      "mean_process_cpu_util_percent": 83.7015763870386,
      "max_rss_peak_mb": 3504.796875
    }
  },
  "image_occlusion": {
    "baseline_probability": 0.7660613656044006,
    "baseline_logit": 1.1862034797668457,
    "grid_size": 4,
    "top_patches": [
      {
        "row": 0,
        "col": 2,
        "y0": 0,
        "y1": 56,
        "x0": 112,
        "x1": 168,
        "occluded_probability": 0.8505840301513672,
        "probability_delta": -0.08452266454696655,
        "occluded_logit": 1.7391893863677979,
        "logit_delta": -0.5529859066009521
      },
      {
        "row": 0,
        "col": 3,
        "y0": 0,
        "y1": 56,
        "x0": 168,
        "x1": 224,
        "occluded_probability": 0.8398050665855408,
        "probability_delta": -0.07374370098114014,
        "occluded_logit": 1.6567784547805786,
        "logit_delta": -0.4705749750137329
      },
      {
        "row": 2,
        "col": 1,
        "y0": 112,
        "y1": 168,
        "x0": 56,
        "x1": 112,
        "occluded_probability": 0.7046558260917664,
        "probability_delta": 0.06140553951263428,
        "occluded_logit": 0.8695683479309082,
        "logit_delta": 0.3166351318359375
      },
      {
        "row": 1,
        "col": 0,
        "y0": 56,
        "y1": 112,
        "x0": 0,
        "x1": 56,
        "occluded_probability": 0.7238532304763794,
        "probability_delta": 0.04220813512802124,
        "occluded_logit": 0.9636561870574951,
        "logit_delta": 0.22254729270935059
      },
      {
        "row": 1,
        "col": 2,
        "y0": 56,
        "y1": 112,
        "x0": 112,
        "x1": 168,
        "occluded_probability": 0.7240186333656311,
        "probability_delta": 0.04204273223876953,
        "occluded_logit": 0.9644838571548462,
        "logit_delta": 0.2217196226119995
      },
      {
        "row": 1,
        "col": 1,
        "y0": 56,
        "y1": 112,
        "x0": 56,