{
  "index": 29,
  "target_genre": "Comedy",
  "target_genres": [
    "Comedy"
  ],
  "true_genres": [
    "Thriller",
    "Crime",
    "Film-Noir"
  ],
  "predicted_genres": [
    "Film-Noir",
    "Crime",
    "Comedy",
    "Thriller",
    "Romance",
    "Action",
    "Drama"
  ],
  "probability": 0.6718892352914417,
  "top_probabilities": {
    "Film-Noir": 0.9800414443016052,
    "Crime": 0.6780931353569031,
    "Comedy": 0.6718892455101013,
    "Thriller": 0.667786180973053,
    "Romance": 0.6534234881401062
  },
  "target_selection": {
    "policy": "predicted",
    "target_indices": [
      22,
      4,
      1
    ],
    "target_genres": [
      "Film-Noir",
      "Crime",
      "Comedy"
    ],
    "all_selected_indices": [
      22,
      4,
      1,
      3,
      2,
      5,
      0
    ],
    "all_selected_genres": [
      "Film-Noir",
      "Crime",
      "Comedy",
      "Thriller",
      "Romance",
      "Action",
      "Drama"
    ],
    "predicted_indices": [
      22,
      4,
      1,
      3,
      2,
      5,
      0
    ],
    "predicted_genres": [
      "Film-Noir",
      "Crime",
      "Comedy",
      "Thriller",
      "Romance",
      "Action",
      "Drama"
    ],
    "threshold": [
      0.30000001192092896,
      0.44999998807907104,
      0.5,
      0.5,
      0.6000000238418579,
      0.550000011920929,
      0.6000000238418579,
      0.6000000238418579,
      0.6000000238418579,
      0.5,
      0.699999988079071,
      0.75,
      0.6000000238418579,
      0.699999988079071,
      0.6499999761581421,
      0.6000000238418579,
      0.6499999761581421,
      0.550000011920929,
      0.699999988079071,
      0.6000000238418579,
      0.6499999761581421,
      0.5,
      0.699999988079071
    ],
    "max_targets_per_sample": 3
  },
  "method": "linear_feature_contribution",
  "methods": [
    "linear_feature_contribution",
    "modality_shapley"
  ],
  "modality_shapley": {
    "method": "two_modality_shapley",
    "probability": {
      "values": {
        "blank": 0.46548381070372413,
        "text_only": 0.43994693870140045,
        "image_only": 0.6942013044612936,
        "both": 0.6718892352914417
      },
      "shapley": {
        "text": -0.023924470586087765,
        "image": 0.23032989517380537,
        "interaction": 0.0032248028324718403,
        "blank_to_both_delta": 0.2064054245877176,
        "abs_total": 0.25425436575989313,
        "text_utilization": 0.09409659698304258,
        "image_utilization": 0.9059034030169574
      }
    },
    "logit": {
      "values": {
        "blank": -0.1382847008630071,
        "text_only": -0.24137740577957612,
        "image_only": 0.8198349547592225,
        "both": 0.7167422498426552
      },
      "shapley": {
        "text": -0.10309270491656816,
        "image": 0.9581196556222304,
        "interaction": 1.7208456881689926e-15,
        "blank_to_both_delta": 0.8550269507056623,
        "abs_total": 1.0612123605387986,
        "text_utilization": 0.09714615919496636,
        "image_utilization": 0.9028538408050336
      }
    }
  },
  "intercept": -0.1382847008630071,
  "text_logit_contribution": -0.10309270491656893,
  "image_logit_contribution": 0.9581196556222322,
  "label_dependency_logit_contribution": 0.0,
  "top_text_features": [
    {
      "feature": "book",
      "tfidf": 0.2301931232213974,
      "contribution": 0.21495398678893182
    },
    {
      "feature": "and",
      "tfidf": 0.15334081649780273,
      "contribution": -0.2104287091541742
    },
    {
      "feature": "up",
      "tfidf": 0.11409208923578262,
      "contribution": 0.18638127455205009
    },
    {
      "feature": "so",
      "tfidf": 0.07080216705799103,
      "contribution": 0.18385946127309163
    },
    {
      "feature": "grief",
      "tfidf": 0.14472557604312897,
      "contribution": -0.16660625014893707
    },
    {
      "feature": "the",
      "tfidf": 0.1207263395190239,
      "contribution": -0.16637432158094612
    },
    {
      "feature": "senses",
      "tfidf": 0.15653617680072784,
      "contribution": -0.12561955694020793
    },
    {
      "feature": "judge",
      "tfidf": 0.13642539083957672,
      "contribution": 0.10190074513685986
    },
    {
      "feature": "revenge",
      "tfidf": 0.10757691413164139,
      "contribution": -0.10131853298905318
    },
    {
      "feature": "ship",
      "tfidf": 0.1154746562242508,
      "contribution": -0.09967901480262764
    },
    {
      "feature": "corruption",
      "tfidf": 0.1418513059616089,
      "contribution": -0.09564516997296964
    },
    {
      "feature": "he",
      "tfidf": 0.19275902211666107,
      "contribution": 0.09551637151599121
    }
  ],
  "top_image_features": [
    {
      "feature": "thumbnail_y0_x14",
      "value": 1.7280051708221436,
      "contribution": 0.836372055139948
    },
    {
      "feature": "thumbnail_y0_x13",
      "value": 1.7008742094039917,
      "contribution": -0.7094509264946257
    },
    {
      "feature": "thumbnail_y17_x30",
      "value": -1.354569911956787,
      "contribution": -0.6451142224781248
    },
    {
      "feature": "top_left_R_hist_bin_15",
      "value": 1.7506988048553467,
      "contribution": 0.5734162972476569
    },
    {
      "feature": "thumbnail_y19_x11",
      "value": 1.7271194458007812,
      "contribution": 0.5699287555106998
    },
    {
      "feature": "thumbnail_y0_x5",
      "value": 1.712192416191101,
      "contribution": -0.5355553886568399
    },
    {
      "feature": "thumbnail_y0_x18",
      "value": 1.7040153741836548,
      "contribution": 0.5325182811681851
    },
    {
      "feature": "thumbnail_y0_x28",
      "value": 1.6410408020019531,
      "contribution": 0.4972943245402931
    },
    {
      "feature": "thumbnail_y17_x21",
      "value": -1.4662322998046875,
      "contribution": 0.4817373190155061
    },
    {
      "feature": "thumbnail_y0_x27",
      "value": 1.6523617506027222,
      "contribution": -0.4813933468283915
    },
    {
      "feature": "thumbnail_y17_x31",
      "value": -1.300530195236206,
      "contribution": 0.473341350938528
    },
    {
      "feature": "thumbnail_y0_x26",
      "value": 1.6571552753448486,
      "contribution": 0.47322158897555217
    }
  ],
  "label_dependency_contributions": [],
  "performance": {
    "measurements": [
      {
        "name": "classic_modality_shapley_idx_29_Comedy",
        "wall_time_s": 0.02823630001512356,
        "process_cpu_time_s": 0.03125,
        "process_cpu_util_percent": 110.67314054342205,
        "rss_start_mb": 350.5,
        "rss_end_mb": 350.515625,
        "rss_delta_mb": 0.015625,
        "rss_peak_mb": 350.51953125,
        "cuda_start": {
          "cuda_available": false,
          "cuda_error": "ModuleNotFoundError: No module named 'torch'"
        },
        "cuda_end": {
          "cuda_available": false,
          "cuda_error": "ModuleNotFoundError: No module named 'torch'"
        }
      },
      {
        "name": "classic_modality_shapley_visualization_idx_29_Comedy",
        "wall_time_s": 0.1073305000027176,
        "process_cpu_time_s": 0.109375,
        "process_cpu_util_percent": 101.90486394569172,
        "rss_start_mb": 350.5,
        "rss_end_mb": 349.12109375,
        "rss_delta_mb": -1.37890625,
        "rss_peak_mb": 351.00390625,
        "cuda_start": {
          "cuda_available": false,
          "cuda_error": "ModuleNotFoundError: No module named 'torch'"
        },
        "cuda_end": {
          "cuda_available": false,
          "cuda_error": "ModuleNotFoundError: No module named 'torch'"
        }
      },
      {
        "name": "classic_linear_contribution_idx_29_Comedy",
        "wall_time_s": 0.002013199991779402,
        "process_cpu_time_s": 0.015625,
        "process_cpu_util_percent": 776.1275612856311,
        "rss_start_mb": 349.10546875,
        "rss_end_mb": 349.12109375,
        "rss_delta_mb": 0.015625,
        "rss_peak_mb": 349.125,