{
  "index": 6414,
  "target_genre": "Horror",
  "target_genres": [
    "Horror"
  ],
  "true_genres": [
    "Thriller",
    "Mystery"
  ],
  "predicted_genres": [
    "Horror",
    "Mystery",
    "Thriller",
    "Crime"
  ],
  "probability": 0.9755389103819868,
  "top_probabilities": {
    "Horror": 0.9755389094352722,
    "Mystery": 0.9668784737586975,
    "Thriller": 0.9564021229743958,
    "Crime": 0.8064792156219482,
    "Sci-Fi": 0.6526858806610107
  },
  "target_selection": {
    "policy": "predicted",
    "target_indices": [
      7,
      9,
      3
    ],
    "target_genres": [
      "Horror",
      "Mystery",
      "Thriller"
    ],
    "all_selected_indices": [
      7,
      9,
      3,
      4
    ],
    "all_selected_genres": [
      "Horror",
      "Mystery",
      "Thriller",
      "Crime"
    ],
    "predicted_indices": [
      7,
      9,
      3,
      4
    ],
    "predicted_genres": [
      "Horror",
      "Mystery",
      "Thriller",
      "Crime"
    ],
    "threshold": [
      0.30000001192092896,
      0.44999998807907104,
      0.5,
      0.5,
      0.6000000238418579,
      0.550000011920929,
      0.6000000238418579,
      0.6000000238418579,
      0.6000000238418579,
      0.5,
      0.699999988079071,
      0.75,
      0.6000000238418579,
      0.699999988079071,
      0.6499999761581421,
      0.6000000238418579,
      0.6499999761581421,
      0.550000011920929,
      0.699999988079071,
      0.6000000238418579,
      0.6499999761581421,
      0.5,
      0.699999988079071
    ],
    "max_targets_per_sample": 3
  },
  "method": "linear_feature_contribution",
  "methods": [
    "linear_feature_contribution",
    "modality_shapley"
  ],
  "modality_shapley": {
    "method": "two_modality_shapley",
    "probability": {
      "values": {
        "blank": 0.15909955825601393,
        "text_only": 0.8465157810176922,
        "image_only": 0.5777227923560047,
        "both": 0.9755389103819868
      },
      "shapley": {
        "text": 0.5426161703938301,
        "image": 0.27382318173214265,
        "interaction": -0.2896001047356961,
        "blank_to_both_delta": 0.8164393521259729,
        "abs_total": 0.8164393521259727,
        "text_utilization": 0.6646129549988999,
        "image_utilization": 0.3353870450011001
      }
    },
    "logit": {
      "values": {
        "blank": -1.6649431133395052,
        "text_only": 1.7075310902572027,
        "image_only": 0.313432167098719,
        "both": 3.6859063706954167
      },
      "shapley": {
        "text": 3.3724742035967026,
        "image": 1.978375280438219,
        "interaction": -1.021405182655144e-14,
        "blank_to_both_delta": 5.350849484034922,
        "abs_total": 5.350849484034922,
        "text_utilization": 0.6302689346166427,
        "image_utilization": 0.36973106538335726
      }
    }
  },
  "intercept": -1.6649431133395052,
  "text_logit_contribution": 3.372474203596708,
  "image_logit_contribution": 1.9783752804382218,
  "label_dependency_logit_contribution": 0.0,
  "top_text_features": [
    {
      "feature": "the",
      "tfidf": 0.23430772125720978,
      "contribution": 0.6127007598928637
    },
    {
      "feature": "killer",
      "tfidf": 0.11852999776601791,
      "contribution": 0.5084922706932229
    },
    {
      "feature": "that",
      "tfidf": 0.16040852665901184,
      "contribution": 0.36113454318155847
    },
    {
      "feature": "brandt",
      "tfidf": 0.5546189546585083,
      "contribution": 0.3571068622629773
    },
    {
      "feature": "killing",
      "tfidf": 0.06077933311462402,
      "contribution": 0.289169584551227
    },
    {
      "feature": "a",
      "tfidf": 0.11187055706977844,
      "contribution": 0.27623309751200786
    },
    {
      "feature": "weird",
      "tfidf": 0.07632126659154892,
      "contribution": 0.22185933140350436
    },
    {
      "feature": "dead",
      "tfidf": 0.053009431809186935,
      "contribution": 0.20481528456830428
    },
    {
      "feature": "mysterious",
      "tfidf": 0.05670544132590294,
      "contribution": 0.1663738191528258
    },
    {
      "feature": "he",
      "tfidf": 0.19805821776390076,
      "contribution": -0.15709733419830374
    },
    {
      "feature": "becomes",
      "tfidf": 0.09085079282522202,
      "contribution": 0.1425631993012008
    },
    {
      "feature": "of",
      "tfidf": 0.1059083342552185,
      "contribution": -0.14108789966925714
    }
  ],
  "top_image_features": [
    {
      "feature": "thumbnail_y19_x23",
      "value": -1.285323143005371,
      "contribution": 0.9428664430500923
    },
    {
      "feature": "thumbnail_y13_x1",
      "value": -0.9776476621627808,
      "contribution": 0.8291365055355129
    },
    {
      "feature": "thumbnail_y18_x26",
      "value": -1.3601315021514893,
      "contribution": -0.7261540795105724
    },
    {
      "feature": "thumbnail_y18_x6",
      "value": -1.3842703104019165,
      "contribution": 0.6996744285744738
    },
    {
      "feature": "thumbnail_y10_x24",
      "value": -1.4844869375228882,
      "contribution": -0.6919581923533047
    },
    {
      "feature": "thumbnail_y6_x15",
      "value": -1.4741300344467163,
      "contribution": 0.6769296034480633
    },
    {
      "feature": "thumbnail_y18_x1",
      "value": -1.2805286645889282,
      "contribution": -0.6767054340770938
    },
    {
      "feature": "thumbnail_y0_x3",
      "value": -1.494381070137024,
      "contribution": 0.6647229830699191
    },
    {
      "feature": "thumbnail_y19_x6",
      "value": -1.2738637924194336,
      "contribution": -0.6555386326391172
    },
    {
      "feature": "thumbnail_y9_x24",
      "value": -1.2108821868896484,
      "contribution": 0.654690766267396
    },
    {
      "feature": "thumbnail_y19_x1",
      "value": -1.2792803049087524,
      "contribution": 0.6341138473306303
    },
    {
      "feature": "thumbnail_y2_x5",
      "value": -1.3134291172027588,
      "contribution": -0.6317885589717706
    }
  ],
  "label_dependency_contributions": [],
  "performance": {
    "measurements": [
      {
        "name": "classic_modality_shapley_idx_6414_Horror",
        "wall_time_s": 0.02502576099993803,
        "process_cpu_time_s": 0.02519925500000042,
        "process_cpu_util_percent": 100.69326163573136,
        "rss_start_mb": 1059.9609375,
        "rss_end_mb": 1059.9609375,
        "rss_delta_mb": 0.0,
        "rss_peak_mb": 1059.96484375,
        "cuda_start": {
          "cuda_available": true,
          "cuda_device": "NVIDIA A100-SXM4-40GB",
          "cuda_allocated_mb": 0.0,
          "cuda_reserved_mb": 0.0,
          "cuda_peak_allocated_mb": 0.0,
          "cuda_peak_reserved_mb": 0.0
        },
        "cuda_end": {
          "cuda_available": true,
          "cuda_device": "NVIDIA A100-SXM4-40GB",
          "cuda_allocated_mb": 0.0,
          "cuda_reserved_mb": 0.0,
          "cuda_peak_allocated_mb": 0.0,
          "cuda_peak_reserved_mb": 0.0
        }
      },
      {
        "name": "classic_modality_shapley_visualization_idx_6414_Horror",
        "wall_time_s": 0.14005572700000357,
        "process_cpu_time_s": 0.13532643399999955,
        "process_cpu_util_percent": 96.62327767574695,
        "rss_start_mb": 1059.9609375,
        "rss_end_mb": 1061.2421875,
        "rss_delta_mb": 1.28125,
        "rss_peak_mb": 1061.24609375,
        "cuda_start": {
          "cuda_available": true,
          "cuda_device": "NVIDIA A100-SXM4-40GB",
          "cuda_allocated_mb": 0.0,
          "cuda_reserved_mb": 0.0,
          "cuda_peak_allocated_mb": 0.0,
          "cuda_peak_reserved_mb": 0.0
        },
        "cuda_end": {
          "cuda_available": true,
          "cuda_device": "NVIDIA A100-SXM4-40GB",
          "cuda_allocated_mb": 0.0,
          "cuda_reserved_mb": 0.0,
          "cuda_peak_allocated_mb": 0.0,
          "cuda_peak_reserved_mb": 0.0
        }
      },
      {
        "name": "classic_linear_contribution_idx_6414_Horror",