{
  "index": 11,
  "target_genre": "Crime",
  "target_genres": [
    "Crime"
  ],
  "true_genres": [
    "Drama",
    "Film-Noir"
  ],
  "predicted_genres": [
    "Crime",
    "Thriller",
    "Drama",
    "Mystery"
  ],
  "probability": 0.9067657209820107,
  "top_probabilities": {
    "Crime": 0.9067656993865967,
    "Thriller": 0.7829379439353943,
    "Drama": 0.770810067653656,
    "Mystery": 0.6041843891143799,
    "Action": 0.4184407889842987
  },
  "target_selection": {
    "policy": "predicted",
    "target_indices": [
      4,
      3,
      0
    ],
    "target_genres": [
      "Crime",
      "Thriller",
      "Drama"
    ],
    "all_selected_indices": [
      4,
      3,
      0,
      9
    ],
    "all_selected_genres": [
      "Crime",
      "Thriller",
      "Drama",
      "Mystery"
    ],
    "predicted_indices": [
      4,
      3,
      0,
      9
    ],
    "predicted_genres": [
      "Crime",
      "Thriller",
      "Drama",
      "Mystery"
    ],
    "threshold": [
      0.30000001192092896,
      0.44999998807907104,
      0.5,
      0.5,
      0.6000000238418579,
      0.550000011920929,
      0.6000000238418579,
      0.6000000238418579,
      0.6000000238418579,
      0.5,
      0.699999988079071,
      0.75,
      0.6000000238418579,
      0.699999988079071,
      0.6499999761581421,
      0.6000000238418579,
      0.6499999761581421,
      0.550000011920929,
      0.699999988079071,
      0.6000000238418579,
      0.6499999761581421,
      0.5,
      0.699999988079071
    ],
    "max_targets_per_sample": 3
  },
  "method": "linear_feature_contribution",
  "methods": [
    "linear_feature_contribution",
    "modality_shapley"
  ],
  "modality_shapley": {
    "method": "two_modality_shapley",
    "probability": {
      "values": {
        "blank": 0.19849919263820678,
        "text_only": 0.8694979874918263,
        "image_only": 0.2655225239142037,
        "both": 0.9067657209820107
      },
      "shapley": {
        "text": 0.6561209959607133,
        "image": 0.05214553238309068,
        "interaction": -0.02975559778581252,
        "blank_to_both_delta": 0.7082665283438039,
        "abs_total": 0.708266528343804,
        "text_utilization": 0.926375834101568,
        "image_utilization": 0.07362416589843195
      }
    },
    "logit": {
      "values": {
        "blank": -1.395700946557475,
        "text_only": 1.8965273710712565,
        "image_only": -1.017459656582841,
        "both": 2.274768661045889
      },
      "shapley": {
        "text": 3.292228317628731,
        "image": 0.37824128997463324,
        "interaction": -1.3322676295501878e-15,
        "blank_to_both_delta": 3.670469607603364,
        "abs_total": 3.6704696076033643,
        "text_utilization": 0.8969501643083742,
        "image_utilization": 0.10304983569162589
      }
    }
  },
  "intercept": -1.395700946557475,
  "text_logit_contribution": 3.292228317628732,
  "image_logit_contribution": 0.37824128997463324,
  "label_dependency_logit_contribution": 0.0,
  "top_text_features": [
    {
      "feature": "frank",
      "tfidf": 0.29993465542793274,
      "contribution": 0.5666861116679908
    },
    {
      "feature": "chicago",
      "tfidf": 0.1573178619146347,
      "contribution": 0.3354503939446253
    },
    {
      "feature": "cop",
      "tfidf": 0.07370263338088989,
      "contribution": 0.3319173099134566
    },
    {
      "feature": "is",
      "tfidf": 0.158023402094841,
      "contribution": 0.32705190052040467
    },
    {
      "feature": "kelly",
      "tfidf": 0.18846634030342102,
      "contribution": 0.2772945568061467
    },
    {
      "feature": "the",
      "tfidf": 0.21328683197498322,
      "contribution": -0.21588141532390773
    },
    {
      "feature": "killers",
      "tfidf": 0.08965859562158585,
      "contribution": 0.16933279393600786
    },
    {
      "feature": "policeman",
      "tfidf": 0.18059758841991425,
      "contribution": 0.16479194379629777
    },
    {
      "feature": "killer",
      "tfidf": 0.06550834327936172,
      "contribution": 0.1534910838911491
    },
    {
      "feature": "information",
      "tfidf": 0.1503044217824936,
      "contribution": 0.14997895350805873
    },
    {
      "feature": "prohibition",
      "tfidf": 0.11273745447397232,
      "contribution": 0.14787263387870128
    },
    {
      "feature": "mother",
      "tfidf": 0.04864273592829704,
      "contribution": -0.12635380354365738
    }
  ],
  "top_image_features": [
    {
      "feature": "bottom_left_G_hist_bin_14",
      "value": 3.133354902267456,
      "contribution": -0.5679604043642605
    },
    {
      "feature": "thumbnail_y14_x23",
      "value": 1.323293685913086,
      "contribution": -0.4498257826350343
    },
    {
      "feature": "bottom_left_R_hist_bin_15",
      "value": 1.1317577362060547,
      "contribution": -0.3907873304516498
    },
    {
      "feature": "thumbnail_y10_x30",
      "value": 0.7707036733627319,
      "contribution": -0.37377275870454274
    },
    {
      "feature": "thumbnail_y13_x3",
      "value": 1.396876573562622,
      "contribution": 0.36083877243686213
    },
    {
      "feature": "thumbnail_y19_x5",
      "value": 0.5032322406768799,
      "contribution": -0.3507681616180284
    },
    {
      "feature": "thumbnail_y11_x22",
      "value": 0.8697205781936646,
      "contribution": 0.34185315227373136
    },
    {
      "feature": "bottom_left_B_hist_bin_1",
      "value": 3.1297574043273926,
      "contribution": 0.3336114002551538
    },
    {
      "feature": "top_right_G_hist_bin_15",
      "value": -0.5883092284202576,
      "contribution": -0.2853140317994329
    },
    {
      "feature": "thumbnail_y19_x27",
      "value": 0.4204825758934021,
      "contribution": 0.27659186628088334
    },
    {
      "feature": "thumbnail_y12_x22",
      "value": 1.4513481855392456,
      "contribution": -0.271355331659449
    },
    {
      "feature": "thumbnail_y12_x9",
      "value": 0.976476788520813,
      "contribution": 0.26950647883793494
    }
  ],
  "label_dependency_contributions": [],
  "performance": {
    "measurements": [
      {
        "name": "classic_modality_shapley_idx_11_Crime",
        "wall_time_s": 0.02926490800018655,
        "process_cpu_time_s": 0.028517744000055245,
        "process_cpu_util_percent": 97.4468944165943,
        "rss_start_mb": 2201.8515625,
        "rss_end_mb": 2201.8515625,
        "rss_delta_mb": 0.0,
        "rss_peak_mb": 2201.85546875,
        "cuda_start": {
          "cuda_available": false
        },
        "cuda_end": {
          "cuda_available": false
        }
      },
      {
        "name": "classic_modality_shapley_visualization_idx_11_Crime",
        "wall_time_s": 0.1653297319999183,
        "process_cpu_time_s": 0.15294975500000874,
        "process_cpu_util_percent": 92.51194757884463,
        "rss_start_mb": 2201.8515625,
        "rss_end_mb": 2201.890625,
        "rss_delta_mb": 0.0390625,
        "rss_peak_mb": 2201.89453125,
        "cuda_start": {
          "cuda_available": false
        },
        "cuda_end": {
          "cuda_available": false
        }
      },
      {
        "name": "classic_linear_contribution_idx_11_Crime",
        "wall_time_s": 0.00118194999959087,
        "process_cpu_time_s": 0.0008071790000485635,
        "process_cpu_util_percent": 68.2921443654949,
        "rss_start_mb": 2201.890625,
        "rss_end_mb": 2201.890625,
        "rss_delta_mb": 0.0,
        "rss_peak_mb": 2201.89453125,
        "cuda_start": {
          "cuda_available": false
        },
        "cuda_end": {
          "cuda_available": false
        }
      },
      {
        "name": "classic_visualization_idx_11_Crime",
        "wall_time_s": 0.31895869500021945,
        "process_cpu_time_s": 0.277315198999986,
        "process_cpu_util_percent": 86.94392200212484,
        "rss_start_mb": 2201.890625,
        "rss_end_mb": 2201.8984375,
        "rss_delta_mb": 0.0078125,
        "rss_peak_mb": 2201.90234375,