{
  "index": 2962,
  "target_genre": "Drama",
  "target_genres": [
    "Drama"
  ],
  "true_genres": [
    "Drama",
    "Biography",
    "War",
    "History"
  ],
  "predicted_genres": [
    "Short",
    "Drama"
  ],
  "probability": 0.4864355555317731,
  "top_probabilities": {
    "Short": 0.7148623466491699,
    "Biography": 0.535905122756958,
    "Documentary": 0.5107975602149963,
    "Animation": 0.48806032538414,
    "Drama": 0.48643556237220764
  },
  "target_selection": {
    "policy": "predicted",
    "target_indices": [
      21,
      0
    ],
    "target_genres": [
      "Short",
      "Drama"
    ],
    "all_selected_indices": [
      21,
      0
    ],
    "all_selected_genres": [
      "Short",
      "Drama"
    ],
    "predicted_indices": [
      21,
      0
    ],
    "predicted_genres": [
      "Short",
      "Drama"
    ],
    "threshold": [
      0.30000001192092896,
      0.44999998807907104,
      0.5,
      0.5,
      0.6000000238418579,
      0.550000011920929,
      0.6000000238418579,
      0.6000000238418579,
      0.6000000238418579,
      0.5,
      0.699999988079071,
      0.75,
      0.6000000238418579,
      0.699999988079071,
      0.6499999761581421,
      0.6000000238418579,
      0.6499999761581421,
      0.550000011920929,
      0.699999988079071,
      0.6000000238418579,
      0.6499999761581421,
      0.5,
      0.699999988079071
    ],
    "max_targets_per_sample": 3
  },
  "method": "linear_feature_contribution",
  "methods": [
    "linear_feature_contribution",
    "modality_shapley"
  ],
  "modality_shapley": {
    "method": "two_modality_shapley",
    "probability": {
      "values": {
        "blank": 0.35764809053502844,
        "text_only": 0.39140812572569766,
        "image_only": 0.45054700746551263,
        "both": 0.4864355555317731
      },
      "shapley": {
        "text": 0.03482429162846484,
        "image": 0.0939631733682798,
        "interaction": 0.0021285128755912375,
        "blank_to_both_delta": 0.12878746499674465,
        "abs_total": 0.12878746499674465,
        "text_utilization": 0.27040125084646316,
        "image_utilization": 0.7295987491535368
      }
    },
    "logit": {
      "values": {
        "blank": -0.5855867834776273,
        "text_only": -0.4413970704540461,
        "image_only": -0.1984608075960156,
        "both": -0.054271094572434175
      },
      "shapley": {
        "text": 0.1441897130235813,
        "image": 0.3871259758816118,
        "interaction": 2.220446049250313e-16,
        "blank_to_both_delta": 0.5313156889051931,
        "abs_total": 0.5313156889051931,
        "text_utilization": 0.27138237404713683,
        "image_utilization": 0.7286176259528632
      }
    }
  },
  "intercept": -0.5855867834776273,
  "text_logit_contribution": 0.14418971302358116,
  "image_logit_contribution": 0.3871259758816117,
  "label_dependency_logit_contribution": 0.0,
  "top_text_features": [
    {
      "feature": "continuing",
      "tfidf": 0.9752042293548584,
      "contribution": 0.23042043590290065
    },
    {
      "feature": "the",
      "tfidf": 0.14903557300567627,
      "contribution": -0.16965484130653932
    },
    {
      "feature": "of",
      "tfidf": 0.1636004000902176,
      "contribution": 0.08342411842721983
    }
  ],
  "top_image_features": [
    {
      "feature": "thumbnail_y18_x21",
      "value": -0.9105780124664307,
      "contribution": -0.4019333357195975
    },
    {
      "feature": "thumbnail_y19_x9",
      "value": -1.081469178199768,
      "contribution": -0.38112235412018153
    },
    {
      "feature": "thumbnail_y19_x11",
      "value": -1.095312476158142,
      "contribution": 0.3736556518317981
    },
    {
      "feature": "thumbnail_y19_x28",
      "value": -0.9428731799125671,
      "contribution": 0.3515516066775966
    },
    {
      "feature": "thumbnail_y19_x12",
      "value": -1.080522894859314,
      "contribution": -0.32496752336181933
    },
    {
      "feature": "top_right_B_hist_bin_7",
      "value": 4.54646635055542,
      "contribution": 0.2867036497254314
    },
    {
      "feature": "thumbnail_y5_x2",
      "value": 0.8747730851173401,
      "contribution": -0.27558245429207434
    },
    {
      "feature": "thumbnail_y19_x26",
      "value": -0.9630913138389587,
      "contribution": 0.2529253595971965
    },
    {
      "feature": "top_left_G_hist_bin_6",
      "value": 3.352329969406128,
      "contribution": 0.2399536009863939
    },
    {
      "feature": "thumbnail_y19_x23",
      "value": -1.1008968353271484,
      "contribution": -0.23575024300260378
    },
    {
      "feature": "thumbnail_y8_x24",
      "value": 0.8126916289329529,
      "contribution": 0.23036698057416674
    },
    {
      "feature": "thumbnail_y6_x2",
      "value": 0.860808789730072,
      "contribution": 0.22856359745240265
    }
  ],
  "label_dependency_contributions": [],
  "performance": {
    "measurements": [
      {
        "name": "classic_modality_shapley_idx_2962_Drama",
        "wall_time_s": 0.02607132000002821,
        "process_cpu_time_s": 0.026206955999999337,
        "process_cpu_util_percent": 100.52024983764144,
        "rss_start_mb": 1077.4375,
        "rss_end_mb": 1077.4375,
        "rss_delta_mb": 0.0,
        "rss_peak_mb": 1077.44140625,
        "cuda_start": {
          "cuda_available": true,
          "cuda_device": "NVIDIA A100-SXM4-40GB",
          "cuda_allocated_mb": 0.0,
          "cuda_reserved_mb": 0.0,
          "cuda_peak_allocated_mb": 0.0,
          "cuda_peak_reserved_mb": 0.0
        },
        "cuda_end": {
          "cuda_available": true,
          "cuda_device": "NVIDIA A100-SXM4-40GB",
          "cuda_allocated_mb": 0.0,
          "cuda_reserved_mb": 0.0,
          "cuda_peak_allocated_mb": 0.0,
          "cuda_peak_reserved_mb": 0.0
        }
      },
      {
        "name": "classic_modality_shapley_visualization_idx_2962_Drama",
        "wall_time_s": 0.12762702700001682,
        "process_cpu_time_s": 0.1223918289999979,
        "process_cpu_util_percent": 95.89804908640687,
        "rss_start_mb": 1077.4375,
        "rss_end_mb": 1079.3125,
        "rss_delta_mb": 1.875,
        "rss_peak_mb": 1079.31640625,
        "cuda_start": {
          "cuda_available": true,
          "cuda_device": "NVIDIA A100-SXM4-40GB",
          "cuda_allocated_mb": 0.0,
          "cuda_reserved_mb": 0.0,
          "cuda_peak_allocated_mb": 0.0,
          "cuda_peak_reserved_mb": 0.0
        },
        "cuda_end": {
          "cuda_available": true,
          "cuda_device": "NVIDIA A100-SXM4-40GB",
          "cuda_allocated_mb": 0.0,
          "cuda_reserved_mb": 0.0,
          "cuda_peak_allocated_mb": 0.0,
          "cuda_peak_reserved_mb": 0.0
        }
      },
      {
        "name": "classic_linear_contribution_idx_2962_Drama",
        "wall_time_s": 0.0011050209999439176,
        "process_cpu_time_s": 0.0011993869999997742,
        "process_cpu_util_percent": 108.5397472139123,
        "rss_start_mb": 1079.3125,
        "rss_end_mb": 1079.3125,
        "rss_delta_mb": 0.0,
        "rss_peak_mb": 1079.31640625,
        "cuda_start": {
          "cuda_available": true,
          "cuda_device": "NVIDIA A100-SXM4-40GB",
          "cuda_allocated_mb": 0.0,
          "cuda_reserved_mb": 0.0,
          "cuda_peak_allocated_mb": 0.0,
          "cuda_peak_reserved_mb": 0.0
        },
        "cuda_end": {
          "cuda_available": true,
          "cuda_device": "NVIDIA A100-SXM4-40GB",
          "cuda_allocated_mb": 0.0,
          "cuda_reserved_mb": 0.0,
          "cuda_peak_allocated_mb": 0.0,
          "cuda_peak_reserved_mb": 0.0
        }
      },
      {
        "name": "classic_visualization_idx_2962_Drama",
        "wall_time_s": 0.15896323100002974,
        "process_cpu_time_s": 0.1489310859999975,
        "process_cpu_util_percent": 93.6890154176406,
        "rss_start_mb": 1079.3125,
        "rss_end_mb": 1080.94140625,
        "rss_delta_mb": 1.62890625,