{
  "index": 82,
  "target_genre": "War",
  "target_genres": [
    "War"
  ],
  "true_genres": [
    "Drama",
    "Thriller",
    "Crime",
    "Film-Noir"
  ],
  "predicted_genres": [
    "War",
    "Crime",
    "Thriller",
    "Drama"
  ],
  "probability": 0.9246991276741028,
  "top_probabilities": {
    "Western": 0.9473298788070679,
    "War": 0.9246991276741028,
    "Film-Noir": 0.9125609397888184,
    "Crime": 0.8448095321655273,
    "Thriller": 0.7681993842124939
  },
  "threshold": [
    0.36000001430511475,
    0.44999998807907104,
    0.5,
    0.5899999737739563,
    0.5400000214576721,
    0.7599999904632568,
    0.6899999976158142,
    0.8199999928474426,
    0.7200000286102295,
    0.6299999952316284,
    0.7799999713897705,
    0.7400000095367432,
    0.8100000023841858,
    0.6000000238418579,
    0.8899999856948853,
    0.7599999904632568,
    0.550000011920929,
    0.8999999761581421,
    0.7799999713897705,
    0.9700000286102295,
    0.7699999809265137,
    0.8899999856948853,
    0.9399999976158142
  ],
  "target_selection": {
    "policy": "predicted",
    "target_indices": [
      14,
      4,
      3
    ],
    "target_genres": [
      "War",
      "Crime",
      "Thriller"
    ],
    "all_selected_indices": [
      14,
      4,
      3,
      0
    ],
    "all_selected_genres": [
      "War",
      "Crime",
      "Thriller",
      "Drama"
    ],
    "predicted_indices": [
      14,
      4,
      3,
      0
    ],
    "predicted_genres": [
      "War",
      "Crime",
      "Thriller",
      "Drama"
    ],
    "threshold": [
      0.36000001430511475,
      0.44999998807907104,
      0.5,
      0.5899999737739563,
      0.5400000214576721,
      0.7599999904632568,
      0.6899999976158142,
      0.8199999928474426,
      0.7200000286102295,
      0.6299999952316284,
      0.7799999713897705,
      0.7400000095367432,
      0.8100000023841858,
      0.6000000238418579,
      0.8899999856948853,
      0.7599999904632568,
      0.550000011920929,
      0.8999999761581421,
      0.7799999713897705,
      0.9700000286102295,
      0.7699999809265137,
      0.8899999856948853,
      0.9399999976158142
    ],
    "max_targets_per_sample": 3
  },
  "methods": [
    "IntegratedGradients_image_pixels",
    "image_occlusion_sensitivity",
    "experimental_label_correlation_head"
  ],
  "top_tokens": [],
  "gate_mean": null,
  "gate_std": null,
  "config": {
    "model_name": "neural_efficientnet_b0_image_only_unfrozen_lr1e4",
    "modality": "image_only",
    "text_encoder": "bigru_attention",
    "image_encoder": "efficientnet_b0",
    "fusion": "gmu",
    "hidden_dim": 256,
    "text_cnn_channels": 128,
    "text_cnn_kernels": [
      3,
      4,
      5
    ],
    "text_rnn_hidden_dim": 128,
    "text_rnn_layers": 1,
    "text_rnn_dropout": 0.2,
    "text_attention_dim": 128,
    "text_transformer_layers": 2,
    "text_transformer_heads": 6,
    "text_transformer_ff_dim": 512,
    "text_transformer_dropout": 0.1,
    "pretrained_image": false,
    "freeze_image_backbone": false,
    "batch_size": 16,
    "epochs": 10,
    "learning_rate": 0.0001,
    "weight_decay": 0.01,
    "num_workers": 0,
    "patience": 3,
    "threshold_metric": "macro_f1",
    "threshold_strategy": "per_label",
    "threshold_min": 0.01,
    "threshold_max": 0.99,
    "threshold_steps": 99,
    "loss": "bce",
    "focal_gamma": 2.0,
    "pos_weight_clip": null,
    "scheduler": "plateau",
    "scheduler_factor": 0.5,
    "scheduler_patience": 1,
    "min_learning_rate": 1e-06,
    "enable_label_correlation": true,
    "max_length": 512,
    "input_size": 224,
    "freeze_embeddings": false
  },
  "performance": {
    "measurements": [
      {
        "name": "neural_image_integrated_gradients_idx_82_War",
        "wall_time_s": 0.6789203549997183,
        "process_cpu_time_s": 0.6849655510000048,
        "process_cpu_util_percent": 100.89041313252261,
        "rss_start_mb": 3372.05859375,
        "rss_end_mb": 3364.01953125,
        "rss_delta_mb": -8.0390625,
        "rss_peak_mb": 3490.0390625,
        "cuda_start": {
          "cuda_available": false
        },
        "cuda_end": {
          "cuda_available": false
        }
      },
      {
        "name": "neural_image_ig_visualization_idx_82_War",
        "wall_time_s": 0.03286044900050911,
        "process_cpu_time_s": 0.021565043999999034,
        "process_cpu_util_percent": 65.626139191418,
        "rss_start_mb": 3364.01953125,
        "rss_end_mb": 3364.01953125,
        "rss_delta_mb": 0.0,
        "rss_peak_mb": 3364.0234375,
        "cuda_start": {
          "cuda_available": false
        },
        "cuda_end": {
          "cuda_available": false
        }
      },
      {
        "name": "neural_image_occlusion_idx_82_War",
        "wall_time_s": 0.5925733370004309,
        "process_cpu_time_s": 0.5985674650000874,
        "process_cpu_util_percent": 101.01154196879637,
        "rss_start_mb": 3364.01953125,
        "rss_end_mb": 3364.01953125,
        "rss_delta_mb": 0.0,
        "rss_peak_mb": 3437.52734375,
        "cuda_start": {
          "cuda_available": false
        },
        "cuda_end": {
          "cuda_available": false
        }
      },
      {
        "name": "neural_image_occlusion_visualization_idx_82_War",
        "wall_time_s": 0.05141044899937697,
        "process_cpu_time_s": 0.020992439000110608,
        "process_cpu_util_percent": 40.83302015192478,
        "rss_start_mb": 3364.01953125,
        "rss_end_mb": 3364.01953125,
        "rss_delta_mb": 0.0,
        "rss_peak_mb": 3364.0234375,
        "cuda_start": {
          "cuda_available": false
        },
        "cuda_end": {
          "cuda_available": false
        }
      }
    ],
    "summary": {
      "count": 4,
      "total_wall_time_s": 1.3557645900000352,
      "mean_wall_time_s": 0.3389411475000088,
      "total_process_cpu_time_s": 1.3260904990002018,
      "mean_process_cpu_util_percent": 77.09027861116544,
      "max_rss_peak_mb": 3490.0390625
    }
  },
  "image_occlusion": {
    "baseline_probability": 0.9246991276741028,
    "baseline_logit": 2.5079762935638428,
    "grid_size": 4,
    "top_patches": [
      {
        "row": 0,
        "col": 1,
        "y0": 0,
        "y1": 56,
        "x0": 56,
        "x1": 112,
        "occluded_probability": 0.7848843336105347,
        "probability_delta": 0.13981479406356812,
        "occluded_logit": 1.2943602800369263,
        "logit_delta": 1.2136160135269165
      },
      {
        "row": 1,
        "col": 1,
        "y0": 56,
        "y1": 112,
        "x0": 56,
        "x1": 112,
        "occluded_probability": 0.8414182066917419,
        "probability_delta": 0.08328092098236084,
        "occluded_logit": 1.6688179969787598,
        "logit_delta": 0.839158296585083
      },
      {
        "row": 0,
        "col": 0,
        "y0": 0,
        "y1": 56,
        "x0": 0,
        "x1": 56,
        "occluded_probability": 0.8772006034851074,
        "probability_delta": 0.04749852418899536,
        "occluded_logit": 1.9661833047866821,
        "logit_delta": 0.5417929887771606
      },
      {
        "row": 1,
        "col": 2,
        "y0": 56,
        "y1": 112,
        "x0": 112,
        "x1": 168,
        "occluded_probability": 0.9469412565231323,
        "probability_delta": -0.02224212884902954,
        "occluded_logit": 2.881837844848633,
        "logit_delta": -0.37386155128479004
      },
      {
        "row": 2,
        "col": 2,
        "y0": 112,
        "y1": 168,
        "x0": 112,
        "x1": 168,
        "occluded_probability": 0.9393610954284668,
        "probability_delta": -0.014661967754364014,
        "occluded_logit": 2.7402632236480713,
        "logit_delta": -0.23228693008422852
      },
      {
        "row": 1,
        "col": 0,
        "y0": 56,
        "y1": 112,
        "x0": 0,
        "x1": 56,
        "occluded_probability": 0.9105175137519836,
        "probability_delta": 0.01418161392211914,