{
  "index": 44,
  "target_genre": "Crime",
  "target_genres": [
    "Crime"
  ],
  "true_genres": [
    "Drama",
    "Crime",
    "Film-Noir"
  ],
  "predicted_genres": [
    "Film-Noir",
    "Crime",
    "Drama",
    "Comedy"
  ],
  "probability": 0.9709160143395439,
  "top_probabilities": {
    "Film-Noir": 0.9787116050720215,
    "Crime": 0.9709160327911377,
    "Drama": 0.7077537775039673,
    "Thriller": 0.48828232288360596,
    "Romance": 0.4780157208442688
  },
  "target_selection": {
    "policy": "predicted",
    "target_indices": [
      22,
      4,
      0
    ],
    "target_genres": [
      "Film-Noir",
      "Crime",
      "Drama"
    ],
    "all_selected_indices": [
      22,
      4,
      0,
      1
    ],
    "all_selected_genres": [
      "Film-Noir",
      "Crime",
      "Drama",
      "Comedy"
    ],
    "predicted_indices": [
      22,
      4,
      0,
      1
    ],
    "predicted_genres": [
      "Film-Noir",
      "Crime",
      "Drama",
      "Comedy"
    ],
    "threshold": [
      0.30000001192092896,
      0.44999998807907104,
      0.5,
      0.5,
      0.6000000238418579,
      0.550000011920929,
      0.6000000238418579,
      0.6000000238418579,
      0.6000000238418579,
      0.5,
      0.699999988079071,
      0.75,
      0.6000000238418579,
      0.699999988079071,
      0.6499999761581421,
      0.6000000238418579,
      0.6499999761581421,
      0.550000011920929,
      0.699999988079071,
      0.6000000238418579,
      0.6499999761581421,
      0.5,
      0.699999988079071
    ],
    "max_targets_per_sample": 3
  },
  "method": "linear_feature_contribution",
  "methods": [
    "linear_feature_contribution",
    "modality_shapley"
  ],
  "modality_shapley": {
    "method": "two_modality_shapley",
    "probability": {
      "values": {
        "blank": 0.19849919263820678,
        "text_only": 0.945684790213144,
        "image_only": 0.3219655175535843,
        "both": 0.9709160143395439
      },
      "shapley": {
        "text": 0.6980680471804483,
        "image": 0.07434877452088871,
        "interaction": -0.09823510078897765,
        "blank_to_both_delta": 0.7724168217013371,
        "abs_total": 0.7724168217013371,
        "text_utilization": 0.9037452675394524,
        "image_utilization": 0.09625473246054762
      }
    },
    "logit": {
      "values": {
        "blank": -1.395700946557475,
        "text_only": 2.8571050165036915,
        "image_only": -0.7447536942454905,
        "both": 3.508052268815681
      },
      "shapley": {
        "text": 4.252805963061169,
        "image": 0.650947252311987,
        "interaction": 5.10702591327572e-15,
        "blank_to_both_delta": 4.903753215373156,
        "abs_total": 4.903753215373156,
        "text_utilization": 0.8672552994161121,
        "image_utilization": 0.13274470058388788
      }
    }
  },
  "intercept": -1.395700946557475,
  "text_logit_contribution": 4.252805963061166,
  "image_logit_contribution": 0.6509472523119866,
  "label_dependency_logit_contribution": 0.0,
  "top_text_features": [
    {
      "feature": "criminal",
      "tfidf": 0.12649208307266235,
      "contribution": 0.5679956692479843
    },
    {
      "feature": "prison",
      "tfidf": 0.11333177983760834,
      "contribution": 0.5559514765195226
    },
    {
      "feature": "eddie",
      "tfidf": 0.6065381169319153,
      "contribution": 0.3912120713837204
    },
    {
      "feature": "fbi",
      "tfidf": 0.07108388841152191,
      "contribution": 0.2887124640304553
    },
    {
      "feature": "bank",
      "tfidf": 0.06340354681015015,
      "contribution": 0.2629393784902984
    },
    {
      "feature": "is",
      "tfidf": 0.12195800989866257,
      "contribution": 0.25240944310960445
    },
    {
      "feature": "boss",
      "tfidf": 0.058113615959882736,
      "contribution": 0.23414956052978034
    },
    {
      "feature": "heist",
      "tfidf": 0.07571126520633698,
      "contribution": 0.23130814285035728
    },
    {
      "feature": "job",
      "tfidf": 0.0945640504360199,
      "contribution": 0.20170669757579154
    },
    {
      "feature": "justice",
      "tfidf": 0.07037399709224701,
      "contribution": 0.17068027140194866
    },
    {
      "feature": "escape",
      "tfidf": 0.10880536586046219,
      "contribution": 0.1439730817182528
    },
    {
      "feature": "to",
      "tfidf": 0.14451029896736145,
      "contribution": -0.14319259862999018
    }
  ],
  "top_image_features": [
    {
      "feature": "thumbnail_y19_x5",
      "value": 1.3592473268508911,
      "contribution": -0.9474366852616708
    },
    {
      "feature": "top_left_B_hist_bin_13",
      "value": 4.749256134033203,
      "contribution": 0.8485797666515142
    },
    {
      "feature": "thumbnail_y19_x4",
      "value": 1.2195532321929932,
      "contribution": 0.7590314990183447
    },
    {
      "feature": "thumbnail_y9_x30",
      "value": 1.279571771621704,
      "contribution": 0.6937709351186752
    },
    {
      "feature": "bottom_left_G_hist_bin_14",
      "value": 3.8124682903289795,
      "contribution": -0.6910583382157648
    },
    {
      "feature": "thumbnail_y10_x30",
      "value": 1.3463629484176636,
      "contribution": -0.6529536718722825
    },
    {
      "feature": "thumbnail_y7_x12",
      "value": 1.7323555946350098,
      "contribution": -0.5586798344741107
    },
    {
      "feature": "top_left_G_hist_bin_14",
      "value": 5.245482921600342,
      "contribution": 0.5242994341869889
    },
    {
      "feature": "thumbnail_y7_x6",
      "value": 1.3476394414901733,
      "contribution": -0.5234541003670639
    },
    {
      "feature": "thumbnail_y5_x11",
      "value": 1.4614708423614502,
      "contribution": -0.5206374033759259
    },
    {
      "feature": "thumbnail_y19_x27",
      "value": 0.7722426056861877,
      "contribution": 0.507978298683426
    },
    {
      "feature": "top_left_R_hist_bin_15",
      "value": 2.404625415802002,
      "contribution": 0.5041848884654554
    }
  ],
  "label_dependency_contributions": [],
  "performance": {
    "measurements": [
      {
        "name": "classic_modality_shapley_idx_44_Crime",
        "wall_time_s": 0.03433760002371855,
        "process_cpu_time_s": 0.03125,
        "process_cpu_util_percent": 91.00810766743801,
        "rss_start_mb": 337.03125,
        "rss_end_mb": 337.046875,
        "rss_delta_mb": 0.015625,
        "rss_peak_mb": 337.05078125,
        "cuda_start": {
          "cuda_available": false,
          "cuda_error": "ModuleNotFoundError: No module named 'torch'"
        },
        "cuda_end": {
          "cuda_available": false,
          "cuda_error": "ModuleNotFoundError: No module named 'torch'"
        }
      },
      {
        "name": "classic_modality_shapley_visualization_idx_44_Crime",
        "wall_time_s": 0.10830310001620091,
        "process_cpu_time_s": 0.09375,
        "process_cpu_util_percent": 86.56261915492361,
        "rss_start_mb": 337.03125,
        "rss_end_mb": 338.9609375,
        "rss_delta_mb": 1.9296875,
        "rss_peak_mb": 340.84375,
        "cuda_start": {
          "cuda_available": false,
          "cuda_error": "ModuleNotFoundError: No module named 'torch'"
        },
        "cuda_end": {
          "cuda_available": false,
          "cuda_error": "ModuleNotFoundError: No module named 'torch'"
        }
      },
      {
        "name": "classic_linear_contribution_idx_44_Crime",
        "wall_time_s": 0.0019016999867744744,
        "process_cpu_time_s": 0.0,
        "process_cpu_util_percent": 0.0,
        "rss_start_mb": 338.9453125,
        "rss_end_mb": 338.96484375,
        "rss_delta_mb": 0.01953125,
        "rss_peak_mb": 338.96484375,
        "cuda_start": {
          "cuda_available": false,
          "cuda_error": "ModuleNotFoundError: No module named 'torch'"
        },
        "cuda_end": {
          "cuda_available": false,