{
  "index": 57,
  "target_genre": "Film-Noir",
  "target_genres": [
    "Film-Noir"
  ],
  "true_genres": [
    "Romance",
    "Horror",
    "Mystery",
    "Fantasy",
    "Film-Noir"
  ],
  "predicted_genres": [
    "Film-Noir",
    "Horror",
    "Fantasy",
    "Mystery",
    "Romance"
  ],
  "probability": 0.9225759821125485,
  "top_probabilities": {
    "Film-Noir": 0.9225760102272034,
    "Horror": 0.8943604826927185,
    "Fantasy": 0.8672161102294922,
    "Mystery": 0.7803618311882019,
    "Romance": 0.7779184579849243
  },
  "target_selection": {
    "policy": "predicted",
    "target_indices": [
      22,
      7,
      11
    ],
    "target_genres": [
      "Film-Noir",
      "Horror",
      "Fantasy"
    ],
    "all_selected_indices": [
      22,
      7,
      11,
      9,
      2
    ],
    "all_selected_genres": [
      "Film-Noir",
      "Horror",
      "Fantasy",
      "Mystery",
      "Romance"
    ],
    "predicted_indices": [
      22,
      7,
      11,
      9,
      2
    ],
    "predicted_genres": [
      "Film-Noir",
      "Horror",
      "Fantasy",
      "Mystery",
      "Romance"
    ],
    "threshold": [
      0.30000001192092896,
      0.44999998807907104,
      0.5,
      0.5,
      0.6000000238418579,
      0.550000011920929,
      0.6000000238418579,
      0.6000000238418579,
      0.6000000238418579,
      0.5,
      0.699999988079071,
      0.75,
      0.6000000238418579,
      0.699999988079071,
      0.6499999761581421,
      0.6000000238418579,
      0.6499999761581421,
      0.550000011920929,
      0.699999988079071,
      0.6000000238418579,
      0.6499999761581421,
      0.5,
      0.699999988079071
    ],
    "max_targets_per_sample": 3
  },
  "method": "linear_feature_contribution",
  "methods": [
    "linear_feature_contribution",
    "modality_shapley"
  ],
  "modality_shapley": {
    "method": "two_modality_shapley",
    "probability": {
      "values": {
        "blank": 0.0016041584260689514,
        "text_only": 0.020719656865291276,
        "image_only": 0.4750350867653788,
        "both": 0.9225759821125485
      },
      "shapley": {
        "text": 0.23332819689319603,
        "image": 0.6876436267932835,
        "interaction": 0.42842539690794734,
        "blank_to_both_delta": 0.9209718236864796,
        "abs_total": 0.9209718236864796,
        "text_utilization": 0.2533499841061657,
        "image_utilization": 0.7466500158938343
      }
    },
    "logit": {
      "values": {
        "blank": -6.433550558579656,
        "text_only": -3.855735101463372,
        "image_only": -0.09994276024311599,
        "both": 2.4778726968731704
      },
      "shapley": {
        "text": 2.577815457116285,
        "image": 6.333607798336541,
        "interaction": 2.6645352591003757e-15,
        "blank_to_both_delta": 8.911423255452826,
        "abs_total": 8.911423255452826,
        "text_utilization": 0.2892709035606564,
        "image_utilization": 0.7107290964393436
      }
    }
  },
  "intercept": -6.433550558579656,
  "text_logit_contribution": 2.5778154571162832,
  "image_logit_contribution": 6.333607798336543,
  "label_dependency_logit_contribution": 0.0,
  "top_text_features": [
    {
      "feature": "stella",
      "tfidf": 0.43567514419555664,
      "contribution": 0.46795165371526887
    },
    {
      "feature": "to",
      "tfidf": 0.1503637135028839,
      "contribution": 0.336536850723974
    },
    {
      "feature": "rick",
      "tfidf": 0.18129001557826996,
      "contribution": 0.2968386522724153
    },
    {
      "feature": "commander",
      "tfidf": 0.32018280029296875,
      "contribution": 0.2412839133561613
    },
    {
      "feature": "the",
      "tfidf": 0.24235011637210846,
      "contribution": -0.228589796778715
    },
    {
      "feature": "of",
      "tfidf": 0.10232088714838028,
      "contribution": -0.19017621117072991
    },
    {
      "feature": "mary",
      "tfidf": 0.1384660005569458,
      "contribution": 0.1493514832960036
    },
    {
      "feature": "they",
      "tfidf": 0.112152598798275,
      "contribution": -0.13876572625316708
    },
    {
      "feature": "meredith",
      "tfidf": 0.2198038250207901,
      "contribution": 0.13867018425637312
    },
    {
      "feature": "night",
      "tfidf": 0.06451823562383652,
      "contribution": 0.12004533472612942
    },
    {
      "feature": "she",
      "tfidf": 0.061724547296762466,
      "contribution": 0.10236618410302281
    },
    {
      "feature": "he",
      "tfidf": 0.029765458777546883,
      "contribution": 0.09182960928537441
    }
  ],
  "top_image_features": [
    {
      "feature": "thumbnail_y0_x17",
      "value": -1.4843167066574097,
      "contribution": 2.7800398756816875
    },
    {
      "feature": "thumbnail_y0_x12",
      "value": -1.4428025484085083,
      "contribution": -2.514649654434657
    },
    {
      "feature": "thumbnail_y5_x5",
      "value": -1.274567723274231,
      "contribution": 2.268823836690441
    },
    {
      "feature": "thumbnail_y0_x11",
      "value": -1.4308363199234009,
      "contribution": 2.2347547564196786
    },
    {
      "feature": "thumbnail_y19_x9",
      "value": -1.3654574155807495,
      "contribution": 2.0051905438468243
    },
    {
      "feature": "thumbnail_y0_x31",
      "value": -1.3171777725219727,
      "contribution": -1.945966342892759
    },
    {
      "feature": "thumbnail_y0_x29",
      "value": -1.1366742849349976,
      "contribution": -1.917624527898735
    },
    {
      "feature": "thumbnail_y18_x27",
      "value": -1.2006827592849731,
      "contribution": 1.8587916462156648
    },
    {
      "feature": "thumbnail_y0_x14",
      "value": -1.4432260990142822,
      "contribution": -1.7983811583735998
    },
    {
      "feature": "thumbnail_y8_x4",
      "value": -1.2866474390029907,
      "contribution": 1.6701548294700053
    },
    {
      "feature": "thumbnail_y19_x17",
      "value": -0.9614337086677551,
      "contribution": -1.6457561920072723
    },
    {
      "feature": "thumbnail_y19_x8",
      "value": -1.3578511476516724,
      "contribution": -1.6321537750346309
    }
  ],
  "label_dependency_contributions": [],
  "performance": {
    "measurements": [
      {
        "name": "classic_modality_shapley_idx_57_Film-Noir",
        "wall_time_s": 0.04709290000027977,
        "process_cpu_time_s": 0.046875,
        "process_cpu_util_percent": 99.53729755381708,
        "rss_start_mb": 339.76171875,
        "rss_end_mb": 339.77734375,
        "rss_delta_mb": 0.015625,
        "rss_peak_mb": 339.78125,
        "cuda_start": {
          "cuda_available": false,
          "cuda_error": "ModuleNotFoundError: No module named 'torch'"
        },
        "cuda_end": {
          "cuda_available": false,
          "cuda_error": "ModuleNotFoundError: No module named 'torch'"
        }
      },
      {
        "name": "classic_modality_shapley_visualization_idx_57_Film-Noir",
        "wall_time_s": 0.1711414000019431,
        "process_cpu_time_s": 0.171875,
        "process_cpu_util_percent": 100.42865139472306,
        "rss_start_mb": 339.76171875,
        "rss_end_mb": 341.65625,
        "rss_delta_mb": 1.89453125,
        "rss_peak_mb": 343.5390625,
        "cuda_start": {
          "cuda_available": false,
          "cuda_error": "ModuleNotFoundError: No module named 'torch'"
        },
        "cuda_end": {
          "cuda_available": false,
          "cuda_error": "ModuleNotFoundError: No module named 'torch'"
        }
      },
      {
        "name": "classic_linear_contribution_idx_57_Film-Noir",
        "wall_time_s": 0.0025239000096917152,
        "process_cpu_time_s": 0.0,
        "process_cpu_util_percent": 0.0,
        "rss_start_mb": 341.640625,
        "rss_end_mb": 341.65625,
        "rss_delta_mb": 0.015625,
        "rss_peak_mb": 341.66015625,
        "cuda_start": {
          "cuda_available": false,
          "cuda_error": "ModuleNotFoundError: No module named 'torch'"
        },