{
  "index": 16,
  "target_genre": "Thriller",
  "target_genres": [
    "Thriller"
  ],
  "true_genres": [
    "Drama",
    "Thriller",
    "Crime",
    "Mystery",
    "Film-Noir"
  ],
  "predicted_genres": [
    "Action",
    "Thriller",
    "Crime",
    "Mystery",
    "Drama"
  ],
  "probability": 0.8324973583221436,
  "top_probabilities": {
    "Action": 0.8897483348846436,
    "Thriller": 0.8324973583221436,
    "Crime": 0.8018249273300171,
    "War": 0.7832969427108765,
    "Horror": 0.6877582669258118
  },
  "threshold": [
    0.36000001430511475,
    0.44999998807907104,
    0.5,
    0.5899999737739563,
    0.5400000214576721,
    0.7599999904632568,
    0.6899999976158142,
    0.8199999928474426,
    0.7200000286102295,
    0.6299999952316284,
    0.7799999713897705,
    0.7400000095367432,
    0.8100000023841858,
    0.6000000238418579,
    0.8899999856948853,
    0.7599999904632568,
    0.550000011920929,
    0.8999999761581421,
    0.7799999713897705,
    0.9700000286102295,
    0.7699999809265137,
    0.8899999856948853,
    0.9399999976158142
  ],
  "target_selection": {
    "policy": "predicted",
    "target_indices": [
      5,
      3,
      4
    ],
    "target_genres": [
      "Action",
      "Thriller",
      "Crime"
    ],
    "all_selected_indices": [
      5,
      3,
      4,
      9,
      0
    ],
    "all_selected_genres": [
      "Action",
      "Thriller",
      "Crime",
      "Mystery",
      "Drama"
    ],
    "predicted_indices": [
      5,
      3,
      4,
      9,
      0
    ],
    "predicted_genres": [
      "Action",
      "Thriller",
      "Crime",
      "Mystery",
      "Drama"
    ],
    "threshold": [
      0.36000001430511475,
      0.44999998807907104,
      0.5,
      0.5899999737739563,
      0.5400000214576721,
      0.7599999904632568,
      0.6899999976158142,
      0.8199999928474426,
      0.7200000286102295,
      0.6299999952316284,
      0.7799999713897705,
      0.7400000095367432,
      0.8100000023841858,
      0.6000000238418579,
      0.8899999856948853,
      0.7599999904632568,
      0.550000011920929,
      0.8999999761581421,
      0.7799999713897705,
      0.9700000286102295,
      0.7699999809265137,
      0.8899999856948853,
      0.9399999976158142
    ],
    "max_targets_per_sample": 3
  },
  "methods": [
    "IntegratedGradients_image_pixels",
    "image_occlusion_sensitivity",
    "experimental_label_correlation_head"
  ],
  "top_tokens": [],
  "gate_mean": null,
  "gate_std": null,
  "config": {
    "model_name": "neural_efficientnet_b0_image_only_unfrozen_lr1e4",
    "modality": "image_only",
    "text_encoder": "bigru_attention",
    "image_encoder": "efficientnet_b0",
    "fusion": "gmu",
    "hidden_dim": 256,
    "text_cnn_channels": 128,
    "text_cnn_kernels": [
      3,
      4,
      5
    ],
    "text_rnn_hidden_dim": 128,
    "text_rnn_layers": 1,
    "text_rnn_dropout": 0.2,
    "text_attention_dim": 128,
    "text_transformer_layers": 2,
    "text_transformer_heads": 6,
    "text_transformer_ff_dim": 512,
    "text_transformer_dropout": 0.1,
    "pretrained_image": false,
    "freeze_image_backbone": false,
    "batch_size": 16,
    "epochs": 10,
    "learning_rate": 0.0001,
    "weight_decay": 0.01,
    "num_workers": 0,
    "patience": 3,
    "threshold_metric": "macro_f1",
    "threshold_strategy": "per_label",
    "threshold_min": 0.01,
    "threshold_max": 0.99,
    "threshold_steps": 99,
    "loss": "bce",
    "focal_gamma": 2.0,
    "pos_weight_clip": null,
    "scheduler": "plateau",
    "scheduler_factor": 0.5,
    "scheduler_patience": 1,
    "min_learning_rate": 1e-06,
    "enable_label_correlation": true,
    "max_length": 512,
    "input_size": 224,
    "freeze_embeddings": false
  },
  "performance": {
    "measurements": [
      {
        "name": "neural_image_integrated_gradients_idx_16_Thriller",
        "wall_time_s": 0.8904602709990286,
        "process_cpu_time_s": 0.8683196560000397,
        "process_cpu_util_percent": 97.51357632450589,
        "rss_start_mb": 3327.69140625,
        "rss_end_mb": 3347.7890625,
        "rss_delta_mb": 20.09765625,
        "rss_peak_mb": 3491.03515625,
        "cuda_start": {
          "cuda_available": false
        },
        "cuda_end": {
          "cuda_available": false
        }
      },
      {
        "name": "neural_image_ig_visualization_idx_16_Thriller",
        "wall_time_s": 0.04177170000002661,
        "process_cpu_time_s": 0.023552951000056055,
        "process_cpu_util_percent": 56.384947225133395,
        "rss_start_mb": 3347.7890625,
        "rss_end_mb": 3347.79296875,
        "rss_delta_mb": 0.00390625,
        "rss_peak_mb": 3347.796875,
        "cuda_start": {
          "cuda_available": false
        },
        "cuda_end": {
          "cuda_available": false
        }
      },
      {
        "name": "neural_image_occlusion_idx_16_Thriller",
        "wall_time_s": 0.6244620970010146,
        "process_cpu_time_s": 0.620420114999888,
        "process_cpu_util_percent": 99.35272580665212,
        "rss_start_mb": 3347.79296875,
        "rss_end_mb": 3347.79296875,
        "rss_delta_mb": 0.0,
        "rss_peak_mb": 3421.30078125,
        "cuda_start": {
          "cuda_available": false
        },
        "cuda_end": {
          "cuda_available": false
        }
      },
      {
        "name": "neural_image_occlusion_visualization_idx_16_Thriller",
        "wall_time_s": 0.029178130000218516,
        "process_cpu_time_s": 0.02011520499991093,
        "process_cpu_util_percent": 68.93932201878697,
        "rss_start_mb": 3347.79296875,
        "rss_end_mb": 3347.79296875,
        "rss_delta_mb": 0.0,
        "rss_peak_mb": 3347.796875,
        "cuda_start": {
          "cuda_available": false
        },
        "cuda_end": {
          "cuda_available": false
        }
      }
    ],
    "summary": {
      "count": 4,
      "total_wall_time_s": 1.5858721980002883,
      "mean_wall_time_s": 0.3964680495000721,
      "total_process_cpu_time_s": 1.5324079269998947,
      "mean_process_cpu_util_percent": 80.5476428437696,
      "max_rss_peak_mb": 3491.03515625
    }
  },
  "image_occlusion": {
    "baseline_probability": 0.8324973583221436,
    "baseline_logit": 1.603430986404419,
    "grid_size": 4,
    "top_patches": [
      {
        "row": 3,
        "col": 2,
        "y0": 168,
        "y1": 224,
        "x0": 112,
        "x1": 168,
        "occluded_probability": 0.7694793343544006,
        "probability_delta": 0.06301802396774292,
        "occluded_logit": 1.2053732872009277,
        "logit_delta": 0.3980576992034912
      },
      {
        "row": 1,
        "col": 0,
        "y0": 56,
        "y1": 112,
        "x0": 0,
        "x1": 56,
        "occluded_probability": 0.7755691409111023,
        "probability_delta": 0.05692821741104126,
        "occluded_logit": 1.2400295734405518,
        "logit_delta": 0.3634014129638672
      },
      {
        "row": 2,
        "col": 2,
        "y0": 112,
        "y1": 168,
        "x0": 112,
        "x1": 168,
        "occluded_probability": 0.7871041893959045,
        "probability_delta": 0.045393168926239014,
        "occluded_logit": 1.3075577020645142,
        "logit_delta": 0.2958732843399048
      },
      {
        "row": 3,
        "col": 1,
        "y0": 168,
        "y1": 224,
        "x0": 56,
        "x1": 112,
        "occluded_probability": 0.7886186838150024,
        "probability_delta": 0.04387867450714111,
        "occluded_logit": 1.3166191577911377,
        "logit_delta": 0.28681182861328125
      },
      {
        "row": 2,
        "col": 1,
        "y0": 112,
        "y1": 168,
        "x0": 56,
        "x1": 112,
        "occluded_probability": 0.7900620102882385,
        "probability_delta": 0.04243534803390503,
        "occluded_logit": 1.3252992630004883,
        "logit_delta": 0.27813172340393066
      },
      {
        "row": 0,
        "col": 1,
        "y0": 0,
        "y1": 56,
        "x0": 56,
        "x1": 112,