{
  "index": 82,
  "target_genre": "Crime",
  "target_genres": [
    "Crime"
  ],
  "true_genres": [
    "Drama",
    "Thriller",
    "Crime",
    "Film-Noir"
  ],
  "predicted_genres": [
    "Crime",
    "Action",
    "Mystery",
    "Thriller"
  ],
  "probability": 0.9618683558595381,
  "top_probabilities": {
    "Crime": 0.9618683457374573,
    "Action": 0.957492470741272,
    "Mystery": 0.874647319316864,
    "Thriller": 0.8548435568809509,
    "Comedy": 0.39002737402915955
  },
  "target_selection": {
    "policy": "predicted",
    "target_indices": [
      4,
      5,
      9
    ],
    "target_genres": [
      "Crime",
      "Action",
      "Mystery"
    ],
    "all_selected_indices": [
      4,
      5,
      9,
      3
    ],
    "all_selected_genres": [
      "Crime",
      "Action",
      "Mystery",
      "Thriller"
    ],
    "predicted_indices": [
      4,
      5,
      9,
      3
    ],
    "predicted_genres": [
      "Crime",
      "Action",
      "Mystery",
      "Thriller"
    ],
    "threshold": [
      0.30000001192092896,
      0.44999998807907104,
      0.5,
      0.5,
      0.6000000238418579,
      0.550000011920929,
      0.6000000238418579,
      0.6000000238418579,
      0.6000000238418579,
      0.5,
      0.699999988079071,
      0.75,
      0.6000000238418579,
      0.699999988079071,
      0.6499999761581421,
      0.6000000238418579,
      0.6499999761581421,
      0.550000011920929,
      0.699999988079071,
      0.6000000238418579,
      0.6499999761581421,
      0.5,
      0.699999988079071
    ],
    "max_targets_per_sample": 3
  },
  "method": "linear_feature_contribution",
  "methods": [
    "linear_feature_contribution",
    "modality_shapley"
  ],
  "modality_shapley": {
    "method": "two_modality_shapley",
    "probability": {
      "values": {
        "blank": 0.19849919263820678,
        "text_only": 0.8241303679306189,
        "image_only": 0.5713953503493078,
        "both": 0.9618683558595381
      },
      "shapley": {
        "text": 0.5080520904013213,
        "image": 0.2553170728200101,
        "interaction": -0.23515816978218176,
        "blank_to_both_delta": 0.7633691632213313,
        "abs_total": 0.7633691632213313,
        "text_utilization": 0.6655391845504985,
        "image_utilization": 0.3344608154495015
      }
    },
    "logit": {
      "values": {
        "blank": -1.395700946557475,
        "text_only": 1.5445857372171352,
        "image_only": 0.2875464210256382,
        "both": 3.227833104800239
      },
      "shapley": {
        "text": 2.9402866837746053,
        "image": 1.6832473675831086,
        "interaction": -9.325873406851315e-15,
        "blank_to_both_delta": 4.623534051357714,
        "abs_total": 4.623534051357714,
        "text_utilization": 0.6359392298432801,
        "image_utilization": 0.3640607701567199
      }
    }
  },
  "intercept": -1.395700946557475,
  "text_logit_contribution": 2.94028668377461,
  "image_logit_contribution": 1.6832473675831134,
  "label_dependency_logit_contribution": 0.0,
  "top_text_features": [
    {
      "feature": "police",
      "tfidf": 0.1908099204301834,
      "contribution": 1.5256404046472034
    },
    {
      "feature": "dead",
      "tfidf": 0.1375752091407776,
      "contribution": 0.35659005772447777
    },
    {
      "feature": "man",
      "tfidf": 0.14089319109916687,
      "contribution": 0.24628374276460754
    },
    {
      "feature": "the",
      "tfidf": 0.1967376172542572,
      "contribution": -0.19913088336031878
    },
    {
      "feature": "killers",
      "tfidf": 0.10525692254304886,
      "contribution": 0.19879241529218566
    },
    {
      "feature": "body",
      "tfidf": 0.07780537009239197,
      "contribution": 0.17818081604043376
    },
    {
      "feature": "found",
      "tfidf": 0.07207833975553513,
      "contribution": 0.1636975946638523
    },
    {
      "feature": "gun",
      "tfidf": 0.09225893765687943,
      "contribution": 0.15548643075352025
    },
    {
      "feature": "disease",
      "tfidf": 0.20327328145503998,
      "contribution": -0.13974892123361013
    },
    {
      "feature": "to",
      "tfidf": 0.1346401870250702,
      "contribution": -0.1334124861543749
    },
    {
      "feature": "doctor",
      "tfidf": 0.08212455362081528,
      "contribution": -0.12640028985134688
    },
    {
      "feature": "don",
      "tfidf": 0.0774533599615097,
      "contribution": 0.11252322728794657
    }
  ],
  "top_image_features": [
    {
      "feature": "top_right_G_hist_bin_1",
      "value": 1.9399223327636719,
      "contribution": -0.49533945133422785
    },
    {
      "feature": "thumbnail_y7_x12",
      "value": 1.3120304346084595,
      "contribution": -0.4231261458687335
    },
    {
      "feature": "thumbnail_y1_x27",
      "value": -1.2696284055709839,
      "contribution": -0.4170732788911307
    },
    {
      "feature": "thumbnail_y19_x5",
      "value": -0.5973587036132812,
      "contribution": 0.4163771661591515
    },
    {
      "feature": "thumbnail_y9_x20",
      "value": -1.066352128982544,
      "contribution": 0.3861985567997313
    },
    {
      "feature": "thumbnail_y3_x17",
      "value": -1.3240057229995728,
      "contribution": -0.3774760275720867
    },
    {
      "feature": "thumbnail_y7_x11",
      "value": 1.5041332244873047,
      "contribution": 0.3704127296582053
    },
    {
      "feature": "thumbnail_y15_x21",
      "value": 1.864434838294983,
      "contribution": 0.37034353218954424
    },
    {
      "feature": "thumbnail_y9_x4",
      "value": 1.6435004472732544,
      "contribution": 0.36566750667592135
    },
    {
      "feature": "bottom_left_G_hist_bin_14",
      "value": 1.995619773864746,
      "contribution": -0.36173145049777966
    },
    {
      "feature": "thumbnail_y15_x22",
      "value": 1.8620481491088867,
      "contribution": -0.3611470710648357
    },
    {
      "feature": "thumbnail_y18_x5",
      "value": 0.862703800201416,
      "contribution": 0.3601926257649288
    }
  ],
  "label_dependency_contributions": [],
  "performance": {
    "measurements": [
      {
        "name": "classic_modality_shapley_idx_82_Crime",
        "wall_time_s": 0.04397082800005592,
        "process_cpu_time_s": 0.04495257500002481,
        "process_cpu_util_percent": 102.23272347741018,
        "rss_start_mb": 2052.80078125,
        "rss_end_mb": 2052.80078125,
        "rss_delta_mb": 0.0,
        "rss_peak_mb": 2052.8046875,
        "cuda_start": {
          "cuda_available": false
        },
        "cuda_end": {
          "cuda_available": false
        }
      },
      {
        "name": "classic_modality_shapley_visualization_idx_82_Crime",
        "wall_time_s": 0.19726457000069786,
        "process_cpu_time_s": 0.174271772000111,
        "process_cpu_util_percent": 88.34418263730507,
        "rss_start_mb": 2052.80078125,
        "rss_end_mb": 2052.80078125,
        "rss_delta_mb": 0.0,
        "rss_peak_mb": 2052.8046875,
        "cuda_start": {
          "cuda_available": false
        },
        "cuda_end": {
          "cuda_available": false
        }
      },
      {
        "name": "classic_linear_contribution_idx_82_Crime",
        "wall_time_s": 0.001099160000194388,
        "process_cpu_time_s": 0.0011502419999942504,
        "process_cpu_util_percent": 104.64736706128575,
        "rss_start_mb": 2052.80078125,
        "rss_end_mb": 2052.80078125,
        "rss_delta_mb": 0.0,
        "rss_peak_mb": 2052.8046875,
        "cuda_start": {
          "cuda_available": false
        },
        "cuda_end": {
          "cuda_available": false
        }
      },
      {
        "name": "classic_visualization_idx_82_Crime",
        "wall_time_s": 0.4595141470008457,
        "process_cpu_time_s": 0.4139940039999601,
        "process_cpu_util_percent": 90.09385384585302,
        "rss_start_mb": 2052.80078125,
        "rss_end_mb": 2052.80078125,
        "rss_delta_mb": 0.0,
        "rss_peak_mb": 2052.8046875,