{
  "index": 66,
  "target_genre": "Thriller",
  "target_genres": [
    "Thriller"
  ],
  "true_genres": [
    "Thriller",
    "Crime",
    "Mystery",
    "Film-Noir"
  ],
  "predicted_genres": [
    "Mystery",
    "Thriller",
    "Crime",
    "Comedy",
    "Drama"
  ],
  "probability": 0.8083254522942641,
  "top_probabilities": {
    "Mystery": 0.908561646938324,
    "Thriller": 0.808325469493866,
    "Crime": 0.6627981662750244,
    "Comedy": 0.578359842300415,
    "Drama": 0.5773690342903137
  },
  "target_selection": {
    "policy": "predicted",
    "target_indices": [
      9,
      3,
      4
    ],
    "target_genres": [
      "Mystery",
      "Thriller",
      "Crime"
    ],
    "all_selected_indices": [
      9,
      3,
      4,
      1,
      0
    ],
    "all_selected_genres": [
      "Mystery",
      "Thriller",
      "Crime",
      "Comedy",
      "Drama"
    ],
    "predicted_indices": [
      9,
      3,
      4,
      1,
      0
    ],
    "predicted_genres": [
      "Mystery",
      "Thriller",
      "Crime",
      "Comedy",
      "Drama"
    ],
    "threshold": [
      0.30000001192092896,
      0.44999998807907104,
      0.5,
      0.5,
      0.6000000238418579,
      0.550000011920929,
      0.6000000238418579,
      0.6000000238418579,
      0.6000000238418579,
      0.5,
      0.699999988079071,
      0.75,
      0.6000000238418579,
      0.699999988079071,
      0.6499999761581421,
      0.6000000238418579,
      0.6499999761581421,
      0.550000011920929,
      0.699999988079071,
      0.6000000238418579,
      0.6499999761581421,
      0.5,
      0.699999988079071
    ],
    "max_targets_per_sample": 3
  },
  "method": "linear_feature_contribution",
  "methods": [
    "linear_feature_contribution",
    "modality_shapley"
  ],
  "modality_shapley": {
    "method": "two_modality_shapley",
    "probability": {
      "values": {
        "blank": 0.22067535862780757,
        "text_only": 0.7281114997229016,
        "image_only": 0.30839548350284357,
        "both": 0.8083254522942641
      },
      "shapley": {
        "text": 0.5036830549432573,
        "image": 0.08396703872319927,
        "interaction": -0.007506172303673453,
        "blank_to_both_delta": 0.5876500936664566,
        "abs_total": 0.5876500936664566,
        "text_utilization": 0.8571138852385548,
        "image_utilization": 0.14288611476144508
      }
    },
    "logit": {
      "values": {
        "blank": -1.2617350441840947,
        "text_only": 0.985062138627333,
        "image_only": -0.8076312876431424,
        "both": 1.4391658951682815
      },
      "shapley": {
        "text": 2.2467971828114255,
        "image": 0.45410375654095037,
        "interaction": -3.774758283725532e-15,
        "blank_to_both_delta": 2.700900939352376,
        "abs_total": 2.7009009393523757,
        "text_utilization": 0.8318695254888409,
        "image_utilization": 0.16813047451115914
      }
    }
  },
  "intercept": -1.2617350441840947,
  "text_logit_contribution": 2.2467971828114273,
  "image_logit_contribution": 0.45410375654095236,
  "label_dependency_logit_contribution": 0.0,
  "top_text_features": [
    {
      "feature": "killer",
      "tfidf": 0.08224843442440033,
      "contribution": 0.373620158413814
    },
    {
      "feature": "bennett",
      "tfidf": 0.42463961243629456,
      "contribution": 0.3011265202713289
    },
    {
      "feature": "killing",
      "tfidf": 0.08435004204511642,
      "contribution": 0.24986729292787663
    },
    {
      "feature": "death",
      "tfidf": 0.06521261483430862,
      "contribution": 0.2384141419141621
    },
    {
      "feature": "love",
      "tfidf": 0.05254227668046951,
      "contribution": -0.20048024540310164
    },
    {
      "feature": "suspect",
      "tfidf": 0.09686648100614548,
      "contribution": 0.16272913883514065
    },
    {
      "feature": "catherine",
      "tfidf": 0.23944471776485443,
      "contribution": 0.1481924407308228
    },
    {
      "feature": "prime",
      "tfidf": 0.10732796043157578,
      "contribution": 0.13530677965023177
    },
    {
      "feature": "wife",
      "tfidf": 0.11373156309127808,
      "contribution": 0.12870508067905556
    },
    {
      "feature": "morning",
      "tfidf": 0.09266534447669983,
      "contribution": 0.11570387799687173
    },
    {
      "feature": "is",
      "tfidf": 0.0496012344956398,
      "contribution": 0.11279898376053991
    },
    {
      "feature": "ex",
      "tfidf": 0.07976184785366058,
      "contribution": 0.09723741498846351
    }
  ],
  "top_image_features": [
    {
      "feature": "thumbnail_y19_x18",
      "value": -1.1273142099380493,
      "contribution": -0.6661199258989511
    },
    {
      "feature": "thumbnail_y19_x19",
      "value": -1.142154335975647,
      "contribution": 0.5813171377952672
    },
    {
      "feature": "thumbnail_y12_x2",
      "value": -1.3872720003128052,
      "contribution": 0.5002700173443586
    },
    {
      "feature": "thumbnail_y19_x13",
      "value": -1.2920113801956177,
      "contribution": 0.4905090392485145
    },
    {
      "feature": "thumbnail_y19_x11",
      "value": -1.020710825920105,
      "contribution": 0.46019416133976865
    },
    {
      "feature": "thumbnail_y11_x1",
      "value": -1.3253401517868042,
      "contribution": 0.4481995049379591
    },
    {
      "feature": "thumbnail_y18_x18",
      "value": -1.2185708284378052,
      "contribution": 0.4459989665382858
    },
    {
      "feature": "thumbnail_y2_x3",
      "value": -1.3501254320144653,
      "contribution": 0.44428270768636585
    },
    {
      "feature": "thumbnail_y19_x12",
      "value": -1.2557575702667236,
      "contribution": -0.4415320438926659
    },
    {
      "feature": "thumbnail_y17_x19",
      "value": -1.3702419996261597,
      "contribution": 0.42077094822083405
    },
    {
      "feature": "thumbnail_y10_x27",
      "value": -1.0553396940231323,
      "contribution": 0.39040779624589483
    },
    {
      "feature": "thumbnail_y0_x1",
      "value": -1.2637598514556885,
      "contribution": 0.3903029499064747
    }
  ],
  "label_dependency_contributions": [],
  "performance": {
    "measurements": [
      {
        "name": "classic_modality_shapley_idx_66_Thriller",
        "wall_time_s": 0.034950448000017786,
        "process_cpu_time_s": 0.03495143600002848,
        "process_cpu_util_percent": 100.00282685936013,
        "rss_start_mb": 2052.7890625,
        "rss_end_mb": 2052.7890625,
        "rss_delta_mb": 0.0,
        "rss_peak_mb": 2052.79296875,
        "cuda_start": {
          "cuda_available": false
        },
        "cuda_end": {
          "cuda_available": false
        }
      },
      {
        "name": "classic_modality_shapley_visualization_idx_66_Thriller",
        "wall_time_s": 0.1844296299996131,
        "process_cpu_time_s": 0.16401518699990447,
        "process_cpu_util_percent": 88.9310394432004,
        "rss_start_mb": 2052.7890625,
        "rss_end_mb": 2052.7890625,
        "rss_delta_mb": 0.0,
        "rss_peak_mb": 2052.79296875,
        "cuda_start": {
          "cuda_available": false
        },
        "cuda_end": {
          "cuda_available": false
        }
      },
      {
        "name": "classic_linear_contribution_idx_66_Thriller",
        "wall_time_s": 0.0007006499999988591,
        "process_cpu_time_s": 0.0008079490000909573,
        "process_cpu_util_percent": 115.31420824837977,
        "rss_start_mb": 2052.7890625,
        "rss_end_mb": 2052.7890625,
        "rss_delta_mb": 0.0,
        "rss_peak_mb": 2052.79296875,
        "cuda_start": {
          "cuda_available": false
        },
        "cuda_end": {
          "cuda_available": false
        }
      },
      {
        "name": "classic_visualization_idx_66_Thriller",
        "wall_time_s": 0.3736654609992911,
        "process_cpu_time_s": 0.30445891099998335,
        "process_cpu_util_percent": 81.47900803723493,
        "rss_start_mb": 2052.7890625,