{
  "index": 66,
  "target_genre": "Mystery",
  "target_genres": [
    "Mystery"
  ],
  "true_genres": [
    "Thriller",
    "Crime",
    "Mystery",
    "Film-Noir"
  ],
  "predicted_genres": [
    "Drama",
    "Mystery",
    "Crime",
    "Thriller",
    "Romance"
  ],
  "probability": 0.6392784118652344,
  "top_probabilities": {
    "Film-Noir": 0.8046587109565735,
    "Drama": 0.6546326875686646,
    "Mystery": 0.6392784118652344,
    "Crime": 0.6261418461799622,
    "Thriller": 0.5942051410675049
  },
  "threshold": [
    0.36000001430511475,
    0.44999998807907104,
    0.5,
    0.5899999737739563,
    0.5400000214576721,
    0.7599999904632568,
    0.6899999976158142,
    0.8199999928474426,
    0.7200000286102295,
    0.6299999952316284,
    0.7799999713897705,
    0.7400000095367432,
    0.8100000023841858,
    0.6000000238418579,
    0.8899999856948853,
    0.7599999904632568,
    0.550000011920929,
    0.8999999761581421,
    0.7799999713897705,
    0.9700000286102295,
    0.7699999809265137,
    0.8899999856948853,
    0.9399999976158142
  ],
  "target_selection": {
    "policy": "predicted",
    "target_indices": [
      0,
      9,
      4
    ],
    "target_genres": [
      "Drama",
      "Mystery",
      "Crime"
    ],
    "all_selected_indices": [
      0,
      9,
      4,
      3,
      2
    ],
    "all_selected_genres": [
      "Drama",
      "Mystery",
      "Crime",
      "Thriller",
      "Romance"
    ],
    "predicted_indices": [
      0,
      9,
      4,
      3,
      2
    ],
    "predicted_genres": [
      "Drama",
      "Mystery",
      "Crime",
      "Thriller",
      "Romance"
    ],
    "threshold": [
      0.36000001430511475,
      0.44999998807907104,
      0.5,
      0.5899999737739563,
      0.5400000214576721,
      0.7599999904632568,
      0.6899999976158142,
      0.8199999928474426,
      0.7200000286102295,
      0.6299999952316284,
      0.7799999713897705,
      0.7400000095367432,
      0.8100000023841858,
      0.6000000238418579,
      0.8899999856948853,
      0.7599999904632568,
      0.550000011920929,
      0.8999999761581421,
      0.7799999713897705,
      0.9700000286102295,
      0.7699999809265137,
      0.8899999856948853,
      0.9399999976158142
    ],
    "max_targets_per_sample": 3
  },
  "methods": [
    "IntegratedGradients_image_pixels",
    "image_occlusion_sensitivity",
    "experimental_label_correlation_head"
  ],
  "top_tokens": [],
  "gate_mean": null,
  "gate_std": null,
  "config": {
    "model_name": "neural_efficientnet_b0_image_only_unfrozen_lr1e4",
    "modality": "image_only",
    "text_encoder": "bigru_attention",
    "image_encoder": "efficientnet_b0",
    "fusion": "gmu",
    "hidden_dim": 256,
    "text_cnn_channels": 128,
    "text_cnn_kernels": [
      3,
      4,
      5
    ],
    "text_rnn_hidden_dim": 128,
    "text_rnn_layers": 1,
    "text_rnn_dropout": 0.2,
    "text_attention_dim": 128,
    "text_transformer_layers": 2,
    "text_transformer_heads": 6,
    "text_transformer_ff_dim": 512,
    "text_transformer_dropout": 0.1,
    "pretrained_image": false,
    "freeze_image_backbone": false,
    "batch_size": 16,
    "epochs": 10,
    "learning_rate": 0.0001,
    "weight_decay": 0.01,
    "num_workers": 0,
    "patience": 3,
    "threshold_metric": "macro_f1",
    "threshold_strategy": "per_label",
    "threshold_min": 0.01,
    "threshold_max": 0.99,
    "threshold_steps": 99,
    "loss": "bce",
    "focal_gamma": 2.0,
    "pos_weight_clip": null,
    "scheduler": "plateau",
    "scheduler_factor": 0.5,
    "scheduler_patience": 1,
    "min_learning_rate": 1e-06,
    "enable_label_correlation": true,
    "max_length": 512,
    "input_size": 224,
    "freeze_embeddings": false
  },
  "performance": {
    "measurements": [
      {
        "name": "neural_image_integrated_gradients_idx_66_Mystery",
        "wall_time_s": 0.661062776000108,
        "process_cpu_time_s": 0.6677633640001659,
        "process_cpu_util_percent": 101.01360842620744,
        "rss_start_mb": 3327.78515625,
        "rss_end_mb": 3452.6484375,
        "rss_delta_mb": 124.86328125,
        "rss_peak_mb": 3476.08984375,
        "cuda_start": {
          "cuda_available": false
        },
        "cuda_end": {
          "cuda_available": false
        }
      },
      {
        "name": "neural_image_ig_visualization_idx_66_Mystery",
        "wall_time_s": 0.034567288999824086,
        "process_cpu_time_s": 0.023375741000108974,
        "process_cpu_util_percent": 67.62387701340401,
        "rss_start_mb": 3452.6484375,
        "rss_end_mb": 3452.6484375,
        "rss_delta_mb": 0.0,
        "rss_peak_mb": 3452.65234375,
        "cuda_start": {
          "cuda_available": false
        },
        "cuda_end": {
          "cuda_available": false
        }
      },
      {
        "name": "neural_image_occlusion_idx_66_Mystery",
        "wall_time_s": 0.6153315970004769,
        "process_cpu_time_s": 0.6198777029999292,
        "process_cpu_util_percent": 100.73880587663837,
        "rss_start_mb": 3452.6484375,
        "rss_end_mb": 3327.78515625,
        "rss_delta_mb": -124.86328125,
        "rss_peak_mb": 3452.65234375,
        "cuda_start": {
          "cuda_available": false
        },
        "cuda_end": {
          "cuda_available": false
        }
      },
      {
        "name": "neural_image_occlusion_visualization_idx_66_Mystery",
        "wall_time_s": 0.04182621899963124,
        "process_cpu_time_s": 0.029071341999951983,
        "process_cpu_util_percent": 69.50506810144205,
        "rss_start_mb": 3327.78515625,
        "rss_end_mb": 3327.78515625,
        "rss_delta_mb": 0.0,
        "rss_peak_mb": 3327.7890625,
        "cuda_start": {
          "cuda_available": false
        },
        "cuda_end": {
          "cuda_available": false
        }
      }
    ],
    "summary": {
      "count": 4,
      "total_wall_time_s": 1.3527878810000402,
      "mean_wall_time_s": 0.33819697025001005,
      "total_process_cpu_time_s": 1.340088150000156,
      "mean_process_cpu_util_percent": 84.72033985442297,
      "max_rss_peak_mb": 3476.08984375
    }
  },
  "image_occlusion": {
    "baseline_probability": 0.6392784118652344,
    "baseline_logit": 0.5722336173057556,
    "grid_size": 4,
    "top_patches": [
      {
        "row": 1,
        "col": 2,
        "y0": 56,
        "y1": 112,
        "x0": 112,
        "x1": 168,
        "occluded_probability": 0.5603827238082886,
        "probability_delta": 0.0788956880569458,
        "occluded_logit": 0.2427154928445816,
        "logit_delta": 0.3295181393623352
      },
      {
        "row": 1,
        "col": 3,
        "y0": 56,
        "y1": 112,
        "x0": 168,
        "x1": 224,
        "occluded_probability": 0.7092267870903015,
        "probability_delta": -0.06994837522506714,
        "occluded_logit": 0.8916317820549011,
        "logit_delta": -0.3193981647491455
      },
      {
        "row": 1,
        "col": 1,
        "y0": 56,
        "y1": 112,
        "x0": 56,
        "x1": 112,
        "occluded_probability": 0.5849528908729553,
        "probability_delta": 0.05432552099227905,
        "occluded_logit": 0.3431392312049866,
        "logit_delta": 0.22909438610076904
      },
      {
        "row": 2,
        "col": 2,
        "y0": 112,
        "y1": 168,
        "x0": 112,
        "x1": 168,
        "occluded_probability": 0.5870181322097778,
        "probability_delta": 0.05226027965545654,
        "occluded_logit": 0.3516519069671631,
        "logit_delta": 0.22058171033859253
      },
      {
        "row": 0,
        "col": 1,
        "y0": 0,
        "y1": 56,
        "x0": 56,
        "x1": 112,
        "occluded_probability": 0.587095320224762,
        "probability_delta": 0.05218309164047241,
        "occluded_logit": 0.351970374584198,
        "logit_delta": 0.22026324272155762
      },
      {
        "row": 1,
        "col": 0,
        "y0": 56,
        "y1": 112,
        "x0": 0,
        "x1": 56,