{
  "index": 29,
  "target_genre": "Film-Noir",
  "target_genres": [
    "Film-Noir"
  ],
  "true_genres": [
    "Thriller",
    "Crime",
    "Film-Noir"
  ],
  "predicted_genres": [
    "Film-Noir",
    "Crime",
    "Comedy",
    "Thriller",
    "Romance",
    "Action",
    "Drama"
  ],
  "probability": 0.9800414162274584,
  "top_probabilities": {
    "Film-Noir": 0.9800414443016052,
    "Crime": 0.6780931353569031,
    "Comedy": 0.6718892455101013,
    "Thriller": 0.667786180973053,
    "Romance": 0.6534234881401062
  },
  "target_selection": {
    "policy": "predicted",
    "target_indices": [
      22,
      4,
      1
    ],
    "target_genres": [
      "Film-Noir",
      "Crime",
      "Comedy"
    ],
    "all_selected_indices": [
      22,
      4,
      1,
      3,
      2,
      5,
      0
    ],
    "all_selected_genres": [
      "Film-Noir",
      "Crime",
      "Comedy",
      "Thriller",
      "Romance",
      "Action",
      "Drama"
    ],
    "predicted_indices": [
      22,
      4,
      1,
      3,
      2,
      5,
      0
    ],
    "predicted_genres": [
      "Film-Noir",
      "Crime",
      "Comedy",
      "Thriller",
      "Romance",
      "Action",
      "Drama"
    ],
    "threshold": [
      0.30000001192092896,
      0.44999998807907104,
      0.5,
      0.5,
      0.6000000238418579,
      0.550000011920929,
      0.6000000238418579,
      0.6000000238418579,
      0.6000000238418579,
      0.5,
      0.699999988079071,
      0.75,
      0.6000000238418579,
      0.699999988079071,
      0.6499999761581421,
      0.6000000238418579,
      0.6499999761581421,
      0.550000011920929,
      0.699999988079071,
      0.6000000238418579,
      0.6499999761581421,
      0.5,
      0.699999988079071
    ],
    "max_targets_per_sample": 3
  },
  "method": "linear_feature_contribution",
  "methods": [
    "linear_feature_contribution",
    "modality_shapley"
  ],
  "modality_shapley": {
    "method": "two_modality_shapley",
    "probability": {
      "values": {
        "blank": 0.0016041584260689514,
        "text_only": 0.011154994858167205,
        "image_only": 0.8749042701900805,
        "both": 0.9800414162274584
      },
      "shapley": {
        "text": 0.05734399123473807,
        "image": 0.9210932665666514,
        "interaction": 0.09558630960527967,
        "blank_to_both_delta": 0.9784372578013895,
        "abs_total": 0.9784372578013895,
        "text_utilization": 0.05860773470911528,
        "image_utilization": 0.9413922652908847
      }
    },
    "logit": {
      "values": {
        "blank": -6.433550558579656,
        "text_only": -4.484650233636298,
        "image_only": 1.9450351921983398,
        "both": 3.8939355171416867
      },
      "shapley": {
        "text": 1.9489003249433523,
        "image": 8.37858575077799,
        "interaction": -1.0658141036401503e-14,
        "blank_to_both_delta": 10.327486075721342,
        "abs_total": 10.327486075721342,
        "text_utilization": 0.1887100414034911,
        "image_utilization": 0.8112899585965089
      }
    }
  },
  "intercept": -6.433550558579656,
  "text_logit_contribution": 1.9489003249433572,
  "image_logit_contribution": 8.378585750777983,
  "label_dependency_logit_contribution": 0.0,
  "top_text_features": [
    {
      "feature": "he",
      "tfidf": 0.19275902211666107,
      "contribution": 0.5946821051707188
    },
    {
      "feature": "mary",
      "tfidf": 0.3586784601211548,
      "contribution": 0.3868759105480914
    },
    {
      "feature": "mike",
      "tfidf": 0.25340378284454346,
      "contribution": 0.35029284746422973
    },
    {
      "feature": "him",
      "tfidf": 0.1493057906627655,
      "contribution": 0.3430755150584343
    },
    {
      "feature": "to",
      "tfidf": 0.10386612266302109,
      "contribution": 0.23246817336187087
    },
    {
      "feature": "judge",
      "tfidf": 0.13642539083957672,
      "contribution": 0.144766785359222
    },
    {
      "feature": "book",
      "tfidf": 0.2301931232213974,
      "contribution": -0.12534881176397833
    },
    {
      "feature": "up",
      "tfidf": 0.11409208923578262,
      "contribution": 0.12175101945164475
    },
    {
      "feature": "comes",
      "tfidf": 0.08507805317640305,
      "contribution": -0.11492324420351048
    },
    {
      "feature": "the",
      "tfidf": 0.1207263395190239,
      "contribution": -0.11387165737572502
    },
    {
      "feature": "has",
      "tfidf": 0.047102198004722595,
      "contribution": 0.10775735408234667
    },
    {
      "feature": "but",
      "tfidf": 0.088301882147789,
      "contribution": 0.10459050672332534
    }
  ],
  "top_image_features": [
    {
      "feature": "thumbnail_y0_x17",
      "value": 1.7138710021972656,
      "contribution": -3.2099818768546973
    },
    {
      "feature": "thumbnail_y19_x17",
      "value": 1.7711224555969238,
      "contribution": 3.0317594669535857
    },
    {
      "feature": "thumbnail_y0_x12",
      "value": 1.7029750347137451,
      "contribution": 2.96810231398432
    },
    {
      "feature": "thumbnail_y0_x29",
      "value": 1.6210047006607056,
      "contribution": 2.7347133783394058
    },
    {
      "feature": "thumbnail_y0_x11",
      "value": 1.7113215923309326,
      "contribution": -2.67283127704641
    },
    {
      "feature": "thumbnail_y19_x9",
      "value": 1.7213709354400635,
      "contribution": -2.527853804015651
    },
    {
      "feature": "thumbnail_y14_x14",
      "value": -1.470763921737671,
      "contribution": 2.471786273007937
    },
    {
      "feature": "thumbnail_y0_x31",
      "value": 1.5447547435760498,
      "contribution": 2.282183014117619
    },
    {
      "feature": "thumbnail_y0_x14",
      "value": 1.7280051708221436,
      "contribution": 2.1532398443329037
    },
    {
      "feature": "thumbnail_y19_x2",
      "value": 1.675839900970459,
      "contribution": -2.1349713148226153
    },
    {
      "feature": "thumbnail_y15_x18",
      "value": -1.4113510847091675,
      "contribution": 2.1264398179024377
    },
    {
      "feature": "thumbnail_y0_x24",
      "value": 1.666105031967163,
      "contribution": 2.0945956168111173
    }
  ],
  "label_dependency_contributions": [],
  "performance": {
    "measurements": [
      {
        "name": "classic_modality_shapley_idx_29_Film-Noir",
        "wall_time_s": 0.027904099988518283,
        "process_cpu_time_s": 0.03125,
        "process_cpu_util_percent": 111.99071108854417,
        "rss_start_mb": 345.7734375,
        "rss_end_mb": 345.7890625,
        "rss_delta_mb": 0.015625,
        "rss_peak_mb": 345.79296875,
        "cuda_start": {
          "cuda_available": false,
          "cuda_error": "ModuleNotFoundError: No module named 'torch'"
        },
        "cuda_end": {
          "cuda_available": false,
          "cuda_error": "ModuleNotFoundError: No module named 'torch'"
        }
      },
      {
        "name": "classic_modality_shapley_visualization_idx_29_Film-Noir",
        "wall_time_s": 0.10021959998994134,
        "process_cpu_time_s": 0.09375,
        "process_cpu_util_percent": 93.54457612024926,
        "rss_start_mb": 345.7734375,
        "rss_end_mb": 344.4296875,
        "rss_delta_mb": -1.34375,
        "rss_peak_mb": 346.3125,
        "cuda_start": {
          "cuda_available": false,
          "cuda_error": "ModuleNotFoundError: No module named 'torch'"
        },
        "cuda_end": {
          "cuda_available": false,
          "cuda_error": "ModuleNotFoundError: No module named 'torch'"
        }
      },
      {
        "name": "classic_linear_contribution_idx_29_Film-Noir",
        "wall_time_s": 0.0013368999934755266,
        "process_cpu_time_s": 0.0,
        "process_cpu_util_percent": 0.0,
        "rss_start_mb": 344.4140625,
        "rss_end_mb": 344.4296875,
        "rss_delta_mb": 0.015625,
        "rss_peak_mb": 344.43359375,
        "cuda_start": {
          "cuda_available": false,