{
  "index": 35,
  "target_genre": "Crime",
  "target_genres": [
    "Crime"
  ],
  "true_genres": [
    "Drama",
    "Romance",
    "Thriller",
    "Crime",
    "Film-Noir"
  ],
  "predicted_genres": [
    "Thriller",
    "Film-Noir",
    "Crime",
    "Mystery",
    "Horror",
    "Romance",
    "Drama"
  ],
  "probability": 0.8060966002530501,
  "top_probabilities": {
    "Thriller": 0.920477032661438,
    "Film-Noir": 0.9008914828300476,
    "Crime": 0.806096613407135,
    "Mystery": 0.6753037571907043,
    "Horror": 0.6253834962844849
  },
  "target_selection": {
    "policy": "predicted",
    "target_indices": [
      3,
      22,
      4
    ],
    "target_genres": [
      "Thriller",
      "Film-Noir",
      "Crime"
    ],
    "all_selected_indices": [
      3,
      22,
      4,
      9,
      7,
      2,
      0
    ],
    "all_selected_genres": [
      "Thriller",
      "Film-Noir",
      "Crime",
      "Mystery",
      "Horror",
      "Romance",
      "Drama"
    ],
    "predicted_indices": [
      3,
      22,
      4,
      9,
      7,
      2,
      0
    ],
    "predicted_genres": [
      "Thriller",
      "Film-Noir",
      "Crime",
      "Mystery",
      "Horror",
      "Romance",
      "Drama"
    ],
    "threshold": [
      0.30000001192092896,
      0.44999998807907104,
      0.5,
      0.5,
      0.6000000238418579,
      0.550000011920929,
      0.6000000238418579,
      0.6000000238418579,
      0.6000000238418579,
      0.5,
      0.699999988079071,
      0.75,
      0.6000000238418579,
      0.699999988079071,
      0.6499999761581421,
      0.6000000238418579,
      0.6499999761581421,
      0.550000011920929,
      0.699999988079071,
      0.6000000238418579,
      0.6499999761581421,
      0.5,
      0.699999988079071
    ],
    "max_targets_per_sample": 3
  },
  "method": "linear_feature_contribution",
  "methods": [
    "linear_feature_contribution",
    "modality_shapley"
  ],
  "modality_shapley": {
    "method": "two_modality_shapley",
    "probability": {
      "values": {
        "blank": 0.19849919263820678,
        "text_only": 0.7201511563057317,
        "image_only": 0.2857595451369227,
        "both": 0.8060966002530501
      },
      "shapley": {
        "text": 0.5209945093918261,
        "image": 0.08660289822301716,
        "interaction": -0.0013149085513975145,
        "blank_to_both_delta": 0.6075974076148433,
        "abs_total": 0.6075974076148433,
        "text_utilization": 0.8574666429816059,
        "image_utilization": 0.14253335701839406
      }
    },
    "logit": {
      "values": {
        "blank": -1.395700946557475,
        "text_only": 0.9452115158374441,
        "image_only": -0.916068971240921,
        "both": 1.4248434911540022
      },
      "shapley": {
        "text": 2.340912462394921,
        "image": 0.47963197531655605,
        "interaction": 4.218847493575595e-15,
        "blank_to_both_delta": 2.8205444377114772,
        "abs_total": 2.820544437711477,
        "text_utilization": 0.8299505695057519,
        "image_utilization": 0.17004943049424817
      }
    }
  },
  "intercept": -1.395700946557475,
  "text_logit_contribution": 2.340912462394919,
  "image_logit_contribution": 0.47963197531655655,
  "label_dependency_logit_contribution": 0.0,
  "top_text_features": [
    {
      "feature": "police",
      "tfidf": 0.10435708612203598,
      "contribution": 0.8343978486028499
    },
    {
      "feature": "danny",
      "tfidf": 0.4967174828052521,
      "contribution": 0.32376432990004916
    },
    {
      "feature": "killer",
      "tfidf": 0.12618203461170197,
      "contribution": 0.29565420663359104
    },
    {
      "feature": "kills",
      "tfidf": 0.13646091520786285,
      "contribution": 0.2939457696106171
    },
    {
      "feature": "body",
      "tfidf": 0.12765909731388092,
      "contribution": 0.2923500281196742
    },
    {
      "feature": "love",
      "tfidf": 0.08060811460018158,
      "contribution": -0.24594624925707226
    },
    {
      "feature": "is",
      "tfidf": 0.11414414644241333,
      "contribution": 0.23623754160706945
    },
    {
      "feature": "coming",
      "tfidf": 0.1352030336856842,
      "contribution": -0.21439949413293002
    },
    {
      "feature": "jerry",
      "tfidf": 0.17123287916183472,
      "contribution": 0.167476085743564
    },
    {
      "feature": "identity",
      "tfidf": 0.14081063866615295,
      "contribution": 0.16481322693541317
    },
    {
      "feature": "reach",
      "tfidf": 0.15193365514278412,
      "contribution": -0.12327561309036648
    },
    {
      "feature": "the",
      "tfidf": 0.1173807680606842,
      "contribution": -0.11880867705756941
    }
  ],
  "top_image_features": [
    {
      "feature": "top_right_G_hist_bin_1",
      "value": 3.5766870975494385,
      "contribution": -0.9132706988172924
    },
    {
      "feature": "bottom_right_G_hist_bin_1",
      "value": 5.155603885650635,
      "contribution": 0.8770027388613008
    },
    {
      "feature": "bottom_left_R_hist_bin_1",
      "value": 4.429075717926025,
      "contribution": 0.7591781486827238
    },
    {
      "feature": "bottom_right_R_hist_bin_1",
      "value": 6.370929718017578,
      "contribution": -0.7141026529217684
    },
    {
      "feature": "thumbnail_y19_x27",
      "value": -0.9986873865127563,
      "contribution": -0.6569328288570246
    },
    {
      "feature": "thumbnail_y9_x30",
      "value": -1.2068908214569092,
      "contribution": -0.6543640555051641
    },
    {
      "feature": "thumbnail_y19_x28",
      "value": -1.003585696220398,
      "contribution": 0.6010848000165883
    },
    {
      "feature": "thumbnail_y10_x30",
      "value": -1.1972479820251465,
      "contribution": 0.58063649695928
    },
    {
      "feature": "bottom_right_B_hist_bin_1",
      "value": 5.328551292419434,
      "contribution": -0.5804608580880279
    },
    {
      "feature": "thumbnail_y11_x21",
      "value": -1.2515448331832886,
      "contribution": 0.5316588028143939
    },
    {
      "feature": "thumbnail_y5_x11",
      "value": -1.4828615188598633,
      "contribution": 0.5282576623272391
    },
    {
      "feature": "thumbnail_y7_x6",
      "value": -1.2756954431533813,
      "contribution": 0.4955093996060409
    }
  ],
  "label_dependency_contributions": [],
  "performance": {
    "measurements": [
      {
        "name": "classic_modality_shapley_idx_35_Crime",
        "wall_time_s": 0.02966900001047179,
        "process_cpu_time_s": 0.03125,
        "process_cpu_util_percent": 105.32879432731197,
        "rss_start_mb": 326.3515625,
        "rss_end_mb": 326.3671875,
        "rss_delta_mb": 0.015625,
        "rss_peak_mb": 326.37109375,
        "cuda_start": {
          "cuda_available": false,
          "cuda_error": "ModuleNotFoundError: No module named 'torch'"
        },
        "cuda_end": {
          "cuda_available": false,
          "cuda_error": "ModuleNotFoundError: No module named 'torch'"
        }
      },
      {
        "name": "classic_modality_shapley_visualization_idx_35_Crime",
        "wall_time_s": 0.10289549999288283,
        "process_cpu_time_s": 0.09375,
        "process_cpu_util_percent": 91.11185620992617,
        "rss_start_mb": 326.3515625,
        "rss_end_mb": 328.25,
        "rss_delta_mb": 1.8984375,
        "rss_peak_mb": 330.1328125,
        "cuda_start": {
          "cuda_available": false,
          "cuda_error": "ModuleNotFoundError: No module named 'torch'"
        },
        "cuda_end": {
          "cuda_available": false,
          "cuda_error": "ModuleNotFoundError: No module named 'torch'"
        }
      },
      {
        "name": "classic_linear_contribution_idx_35_Crime",
        "wall_time_s": 0.001593900000443682,
        "process_cpu_time_s": 0.0,
        "process_cpu_util_percent": 0.0,
        "rss_start_mb": 328.234375,
        "rss_end_mb": 328.25,
        "rss_delta_mb": 0.015625,
        "rss_peak_mb": 328.25390625,