{
  "index": 20958,
  "target_genre": "label_set",
  "target_genres": [
    "Sci-Fi",
    "Fantasy",
    "Adventure"
  ],
  "true_genres": [
    "Drama",
    "Romance",
    "Action",
    "Horror",
    "Sci-Fi"
  ],
  "predicted_genres": [
    "Sci-Fi",
    "Fantasy",
    "Adventure",
    "Horror",
    "Animation",
    "Action",
    "Mystery",
    "Thriller",
    "Comedy"
  ],
  "probability": 0.9603258967399597,
  "set_logit": 10.5701322555542,
  "top_probabilities": {
    "Sci-Fi": 0.9927113056182861,
    "Fantasy": 0.9462417364120483,
    "Adventure": 0.9420246481895447,
    "Horror": 0.9025796055793762,
    "Animation": 0.8901130557060242
  },
  "threshold": [
    0.30000001192092896,
    0.5,
    0.44999998807907104,
    0.44999998807907104,
    0.550000011920929,
    0.6499999761581421,
    0.800000011920929,
    0.6499999761581421,
    0.800000011920929,
    0.6000000238418579,
    0.800000011920929,
    0.6000000238418579,
    0.699999988079071,
    0.699999988079071,
    0.6499999761581421,
    0.75,
    0.8999999761581421,
    0.699999988079071,
    0.800000011920929,
    0.8500000238418579,
    0.800000011920929,
    0.550000011920929,
    0.699999988079071
  ],
  "target_selection": {
    "policy": "predicted",
    "target_indices": [
      10,
      11,
      6
    ],
    "target_genres": [
      "Sci-Fi",
      "Fantasy",
      "Adventure"
    ],
    "all_selected_indices": [
      10,
      11,
      6,
      7,
      17,
      5,
      9,
      3,
      1
    ],
    "all_selected_genres": [
      "Sci-Fi",
      "Fantasy",
      "Adventure",
      "Horror",
      "Animation",
      "Action",
      "Mystery",
      "Thriller",
      "Comedy"
    ],
    "predicted_indices": [
      10,
      11,
      6,
      7,
      17,
      5,
      9,
      3,
      1
    ],
    "predicted_genres": [
      "Sci-Fi",
      "Fantasy",
      "Adventure",
      "Horror",
      "Animation",
      "Action",
      "Mystery",
      "Thriller",
      "Comedy"
    ],
    "threshold": [
      0.30000001192092896,
      0.5,
      0.44999998807907104,
      0.44999998807907104,
      0.550000011920929,
      0.6499999761581421,
      0.800000011920929,
      0.6499999761581421,
      0.800000011920929,
      0.6000000238418579,
      0.800000011920929,
      0.6000000238418579,
      0.699999988079071,
      0.699999988079071,
      0.6499999761581421,
      0.75,
      0.8999999761581421,
      0.699999988079071,
      0.800000011920929,
      0.8500000238418579,
      0.800000011920929,
      0.550000011920929,
      0.699999988079071
    ],
    "max_targets_per_sample": 3
  },
  "methods": [
    "experimental_set_level_attribution",
    "LayerIntegratedGradients_text_embedding",
    "IntegratedGradients_image_pixels",
    "GradCAM_image_branch",
    "modality_shapley",
    "modality_ablation",
    "experimental_label_correlation_head"
  ],
  "top_tokens": [
    {
      "position": 42,
      "token": "alien",
      "attribution": 3.8613228797912598
    },
    {
      "position": 9,
      "token": "crashes",
      "attribution": 3.0960280895233154
    },
    {
      "position": 52,
      "token": "earth",
      "attribution": 2.322117328643799
    },
    {
      "position": 1,
      "token": "investigate",
      "attribution": 1.8963241577148438
    },
    {
      "position": 17,
      "token": "days",
      "attribution": -1.3212685585021973
    },
    {
      "position": 0,
      "token": "scientists",
      "attribution": 1.2813563346862793
    },
    {
      "position": 7,
      "token": "meteorite",
      "attribution": 1.0323764085769653
    },
    {
      "position": 69,
      "token": "period",
      "attribution": -0.6121616363525391
    },
    {
      "position": 27,
      "token": "giant",
      "attribution": 0.5708681344985962
    },
    {
      "position": 63,
      "token": "different",
      "attribution": -0.5006603002548218
    },
    {
      "position": 28,
      "token": "machine",
      "attribution": 0.4478272795677185
    },
    {
      "position": 18,
      "token": "and",
      "attribution": 0.3436553478240967
    }
  ],
  "gate_mean": null,
  "gate_std": null,
  "config": {
    "model_name": "neural_concat_resnet18_h256",
    "modality": "multimodal",
    "text_encoder": "textcnn",
    "image_encoder": "resnet18",
    "fusion": "concat",
    "hidden_dim": 256,
    "text_cnn_channels": 128,
    "text_cnn_kernels": [
      3,
      4,
      5
    ],
    "text_rnn_hidden_dim": 128,
    "text_rnn_layers": 1,
    "text_rnn_dropout": 0.2,
    "text_attention_dim": 128,
    "text_transformer_layers": 2,
    "text_transformer_heads": 6,
    "text_transformer_ff_dim": 512,
    "text_transformer_dropout": 0.1,
    "pretrained_image": false,
    "freeze_image_backbone": true,
    "batch_size": 16,
    "epochs": 10,
    "learning_rate": 0.0001,
    "weight_decay": 0.01,
    "num_workers": 0,
    "patience": 3,
    "threshold_metric": "macro_f1",
    "threshold_strategy": "per_label",
    "threshold_min": 0.01,
    "threshold_max": 0.99,
    "threshold_steps": 99,
    "loss": "bce",
    "focal_gamma": 2.0,
    "pos_weight_clip": null,
    "scheduler": "none",
    "scheduler_factor": 0.5,
    "scheduler_patience": 1,
    "min_learning_rate": 1e-06,
    "enable_label_correlation": true,
    "max_length": 512,
    "input_size": 224,
    "freeze_embeddings": false
  },
  "performance": {
    "measurements": [
      {
        "name": "neural_set_text_layer_integrated_gradients_idx_20958",
        "wall_time_s": 0.017265446000010343,
        "process_cpu_time_s": 0.017318524000003777,
        "process_cpu_util_percent": 100.30742327764601,
        "rss_start_mb": 2174.87109375,
        "rss_end_mb": 2174.87109375,
        "rss_delta_mb": 0.0,
        "rss_peak_mb": 2174.875,
        "cuda_start": {
          "cuda_available": true,
          "cuda_device": "NVIDIA A100-SXM4-40GB",
          "cuda_allocated_mb": 355.6923828125,
          "cuda_reserved_mb": 712.0,
          "cuda_peak_allocated_mb": 355.6923828125,
          "cuda_peak_reserved_mb": 712.0
        },
        "cuda_end": {
          "cuda_available": true,
          "cuda_device": "NVIDIA A100-SXM4-40GB",
          "cuda_allocated_mb": 355.6923828125,
          "cuda_reserved_mb": 712.0,
          "cuda_peak_allocated_mb": 422.7158203125,
          "cuda_peak_reserved_mb": 712.0
        }
      },
      {
        "name": "neural_set_text_visualization_idx_20958",
        "wall_time_s": 0.19319407700004376,
        "process_cpu_time_s": 0.18875656600000212,
        "process_cpu_util_percent": 97.70308123885152,
        "rss_start_mb": 2174.875,
        "rss_end_mb": 2177.43359375,
        "rss_delta_mb": 2.55859375,
        "rss_peak_mb": 2177.4296875,
        "cuda_start": {
          "cuda_available": true,
          "cuda_device": "NVIDIA A100-SXM4-40GB",
          "cuda_allocated_mb": 355.6923828125,
          "cuda_reserved_mb": 712.0,
          "cuda_peak_allocated_mb": 355.6923828125,
          "cuda_peak_reserved_mb": 712.0
        },
        "cuda_end": {
          "cuda_available": true,
          "cuda_device": "NVIDIA A100-SXM4-40GB",
          "cuda_allocated_mb": 355.6923828125,
          "cuda_reserved_mb": 712.0,
          "cuda_peak_allocated_mb": 355.6923828125,
          "cuda_peak_reserved_mb": 712.0
        }
      },
      {
        "name": "neural_set_image_integrated_gradients_idx_20958",
        "wall_time_s": 0.011746337999966272,
        "process_cpu_time_s": 0.011798720000001595,
        "process_cpu_util_percent": 100.44594323810088,
        "rss_start_mb": 2177.4609375,
        "rss_end_mb": 2177.5,
        "rss_delta_mb": 0.0390625,
        "rss_peak_mb": 2177.5,
        "cuda_start": {
          "cuda_available": true,
          "cuda_device": "NVIDIA A100-SXM4-40GB",
          "cuda_allocated_mb": 355.6923828125,
          "cuda_reserved_mb": 712.0,
          "cuda_peak_allocated_mb": 355.6923828125,
          "cuda_peak_reserved_mb": 712.0
        },