{
  "index": 11,
  "target_genre": "Drama",
  "target_genres": [
    "Drama"
  ],
  "true_genres": [
    "Drama",
    "Film-Noir"
  ],
  "predicted_genres": [
    "Crime",
    "Thriller",
    "Drama",
    "Mystery"
  ],
  "probability": 0.7708100821591345,
  "top_probabilities": {
    "Crime": 0.9067656993865967,
    "Thriller": 0.7829379439353943,
    "Drama": 0.770810067653656,
    "Mystery": 0.6041843891143799,
    "Action": 0.4184407889842987
  },
  "target_selection": {
    "policy": "predicted",
    "target_indices": [
      4,
      3,
      0
    ],
    "target_genres": [
      "Crime",
      "Thriller",
      "Drama"
    ],
    "all_selected_indices": [
      4,
      3,
      0,
      9
    ],
    "all_selected_genres": [
      "Crime",
      "Thriller",
      "Drama",
      "Mystery"
    ],
    "predicted_indices": [
      4,
      3,
      0,
      9
    ],
    "predicted_genres": [
      "Crime",
      "Thriller",
      "Drama",
      "Mystery"
    ],
    "threshold": [
      0.30000001192092896,
      0.44999998807907104,
      0.5,
      0.5,
      0.6000000238418579,
      0.550000011920929,
      0.6000000238418579,
      0.6000000238418579,
      0.6000000238418579,
      0.5,
      0.699999988079071,
      0.75,
      0.6000000238418579,
      0.699999988079071,
      0.6499999761581421,
      0.6000000238418579,
      0.6499999761581421,
      0.550000011920929,
      0.699999988079071,
      0.6000000238418579,
      0.6499999761581421,
      0.5,
      0.699999988079071
    ],
    "max_targets_per_sample": 3
  },
  "method": "linear_feature_contribution",
  "methods": [
    "linear_feature_contribution",
    "modality_shapley"
  ],
  "modality_shapley": {
    "method": "two_modality_shapley",
    "probability": {
      "values": {
        "blank": 0.35764809053502844,
        "text_only": 0.6177285730673985,
        "image_only": 0.5367799385745546,
        "both": 0.7708100821591345
      },
      "shapley": {
        "text": 0.24705531305847495,
        "image": 0.1661066785656311,
        "interaction": -0.026050338947790186,
        "blank_to_both_delta": 0.41316199162410605,
        "abs_total": 0.41316199162410605,
        "text_utilization": 0.5979623442304571,
        "image_utilization": 0.40203765576954287
      }
    },
    "logit": {
      "values": {
        "blank": -0.5855867834776273,
        "text_only": 0.4799182608241511,
        "image_only": 0.1473859768811503,
        "both": 1.2128910211829265
      },
      "shapley": {
        "text": 1.0655050443017773,
        "image": 0.7329727603587765,
        "interaction": -2.220446049250313e-15,
        "blank_to_both_delta": 1.7984778046605538,
        "abs_total": 1.7984778046605538,
        "text_utilization": 0.5924482590447545,
        "image_utilization": 0.4075517409552454
      }
    }
  },
  "intercept": -0.5855867834776273,
  "text_logit_contribution": 1.0655050443017784,
  "image_logit_contribution": 0.7329727603587772,
  "label_dependency_logit_contribution": 0.0,
  "top_text_features": [
    {
      "feature": "the",
      "tfidf": 0.21328683197498322,
      "contribution": -0.2427953467868515
    },
    {
      "feature": "is",
      "tfidf": 0.158023402094841,
      "contribution": 0.1967981060137597
    },
    {
      "feature": "years",
      "tfidf": 0.1768108457326889,
      "contribution": 0.1791950434683986
    },
    {
      "feature": "N",
      "tfidf": 0.16177517175674438,
      "contribution": 0.15720796224185005
    },
    {
      "feature": "kelly",
      "tfidf": 0.18846634030342102,
      "contribution": 0.14339114304211695
    },
    {
      "feature": "his",
      "tfidf": 0.06428205221891403,
      "contribution": 0.1315611804955423
    },
    {
      "feature": "that",
      "tfidf": 0.07598869502544403,
      "contribution": -0.12291686624820143
    },
    {
      "feature": "killer",
      "tfidf": 0.06550834327936172,
      "contribution": -0.1149626056860698
    },
    {
      "feature": "chicago",
      "tfidf": 0.1573178619146347,
      "contribution": 0.11253219721781178
    },
    {
      "feature": "in",
      "tfidf": 0.05324094370007515,
      "contribution": 0.10500291585260162
    },
    {
      "feature": "son",
      "tfidf": 0.049814216792583466,
      "contribution": 0.099818255373107
    },
    {
      "feature": "her",
      "tfidf": 0.05766262859106064,
      "contribution": 0.09978572405230006
    }
  ],
  "top_image_features": [
    {
      "feature": "thumbnail_y10_x29",
      "value": 1.333673119544983,
      "contribution": 0.3096648902530563
    },
    {
      "feature": "thumbnail_y12_x24",
      "value": 1.233909010887146,
      "contribution": 0.27293069386590424
    },
    {
      "feature": "thumbnail_y14_x2",
      "value": 1.219325065612793,
      "contribution": 0.26800114138034103
    },
    {
      "feature": "thumbnail_y12_x23",
      "value": 1.1192814111709595,
      "contribution": -0.25023976415257293
    },
    {
      "feature": "bottom_right_G_hist_bin_3",
      "value": 2.163062334060669,
      "contribution": -0.24918693957725724
    },
    {
      "feature": "thumbnail_y15_x1",
      "value": 0.700215756893158,
      "contribution": 0.2487879217431536
    },
    {
      "feature": "thumbnail_y9_x29",
      "value": 0.8487954139709473,
      "contribution": -0.23854961063637647
    },
    {
      "feature": "thumbnail_y12_x3",
      "value": 1.0115361213684082,
      "contribution": -0.23808778959346347
    },
    {
      "feature": "thumbnail_y13_x19",
      "value": 1.051384449005127,
      "contribution": -0.23665181016114334
    },
    {
      "feature": "thumbnail_y12_x11",
      "value": 1.1225974559783936,
      "contribution": -0.22929641996431976
    },
    {
      "feature": "thumbnail_y12_x19",
      "value": 1.3098450899124146,
      "contribution": 0.21966868659607175
    },
    {
      "feature": "thumbnail_y14_x4",
      "value": 1.2499781847000122,
      "contribution": -0.21007527107642343
    }
  ],
  "label_dependency_contributions": [],
  "performance": {
    "measurements": [
      {
        "name": "classic_modality_shapley_idx_11_Drama",
        "wall_time_s": 0.02636110900039057,
        "process_cpu_time_s": 0.025337560000025405,
        "process_cpu_util_percent": 96.11720053071363,
        "rss_start_mb": 2202.1484375,
        "rss_end_mb": 2202.1484375,
        "rss_delta_mb": 0.0,
        "rss_peak_mb": 2202.15234375,
        "cuda_start": {
          "cuda_available": false
        },
        "cuda_end": {
          "cuda_available": false
        }
      },
      {
        "name": "classic_modality_shapley_visualization_idx_11_Drama",
        "wall_time_s": 0.1284956429999511,
        "process_cpu_time_s": 0.12179038400017816,
        "process_cpu_util_percent": 94.78172267695064,
        "rss_start_mb": 2202.1484375,
        "rss_end_mb": 2202.44140625,
        "rss_delta_mb": 0.29296875,
        "rss_peak_mb": 2202.4375,
        "cuda_start": {
          "cuda_available": false
        },
        "cuda_end": {
          "cuda_available": false
        }
      },
      {
        "name": "classic_linear_contribution_idx_11_Drama",
        "wall_time_s": 0.0007581199997730437,
        "process_cpu_time_s": 0.0008545199998479802,
        "process_cpu_util_percent": 112.7156650799076,
        "rss_start_mb": 2202.44140625,
        "rss_end_mb": 2202.44140625,
        "rss_delta_mb": 0.0,
        "rss_peak_mb": 2202.4453125,
        "cuda_start": {
          "cuda_available": false
        },
        "cuda_end": {
          "cuda_available": false
        }
      },
      {
        "name": "classic_visualization_idx_11_Drama",
        "wall_time_s": 0.21428990799995518,
        "process_cpu_time_s": 0.19926878899991607,
        "process_cpu_util_percent": 92.99028165150818,
        "rss_start_mb": 2202.44140625,
        "rss_end_mb": 2202.98046875,
        "rss_delta_mb": 0.5390625,
        "rss_peak_mb": 2202.98046875,