{
  "local_explanation_count": 155,
  "by_model": {
    "best_classic": {
      "sample_count": 37,
      "modality_shapley_summary": {
        "count": 37,
        "mean_logit_text": 3.046845259300157,
        "mean_logit_image": 1.2457724007507027,
        "mean_logit_interaction": 1.7317565407207718e-08,
        "mean_logit_text_utilization": 0.5738997310523505,
        "mean_logit_image_utilization": 0.4261002689476495,
        "mean_probability_text": 0.35238306077888537,
        "mean_probability_image": 0.18318024473405345,
        "mean_probability_interaction": -0.0026915983157870214,
        "mean_probability_text_utilization": 0.5801302006043738,
        "mean_probability_image_utilization": 0.41986979939562613
      },
      "performance": {
        "count": 148,
        "total_wall_time_s": 15.465527527000518,
        "mean_wall_time_s": 0.10449680761486836,
        "total_process_cpu_time_s": 14.243139949000037,
        "mean_process_cpu_util_percent": 98.43152992213427,
        "max_rss_peak_mb": 1083.46484375
      },
      "output_stats": {
        "file_count": 185,
        "total_bytes": 7641645,
        "total_mb": 7.287640571594238,
        "file_count_by_suffix": {
          ".png": 148,
          ".json": 37
        }
      }
    },
    "best_neural": {
      "sample_count": 29,
      "modality_shapley_summary": {
        "count": 29,
        "mean_logit_text": 4.7004380520304725,
        "mean_logit_image": 1.4530415764913476,
        "mean_logit_interaction": 0.3786531925715249,
        "mean_logit_text_utilization": 0.6995668564826323,
        "mean_logit_image_utilization": 0.30043314351736783,
        "mean_probability_text": 0.48534557550888635,
        "mean_probability_image": 0.13426897732605195,
        "mean_probability_interaction": -0.02271289622475361,
        "mean_probability_text_utilization": 0.7157324512138146,
        "mean_probability_image_utilization": 0.28426754878618565
      },
      "performance": {
        "count": 349,
        "total_wall_time_s": 20.99835365400179,
        "mean_wall_time_s": 0.06016720244699653,
        "total_process_cpu_time_s": 19.42062139400015,
        "mean_process_cpu_util_percent": 94.22306594810487,
        "max_rss_peak_mb": 2232.53125
      },
      "output_stats": {
        "file_count": 218,
        "total_bytes": 12546373,
        "total_mb": 11.965153694152832,
        "file_count_by_suffix": {
          ".png": 189,
          ".json": 29
        }
      }
    },
    "training_summary_overall_best": {
      "sample_count": 36,
      "modality_shapley_summary": {
        "count": 36,
        "mean_logit_text": 1.0417821688784494,
        "mean_logit_image": 0.4806998349312279,
        "mean_logit_interaction": -0.19031959234012497,
        "mean_logit_text_utilization": 0.6234674529303108,
        "mean_logit_image_utilization": 0.3765325470696891,
        "mean_probability_text": 0.1579658186270131,
        "mean_probability_image": 0.0727504947119289,
        "mean_probability_interaction": -0.03080070184336768,
        "mean_probability_text_utilization": 0.6245505480117237,
        "mean_probability_image_utilization": 0.3754494519882762
      },
      "performance": {
        "count": 432,
        "total_wall_time_s": 25.937918642,
        "mean_wall_time_s": 0.060041478337962965,
        "total_process_cpu_time_s": 24.43625225699985,
        "mean_process_cpu_util_percent": 94.76310346845511,
        "max_rss_peak_mb": 2534.1328125
      },
      "output_stats": {
        "file_count": 270,
        "total_bytes": 14939449,
        "total_mb": 14.247368812561035,
        "file_count_by_suffix": {
          ".png": 234,
          ".json": 36
        }
      }
    },
    "ablation_neural_transformer_text_only_h256_lr2e4": {
      "sample_count": 23,
      "modality_shapley_summary": {
        "count": 0
      },
      "performance": {
        "count": 92,
        "total_wall_time_s": 10.475896068999646,
        "mean_wall_time_s": 0.11386843553260484,
        "total_process_cpu_time_s": 10.236537947000016,
        "mean_process_cpu_util_percent": 98.83264125639677,
        "max_rss_peak_mb": 2703.359375
      },
      "output_stats": {
        "file_count": 92,
        "total_bytes": 4354424,
        "total_mb": 4.152702331542969,
        "file_count_by_suffix": {
          ".png": 69,
          ".json": 23
        }
      }
    },
    "ablation_neural_efficientnet_b0_image_only_unfrozen_lr1e4": {
      "sample_count": 30,
      "modality_shapley_summary": {
        "count": 0
      },
      "performance": {
        "count": 120,
        "total_wall_time_s": 3.394862204998958,
        "mean_wall_time_s": 0.028290518374991316,
        "total_process_cpu_time_s": 3.043387546000062,
        "mean_process_cpu_util_percent": 90.66734779529152,
        "max_rss_peak_mb": 2827.86328125
      },
      "output_stats": {
        "file_count": 120,
        "total_bytes": 7343069,
        "total_mb": 7.002896308898926,
        "file_count_by_suffix": {
          ".png": 90,
          ".json": 30
        }
      }
    }
  },
  "top_neural_tokens": [
    {
      "token": "N",
      "count": 36
    },
    {
      "token": "a",
      "count": 26
    },
    {
      "token": "killer",
      "count": 21
    },
    {
      "token": "war",
      "count": 18
    },
    {
      "token": "detective",
      "count": 17
    },
    {
      "token": "the",
      "count": 15
    },
    {
      "token": "of",
      "count": 14
    },
    {
      "token": "machine",
      "count": 13
    },
    {
      "token": "wind",
      "count": 12
    },
    {
      "token": "alien",
      "count": 11
    },
    {
      "token": "earth",
      "count": 11
    },
    {
      "token": "investigation",
      "count": 11
    },
    {
      "token": "battles",
      "count": 10
    },
    {
      "token": "infantry",
      "count": 10
    },
    {
      "token": "crashes",
      "count": 10
    },
    {
      "token": "bandit",
      "count": 10
    },
    {
      "token": "find",
      "count": 9
    },
    {
      "token": "against",
      "count": 9
    },
    {
      "token": "investigate",
      "count": 9
    },
    {
      "token": "days",
      "count": 9
    }
  ],
  "top_classic_text_features": [
    {
      "feature": "the",
      "count": 29
    },
    {
      "feature": "of",
      "count": 19
    },
    {
      "feature": "a",
      "count": 13
    },
    {
      "feature": "that",
      "count": 13
    },
    {
      "feature": "N",
      "count": 11
    },
    {
      "feature": "and",
      "count": 10
    },
    {
      "feature": "to",
      "count": 9
    },
    {
      "feature": "been",
      "count": 6
    },
    {
      "feature": "his",
      "count": 6
    },
    {
      "feature": "in",
      "count": 6
    },
    {
      "feature": "against",
      "count": 6
    },
    {
      "feature": "was",
      "count": 5
    },
    {
      "feature": "war",
      "count": 5
    },
    {
      "feature": "is",
      "count": 5
    },
    {
      "feature": "past",
      "count": 5
    },
    {
      "feature": "during",
      "count": 5
    },
    {
      "feature": "story",
      "count": 5
    },
    {
      "feature": "mysterious",
      "count": 5
    },
    {
      "feature": "little",
      "count": 4
    },
    {
      "feature": "girl",
      "count": 4
    }
  ],
  "figures": {
    "xai_modality_utilization": "/content/drive/MyDrive/Explaining-Predictions-of-Machine-Learning-Models/outputs/colab_test_xai_all_models/run_20260518_232730/xai_global/xai_modality_utilization.png"
  }
}