{
  "index": 86,
  "target_genre": "Mystery",
  "target_genres": [
    "Mystery"
  ],
  "true_genres": [
    "Drama",
    "Romance",
    "Mystery",
    "Film-Noir"
  ],
  "predicted_genres": [
    "Crime",
    "Thriller",
    "Mystery",
    "Drama",
    "Romance"
  ],
  "probability": 0.7631261944770813,
  "top_probabilities": {
    "Crime": 0.8536204695701599,
    "Thriller": 0.8303700089454651,
    "Mystery": 0.7631261944770813,
    "Drama": 0.6695628762245178,
    "Romance": 0.5634188055992126
  },
  "threshold": [
    0.36000001430511475,
    0.44999998807907104,
    0.5,
    0.5899999737739563,
    0.5400000214576721,
    0.7599999904632568,
    0.6899999976158142,
    0.8199999928474426,
    0.7200000286102295,
    0.6299999952316284,
    0.7799999713897705,
    0.7400000095367432,
    0.8100000023841858,
    0.6000000238418579,
    0.8899999856948853,
    0.7599999904632568,
    0.550000011920929,
    0.8999999761581421,
    0.7799999713897705,
    0.9700000286102295,
    0.7699999809265137,
    0.8899999856948853,
    0.9399999976158142
  ],
  "target_selection": {
    "policy": "predicted",
    "target_indices": [
      4,
      3,
      9
    ],
    "target_genres": [
      "Crime",
      "Thriller",
      "Mystery"
    ],
    "all_selected_indices": [
      4,
      3,
      9,
      0,
      2
    ],
    "all_selected_genres": [
      "Crime",
      "Thriller",
      "Mystery",
      "Drama",
      "Romance"
    ],
    "predicted_indices": [
      4,
      3,
      9,
      0,
      2
    ],
    "predicted_genres": [
      "Crime",
      "Thriller",
      "Mystery",
      "Drama",
      "Romance"
    ],
    "threshold": [
      0.36000001430511475,
      0.44999998807907104,
      0.5,
      0.5899999737739563,
      0.5400000214576721,
      0.7599999904632568,
      0.6899999976158142,
      0.8199999928474426,
      0.7200000286102295,
      0.6299999952316284,
      0.7799999713897705,
      0.7400000095367432,
      0.8100000023841858,
      0.6000000238418579,
      0.8899999856948853,
      0.7599999904632568,
      0.550000011920929,
      0.8999999761581421,
      0.7799999713897705,
      0.9700000286102295,
      0.7699999809265137,
      0.8899999856948853,
      0.9399999976158142
    ],
    "max_targets_per_sample": 3
  },
  "methods": [
    "IntegratedGradients_image_pixels",
    "image_occlusion_sensitivity",
    "experimental_label_correlation_head"
  ],
  "top_tokens": [],
  "gate_mean": null,
  "gate_std": null,
  "config": {
    "model_name": "neural_efficientnet_b0_image_only_unfrozen_lr1e4",
    "modality": "image_only",
    "text_encoder": "bigru_attention",
    "image_encoder": "efficientnet_b0",
    "fusion": "gmu",
    "hidden_dim": 256,
    "text_cnn_channels": 128,
    "text_cnn_kernels": [
      3,
      4,
      5
    ],
    "text_rnn_hidden_dim": 128,
    "text_rnn_layers": 1,
    "text_rnn_dropout": 0.2,
    "text_attention_dim": 128,
    "text_transformer_layers": 2,
    "text_transformer_heads": 6,
    "text_transformer_ff_dim": 512,
    "text_transformer_dropout": 0.1,
    "pretrained_image": false,
    "freeze_image_backbone": false,
    "batch_size": 16,
    "epochs": 10,
    "learning_rate": 0.0001,
    "weight_decay": 0.01,
    "num_workers": 0,
    "patience": 3,
    "threshold_metric": "macro_f1",
    "threshold_strategy": "per_label",
    "threshold_min": 0.01,
    "threshold_max": 0.99,
    "threshold_steps": 99,
    "loss": "bce",
    "focal_gamma": 2.0,
    "pos_weight_clip": null,
    "scheduler": "plateau",
    "scheduler_factor": 0.5,
    "scheduler_patience": 1,
    "min_learning_rate": 1e-06,
    "enable_label_correlation": true,
    "max_length": 512,
    "input_size": 224,
    "freeze_embeddings": false
  },
  "performance": {
    "measurements": [
      {
        "name": "neural_image_integrated_gradients_idx_86_Mystery",
        "wall_time_s": 0.6882058149985824,
        "process_cpu_time_s": 0.6955394569999953,
        "process_cpu_util_percent": 101.0656175582341,
        "rss_start_mb": 3343.96484375,
        "rss_end_mb": 3391.05078125,
        "rss_delta_mb": 47.0859375,
        "rss_peak_mb": 3477.29296875,
        "cuda_start": {
          "cuda_available": false
        },
        "cuda_end": {
          "cuda_available": false
        }
      },
      {
        "name": "neural_image_ig_visualization_idx_86_Mystery",
        "wall_time_s": 0.028942519000338507,
        "process_cpu_time_s": 0.01935858900014864,
        "process_cpu_util_percent": 66.88633079906495,
        "rss_start_mb": 3391.05078125,
        "rss_end_mb": 3391.05078125,
        "rss_delta_mb": 0.0,
        "rss_peak_mb": 3391.0546875,
        "cuda_start": {
          "cuda_available": false
        },
        "cuda_end": {
          "cuda_available": false
        }
      },
      {
        "name": "neural_image_occlusion_idx_86_Mystery",
        "wall_time_s": 0.6215609969985962,
        "process_cpu_time_s": 0.6269924139996874,
        "process_cpu_util_percent": 100.87383491359955,
        "rss_start_mb": 3391.05078125,
        "rss_end_mb": 3327.890625,
        "rss_delta_mb": -63.16015625,
        "rss_peak_mb": 3399.3125,
        "cuda_start": {
          "cuda_available": false
        },
        "cuda_end": {
          "cuda_available": false
        }
      },
      {
        "name": "neural_image_occlusion_visualization_idx_86_Mystery",
        "wall_time_s": 0.03408465000029537,
        "process_cpu_time_s": 0.02347934899989923,
        "process_cpu_util_percent": 68.88540442602687,
        "rss_start_mb": 3327.890625,
        "rss_end_mb": 3327.890625,
        "rss_delta_mb": 0.0,
        "rss_peak_mb": 3327.89453125,
        "cuda_start": {
          "cuda_available": false
        },
        "cuda_end": {
          "cuda_available": false
        }
      }
    ],
    "summary": {
      "count": 4,
      "total_wall_time_s": 1.3727939809978125,
      "mean_wall_time_s": 0.3431984952494531,
      "total_process_cpu_time_s": 1.3653698089997306,
      "mean_process_cpu_util_percent": 84.42779692423136,
      "max_rss_peak_mb": 3477.29296875
    }
  },
  "image_occlusion": {
    "baseline_probability": 0.7631261944770813,
    "baseline_logit": 1.1698956489562988,
    "grid_size": 4,
    "top_patches": [
      {
        "row": 1,
        "col": 2,
        "y0": 56,
        "y1": 112,
        "x0": 112,
        "x1": 168,
        "occluded_probability": 0.6470870971679688,
        "probability_delta": 0.11603909730911255,
        "occluded_logit": 0.6062596440315247,
        "logit_delta": 0.5636360049247742
      },
      {
        "row": 2,
        "col": 2,
        "y0": 112,
        "y1": 168,
        "x0": 112,
        "x1": 168,
        "occluded_probability": 0.7008355855941772,
        "probability_delta": 0.06229060888290405,
        "occluded_logit": 0.8512798547744751,
        "logit_delta": 0.31861579418182373
      },
      {
        "row": 3,
        "col": 3,
        "y0": 168,
        "y1": 224,
        "x0": 168,
        "x1": 224,
        "occluded_probability": 0.7183487415313721,
        "probability_delta": 0.04477745294570923,
        "occluded_logit": 0.9362856149673462,
        "logit_delta": 0.23361003398895264
      },
      {
        "row": 2,
        "col": 3,
        "y0": 112,
        "y1": 168,
        "x0": 168,
        "x1": 224,
        "occluded_probability": 0.7191320657730103,
        "probability_delta": 0.043994128704071045,
        "occluded_logit": 0.9401604533195496,
        "logit_delta": 0.22973519563674927
      },
      {
        "row": 0,
        "col": 1,
        "y0": 0,
        "y1": 56,
        "x0": 56,
        "x1": 112,
        "occluded_probability": 0.806850016117096,
        "probability_delta": -0.04372382164001465,
        "occluded_logit": 1.429670810699463,
        "logit_delta": -0.25977516174316406
      },
      {
        "row": 3,
        "col": 0,
        "y0": 168,
        "y1": 224,
        "x0": 0,
        "x1": 56,