{
  "index": 29,
  "target_genre": "label_set",
  "target_genres": [
    "Film-Noir",
    "Crime",
    "Comedy"
  ],
  "true_genres": [
    "Thriller",
    "Crime",
    "Film-Noir"
  ],
  "predicted_genres": [
    "Film-Noir",
    "Crime",
    "Comedy",
    "Thriller",
    "Romance",
    "Action",
    "Drama"
  ],
  "probability": 0.7766745686531067,
  "set_logit": 5.355700492858887,
  "top_probabilities": {
    "Film-Noir": 0.9800414443016052,
    "Crime": 0.6780931353569031,
    "Comedy": 0.6718892455101013,
    "Thriller": 0.667786180973053,
    "Romance": 0.6534234881401062
  },
  "target_selection": {
    "policy": "predicted",
    "target_indices": [
      22,
      4,
      1
    ],
    "target_genres": [
      "Film-Noir",
      "Crime",
      "Comedy"
    ],
    "all_selected_indices": [
      22,
      4,
      1,
      3,
      2,
      5,
      0
    ],
    "all_selected_genres": [
      "Film-Noir",
      "Crime",
      "Comedy",
      "Thriller",
      "Romance",
      "Action",
      "Drama"
    ],
    "predicted_indices": [
      22,
      4,
      1,
      3,
      2,
      5,
      0
    ],
    "predicted_genres": [
      "Film-Noir",
      "Crime",
      "Comedy",
      "Thriller",
      "Romance",
      "Action",
      "Drama"
    ],
    "threshold": [
      0.30000001192092896,
      0.44999998807907104,
      0.5,
      0.5,
      0.6000000238418579,
      0.550000011920929,
      0.6000000238418579,
      0.6000000238418579,
      0.6000000238418579,
      0.5,
      0.699999988079071,
      0.75,
      0.6000000238418579,
      0.699999988079071,
      0.6499999761581421,
      0.6000000238418579,
      0.6499999761581421,
      0.550000011920929,
      0.699999988079071,
      0.6000000238418579,
      0.6499999761581421,
      0.5,
      0.699999988079071
    ],
    "max_targets_per_sample": 3
  },
  "methods": [
    "experimental_set_linear_feature_contribution",
    "modality_shapley"
  ],
  "intercept": -7.967536206000138,
  "text_logit_contribution": 2.5302586555480957,
  "image_logit_contribution": 10.792978286743164,
  "label_dependency_logit_contribution": 0.0,
  "top_text_features": [
    {
      "feature": "he",
      "tfidf": 0.19275902211666107,
      "contribution": 0.8442419767379761
    },
    {
      "feature": "mike",
      "tfidf": 0.25340378284454346,
      "contribution": 0.6512565612792969
    },
    {
      "feature": "him",
      "tfidf": 0.1493057906627655,
      "contribution": 0.49214667081832886
    },
    {
      "feature": "up",
      "tfidf": 0.11409208923578262,
      "contribution": 0.4561549425125122
    },
    {
      "feature": "the",
      "tfidf": 0.1207263395190239,
      "contribution": -0.4024409353733063
    },
    {
      "feature": "judge",
      "tfidf": 0.13642539083957672,
      "contribution": 0.3152654767036438
    },
    {
      "feature": "is",
      "tfidf": 0.09391797333955765,
      "contribution": 0.2592313289642334
    },
    {
      "feature": "corruption",
      "tfidf": 0.1418513059616089,
      "contribution": 0.22231705486774445
    },
    {
      "feature": "and",
      "tfidf": 0.15334081649780273,
      "contribution": -0.19572873413562775
    },
    {
      "feature": "ship",
      "tfidf": 0.1154746562242508,
      "contribution": -0.19407053291797638
    },
    {
      "feature": "crooked",
      "tfidf": 0.15701138973236084,
      "contribution": 0.18717369437217712
    },
    {
      "feature": "mary",
      "tfidf": 0.3586784601211548,
      "contribution": 0.16396811604499817
    }
  ],
  "top_image_features": [
    {
      "feature": "thumbnail_y19_x17",
      "value": 1.7711224555969238,
      "contribution": 3.3016035556793213
    },
    {
      "feature": "thumbnail_y0_x12",
      "value": 1.7029750347137451,
      "contribution": 3.2968392372131348
    },
    {
      "feature": "thumbnail_y0_x11",
      "value": 1.7113215923309326,
      "contribution": -3.1835741996765137
    },
    {
      "feature": "thumbnail_y0_x14",
      "value": 1.7280051708221436,
      "contribution": 3.1785924434661865
    },
    {
      "feature": "thumbnail_y0_x17",
      "value": 1.7138710021972656,
      "contribution": -3.1101088523864746
    },
    {
      "feature": "thumbnail_y19_x9",
      "value": 1.7213709354400635,
      "contribution": -2.8567416667938232
    },
    {
      "feature": "thumbnail_y0_x29",
      "value": 1.6210047006607056,
      "contribution": 2.6963589191436768
    },
    {
      "feature": "thumbnail_y0_x27",
      "value": 1.6523617506027222,
      "contribution": -2.449312925338745
    },
    {
      "feature": "thumbnail_y14_x14",
      "value": -1.470763921737671,
      "contribution": 2.4026730060577393
    },
    {
      "feature": "thumbnail_y14_x18",
      "value": -1.6647011041641235,
      "contribution": -2.377610683441162
    },
    {
      "feature": "thumbnail_y0_x31",
      "value": 1.5447547435760498,
      "contribution": 2.357329845428467
    },
    {
      "feature": "thumbnail_y19_x2",
      "value": 1.675839900970459,
      "contribution": -2.3070425987243652
    }
  ],
  "label_dependency_contributions": [],
  "performance": {
    "measurements": [
      {
        "name": "classic_set_linear_contribution_idx_29",
        "wall_time_s": 0.0019626999855972826,
        "process_cpu_time_s": 0.0,
        "process_cpu_util_percent": 0.0,
        "rss_start_mb": 352.58203125,
        "rss_end_mb": 352.59765625,
        "rss_delta_mb": 0.015625,
        "rss_peak_mb": 352.6015625,
        "cuda_start": {
          "cuda_available": false,
          "cuda_error": "ModuleNotFoundError: No module named 'torch'"
        },
        "cuda_end": {
          "cuda_available": false,
          "cuda_error": "ModuleNotFoundError: No module named 'torch'"
        }
      },
      {
        "name": "classic_set_modality_shapley_idx_29",
        "wall_time_s": 0.029375000012805685,
        "process_cpu_time_s": 0.015625,
        "process_cpu_util_percent": 53.19148933851392,
        "rss_start_mb": 352.58203125,
        "rss_end_mb": 352.59765625,
        "rss_delta_mb": 0.015625,
        "rss_peak_mb": 352.6015625,
        "cuda_start": {
          "cuda_available": false,
          "cuda_error": "ModuleNotFoundError: No module named 'torch'"
        },
        "cuda_end": {
          "cuda_available": false,
          "cuda_error": "ModuleNotFoundError: No module named 'torch'"
        }
      },
      {
        "name": "classic_set_modality_shapley_visualization_idx_29",
        "wall_time_s": 0.1304373999882955,
        "process_cpu_time_s": 0.140625,
        "process_cpu_util_percent": 107.81033661558621,
        "rss_start_mb": 352.58203125,
        "rss_end_mb": 351.296875,
        "rss_delta_mb": -1.28515625,
        "rss_peak_mb": 353.1796875,
        "cuda_start": {
          "cuda_available": false,
          "cuda_error": "ModuleNotFoundError: No module named 'torch'"
        },
        "cuda_end": {
          "cuda_available": false,
          "cuda_error": "ModuleNotFoundError: No module named 'torch'"
        }
      },
      {
        "name": "classic_set_visualization_idx_29",
        "wall_time_s": 0.2172939000010956,
        "process_cpu_time_s": 0.203125,
        "process_cpu_util_percent": 93.47938437249083,
        "rss_start_mb": 351.28125,
        "rss_end_mb": 355.77734375,
        "rss_delta_mb": 4.49609375,
        "rss_peak_mb": 359.05859375,
        "cuda_start": {
          "cuda_available": false,
          "cuda_error": "ModuleNotFoundError: No module named 'torch'"
        },
        "cuda_end": {
          "cuda_available": false,
          "cuda_error": "ModuleNotFoundError: No module named 'torch'"
        }
      }
    ],
    "summary": {
      "count": 4,
      "total_wall_time_s": 0.3790689999877941,
      "mean_wall_time_s": 0.09476724999694852,
      "total_process_cpu_time_s": 0.359375,
      "mean_process_cpu_util_percent": 63.620302581647735,
      "max_rss_peak_mb": 359.05859375
    }
  },