{
  "index": 20958,
  "target_genre": "Sci-Fi",
  "target_genres": [
    "Sci-Fi"
  ],
  "true_genres": [
    "Drama",
    "Romance",
    "Action",
    "Horror",
    "Sci-Fi"
  ],
  "predicted_genres": [
    "Sci-Fi",
    "Animation",
    "Adventure"
  ],
  "probability": 0.9873158028169944,
  "top_probabilities": {
    "Sci-Fi": 0.9873157739639282,
    "Animation": 0.8903534412384033,
    "Adventure": 0.8293375968933105,
    "Fantasy": 0.720363199710846,
    "Family": 0.569080114364624
  },
  "target_selection": {
    "policy": "predicted",
    "target_indices": [
      10,
      17,
      6
    ],
    "target_genres": [
      "Sci-Fi",
      "Animation",
      "Adventure"
    ],
    "all_selected_indices": [
      10,
      17,
      6
    ],
    "all_selected_genres": [
      "Sci-Fi",
      "Animation",
      "Adventure"
    ],
    "predicted_indices": [
      10,
      17,
      6
    ],
    "predicted_genres": [
      "Sci-Fi",
      "Animation",
      "Adventure"
    ],
    "threshold": [
      0.30000001192092896,
      0.44999998807907104,
      0.5,
      0.5,
      0.6000000238418579,
      0.550000011920929,
      0.6000000238418579,
      0.6000000238418579,
      0.6000000238418579,
      0.5,
      0.699999988079071,
      0.75,
      0.6000000238418579,
      0.699999988079071,
      0.6499999761581421,
      0.6000000238418579,
      0.6499999761581421,
      0.550000011920929,
      0.699999988079071,
      0.6000000238418579,
      0.6499999761581421,
      0.5,
      0.699999988079071
    ],
    "max_targets_per_sample": 3
  },
  "method": "linear_feature_contribution",
  "methods": [
    "linear_feature_contribution",
    "modality_shapley"
  ],
  "modality_shapley": {
    "method": "two_modality_shapley",
    "probability": {
      "values": {
        "blank": 0.10068488566802171,
        "text_only": 0.9953182289361875,
        "image_only": 0.03937735382800004,
        "both": 0.9873158028169944
      },
      "shapley": {
        "text": 0.9212858961285801,
        "image": -0.034654978979607384,
        "interaction": 0.05330510572082856,
        "blank_to_both_delta": 0.8866309171489727,
        "abs_total": 0.9559408751081875,
        "text_utilization": 0.9637477799286642,
        "image_utilization": 0.03625222007133584
      }
    },
    "logit": {
      "values": {
        "blank": -2.189637793764972,
        "text_only": 5.3593860433204465,
        "image_only": -3.194390788863155,
        "both": 4.3546330482222615
      },
      "shapley": {
        "text": 7.549023837085417,
        "image": -1.0047529950981842,
        "interaction": -1.7763568394002505e-15,
        "blank_to_both_delta": 6.544270841987233,
        "abs_total": 8.553776832183601,
        "text_utilization": 0.8825369173395079,
        "image_utilization": 0.11746308266049205
      }
    }
  },
  "intercept": -2.189637793764972,
  "text_logit_contribution": 7.549023837085416,
  "image_logit_contribution": -1.0047529950981817,
  "label_dependency_logit_contribution": 0.0,
  "top_text_features": [
    {
      "feature": "alien",
      "tfidf": 0.1557227075099945,
      "contribution": 1.0921310994275684
    },
    {
      "feature": "earth",
      "tfidf": 0.1297474503517151,
      "contribution": 1.073973571288548
    },
    {
      "feature": "machine",
      "tfidf": 0.3155708909034729,
      "contribution": 0.9632416342515888
    },
    {
      "feature": "giant",
      "tfidf": 0.15760748088359833,
      "contribution": 0.7599768766258403
    },
    {
      "feature": "scientists",
      "tfidf": 0.16704879701137543,
      "contribution": 0.5743076415493796
    },
    {
      "feature": "the",
      "tfidf": 0.1461135745048523,
      "contribution": 0.38530876300619193
    },
    {
      "feature": "mysterious",
      "tfidf": 0.12022855132818222,
      "contribution": 0.3782564014905411
    },
    {
      "feature": "crashes",
      "tfidf": 0.17023511230945587,
      "contribution": 0.35375515419007353
    },
    {
      "feature": "that",
      "tfidf": 0.14575839042663574,
      "contribution": 0.29008761234146124
    },
    {
      "feature": "it",
      "tfidf": 0.12673087418079376,
      "contribution": 0.2452962226785124
    },
    {
      "feature": "of",
      "tfidf": 0.09623570740222931,
      "contribution": -0.22654359932973137
    },
    {
      "feature": "true",
      "tfidf": 0.11242608726024628,
      "contribution": -0.21661082936652334
    }
  ],
  "top_image_features": [
    {
      "feature": "thumbnail_y11_x3",
      "value": 1.0416167974472046,
      "contribution": -0.6504667930981131
    },
    {
      "feature": "thumbnail_y12_x3",
      "value": 0.9271422624588013,
      "contribution": 0.6400630675331207
    },
    {
      "feature": "thumbnail_y12_x2",
      "value": 0.8494130969047546,
      "contribution": -0.5316150642287628
    },
    {
      "feature": "thumbnail_y6_x8",
      "value": 1.256881594657898,
      "contribution": 0.49185704765350097
    },
    {
      "feature": "thumbnail_y6_x24",
      "value": 1.2010078430175781,
      "contribution": -0.4821740736026058
    },
    {
      "feature": "bottom_right_G_hist_bin_0",
      "value": -0.771686851978302,
      "contribution": -0.4688983340627108
    },
    {
      "feature": "thumbnail_y7_x25",
      "value": 0.972266435623169,
      "contribution": -0.4527160096635831
    },
    {
      "feature": "thumbnail_y19_x23",
      "value": 0.8171356916427612,
      "contribution": -0.44819310457377315
    },
    {
      "feature": "bottom_right_G_hist_bin_15",
      "value": -0.5172008872032166,
      "contribution": 0.4409993861095774
    },
    {
      "feature": "thumbnail_y19_x22",
      "value": 0.8546199798583984,
      "contribution": 0.43848338402581716
    },
    {
      "feature": "thumbnail_y7_x24",
      "value": 1.0138788223266602,
      "contribution": 0.4363672497954226
    },
    {
      "feature": "thumbnail_y13_x26",
      "value": 0.5794767141342163,
      "contribution": 0.3935898317007907
    }
  ],
  "label_dependency_contributions": [],
  "performance": {
    "measurements": [
      {
        "name": "classic_modality_shapley_idx_20958_Sci-Fi",
        "wall_time_s": 0.027495711000028678,
        "process_cpu_time_s": 0.027842594999999193,
        "process_cpu_util_percent": 101.26159312617939,
        "rss_start_mb": 1025.2421875,
        "rss_end_mb": 1025.24609375,
        "rss_delta_mb": 0.00390625,
        "rss_peak_mb": 1025.25,
        "cuda_start": {
          "cuda_available": true,
          "cuda_device": "NVIDIA A100-SXM4-40GB",
          "cuda_allocated_mb": 0.0,
          "cuda_reserved_mb": 0.0,
          "cuda_peak_allocated_mb": 0.0,
          "cuda_peak_reserved_mb": 0.0
        },
        "cuda_end": {
          "cuda_available": true,
          "cuda_device": "NVIDIA A100-SXM4-40GB",
          "cuda_allocated_mb": 0.0,
          "cuda_reserved_mb": 0.0,
          "cuda_peak_allocated_mb": 0.0,
          "cuda_peak_reserved_mb": 0.0
        }
      },
      {
        "name": "classic_modality_shapley_visualization_idx_20958_Sci-Fi",
        "wall_time_s": 0.11995773099999951,
        "process_cpu_time_s": 0.11482784999999751,
        "process_cpu_util_percent": 95.72359283787884,
        "rss_start_mb": 1025.24609375,
        "rss_end_mb": 1025.28125,
        "rss_delta_mb": 0.03515625,
        "rss_peak_mb": 1025.28515625,
        "cuda_start": {
          "cuda_available": true,
          "cuda_device": "NVIDIA A100-SXM4-40GB",
          "cuda_allocated_mb": 0.0,
          "cuda_reserved_mb": 0.0,
          "cuda_peak_allocated_mb": 0.0,
          "cuda_peak_reserved_mb": 0.0
        },
        "cuda_end": {
          "cuda_available": true,
          "cuda_device": "NVIDIA A100-SXM4-40GB",
          "cuda_allocated_mb": 0.0,
          "cuda_reserved_mb": 0.0,
          "cuda_peak_allocated_mb": 0.0,