{
  "index": 67,
  "target_genre": "Crime",
  "target_genres": [
    "Crime"
  ],
  "true_genres": [
    "Drama",
    "Romance",
    "Crime",
    "Mystery",
    "Film-Noir"
  ],
  "predicted_genres": [
    "Crime",
    "Thriller",
    "Drama",
    "Sport"
  ],
  "probability": 0.9409833689154901,
  "top_probabilities": {
    "Crime": 0.9409833550453186,
    "Thriller": 0.723738431930542,
    "Drama": 0.7090990543365479,
    "Sport": 0.6544321179389954,
    "Horror": 0.54151850938797
  },
  "target_selection": {
    "policy": "predicted",
    "target_indices": [
      4,
      3,
      0
    ],
    "target_genres": [
      "Crime",
      "Thriller",
      "Drama"
    ],
    "all_selected_indices": [
      4,
      3,
      0,
      20
    ],
    "all_selected_genres": [
      "Crime",
      "Thriller",
      "Drama",
      "Sport"
    ],
    "predicted_indices": [
      4,
      3,
      0,
      20
    ],
    "predicted_genres": [
      "Crime",
      "Thriller",
      "Drama",
      "Sport"
    ],
    "threshold": [
      0.30000001192092896,
      0.44999998807907104,
      0.5,
      0.5,
      0.6000000238418579,
      0.550000011920929,
      0.6000000238418579,
      0.6000000238418579,
      0.6000000238418579,
      0.5,
      0.699999988079071,
      0.75,
      0.6000000238418579,
      0.699999988079071,
      0.6499999761581421,
      0.6000000238418579,
      0.6499999761581421,
      0.550000011920929,
      0.699999988079071,
      0.6000000238418579,
      0.6499999761581421,
      0.5,
      0.699999988079071
    ],
    "max_targets_per_sample": 3
  },
  "method": "linear_feature_contribution",
  "methods": [
    "linear_feature_contribution",
    "modality_shapley"
  ],
  "modality_shapley": {
    "method": "two_modality_shapley",
    "probability": {
      "values": {
        "blank": 0.19849919263820678,
        "text_only": 0.771333476256329,
        "image_only": 0.5393060154270836,
        "both": 0.9409833689154901
      },
      "shapley": {
        "text": 0.48725581855326433,
        "image": 0.2552283577240189,
        "interaction": -0.1711569301297157,
        "blank_to_both_delta": 0.7424841762772832,
        "abs_total": 0.7424841762772832,
        "text_utilization": 0.6562507782944279,
        "image_utilization": 0.3437492217055721
      }
    },
    "logit": {
      "values": {
        "blank": -1.395700946557475,
        "text_only": 1.2158560903490183,
        "image_only": 0.1575491417090309,
        "both": 2.769106178615524
      },
      "shapley": {
        "text": 2.6115570369064933,
        "image": 1.553250088266506,
        "interaction": -2.220446049250313e-16,
        "blank_to_both_delta": 4.164807125172999,
        "abs_total": 4.164807125172999,
        "text_utilization": 0.6270535365543521,
        "image_utilization": 0.37294646344564797
      }
    }
  },
  "intercept": -1.395700946557475,
  "text_logit_contribution": 2.6115570369064924,
  "image_logit_contribution": 1.5532500882665068,
  "label_dependency_logit_contribution": 0.0,
  "top_text_features": [
    {
      "feature": "money",
      "tfidf": 0.09141818434000015,
      "contribution": 0.3950678298716934
    },
    {
      "feature": "revenge",
      "tfidf": 0.11631731688976288,
      "contribution": 0.2829988422233857
    },
    {
      "feature": "operation",
      "tfidf": 0.14210547506809235,
      "contribution": 0.2099693040232672
    },
    {
      "feature": "danny",
      "tfidf": 0.29460394382476807,
      "contribution": 0.19202514862102057
    },
    {
      "feature": "shadowy",
      "tfidf": 0.17696301639080048,
      "contribution": 0.15499255856201155
    },
    {
      "feature": "down",
      "tfidf": 0.0904327929019928,
      "contribution": 0.14808244912787696
    },
    {
      "feature": "seems",
      "tfidf": 0.10524939745664597,
      "contribution": 0.13685323195890425
    },
    {
      "feature": "a",
      "tfidf": 0.10595109313726425,
      "contribution": 0.13541262887390468
    },
    {
      "feature": "card",
      "tfidf": 0.15772022306919098,
      "contribution": 0.11976913367770037
    },
    {
      "feature": "streets",
      "tfidf": 0.13101378083229065,
      "contribution": 0.1157111003248941
    },
    {
      "feature": "isn",
      "tfidf": 0.12280198186635971,
      "contribution": 0.1152250298511649
    },
    {
      "feature": "arthur",
      "tfidf": 0.15418553352355957,
      "contribution": 0.11230295263071088
    }
  ],
  "top_image_features": [
    {
      "feature": "thumbnail_y19_x5",
      "value": -1.1843405961990356,
      "contribution": 0.825521379750146
    },
    {
      "feature": "thumbnail_y19_x4",
      "value": -1.1840860843658447,
      "contribution": -0.7369572822719899
    },
    {
      "feature": "thumbnail_y19_x27",
      "value": -1.1199839115142822,
      "contribution": -0.7367212294875971
    },
    {
      "feature": "top_right_G_hist_bin_0",
      "value": 2.2682251930236816,
      "contribution": -0.7356189513113061
    },
    {
      "feature": "thumbnail_y19_x28",
      "value": -1.1371530294418335,
      "contribution": 0.6810832436776706
    },
    {
      "feature": "thumbnail_y9_x30",
      "value": -1.2336269617080688,
      "contribution": -0.6688601216382914
    },
    {
      "feature": "thumbnail_y2_x16",
      "value": -1.6583874225616455,
      "contribution": 0.573203115112093
    },
    {
      "feature": "thumbnail_y2_x15",
      "value": -1.655868649482727,
      "contribution": -0.5505851746173401
    },
    {
      "feature": "thumbnail_y9_x20",
      "value": -1.4855328798294067,
      "contribution": 0.5380123869739628
    },
    {
      "feature": "thumbnail_y8_x20",
      "value": -1.5799953937530518,
      "contribution": -0.5343191601539486
    },
    {
      "feature": "thumbnail_y7_x12",
      "value": 1.654517650604248,
      "contribution": -0.5335773152098293
    },
    {
      "feature": "thumbnail_y5_x4",
      "value": -1.488078236579895,
      "contribution": -0.5136590504453086
    }
  ],
  "label_dependency_contributions": [],
  "performance": {
    "measurements": [
      {
        "name": "classic_modality_shapley_idx_67_Crime",
        "wall_time_s": 0.03274608899937448,
        "process_cpu_time_s": 0.03406386899996505,
        "process_cpu_util_percent": 104.02423630075563,
        "rss_start_mb": 2052.7890625,
        "rss_end_mb": 2052.7890625,
        "rss_delta_mb": 0.0,
        "rss_peak_mb": 2052.79296875,
        "cuda_start": {
          "cuda_available": false
        },
        "cuda_end": {
          "cuda_available": false
        }
      },
      {
        "name": "classic_modality_shapley_visualization_idx_67_Crime",
        "wall_time_s": 0.17967093100014608,
        "process_cpu_time_s": 0.16447929600008138,
        "process_cpu_util_percent": 91.54474520975663,
        "rss_start_mb": 2052.7890625,
        "rss_end_mb": 2052.7890625,
        "rss_delta_mb": 0.0,
        "rss_peak_mb": 2052.79296875,
        "cuda_start": {
          "cuda_available": false
        },
        "cuda_end": {
          "cuda_available": false
        }
      },
      {
        "name": "classic_linear_contribution_idx_67_Crime",
        "wall_time_s": 0.0013159000000086962,
        "process_cpu_time_s": 0.0013069090000499273,
        "process_cpu_util_percent": 99.31674139686073,
        "rss_start_mb": 2052.7890625,
        "rss_end_mb": 2052.7890625,
        "rss_delta_mb": 0.0,
        "rss_peak_mb": 2052.79296875,
        "cuda_start": {
          "cuda_available": false
        },
        "cuda_end": {
          "cuda_available": false
        }
      },
      {
        "name": "classic_visualization_idx_67_Crime",
        "wall_time_s": 0.27467825599978823,
        "process_cpu_time_s": 0.24919313400005194,
        "process_cpu_util_percent": 90.72182764996296,
        "rss_start_mb": 2052.7890625,
        "rss_end_mb": 2052.7890625,
        "rss_delta_mb": 0.0,
        "rss_peak_mb": 2052.79296875,