{
  "index": 54,
  "target_genre": "Film-Noir",
  "target_genres": [
    "Film-Noir"
  ],
  "true_genres": [
    "Drama",
    "Thriller",
    "Film-Noir"
  ],
  "predicted_genres": [
    "Thriller",
    "Film-Noir",
    "Crime",
    "Short",
    "Drama"
  ],
  "probability": 0.9251706027490777,
  "top_probabilities": {
    "Thriller": 0.9318398237228394,
    "Film-Noir": 0.9251706004142761,
    "Crime": 0.788716197013855,
    "Short": 0.5653292536735535,
    "Drama": 0.5598300695419312
  },
  "target_selection": {
    "policy": "predicted",
    "target_indices": [
      3,
      22,
      4
    ],
    "target_genres": [
      "Thriller",
      "Film-Noir",
      "Crime"
    ],
    "all_selected_indices": [
      3,
      22,
      4,
      21,
      0
    ],
    "all_selected_genres": [
      "Thriller",
      "Film-Noir",
      "Crime",
      "Short",
      "Drama"
    ],
    "predicted_indices": [
      3,
      22,
      4,
      21,
      0
    ],
    "predicted_genres": [
      "Thriller",
      "Film-Noir",
      "Crime",
      "Short",
      "Drama"
    ],
    "threshold": [
      0.30000001192092896,
      0.44999998807907104,
      0.5,
      0.5,
      0.6000000238418579,
      0.550000011920929,
      0.6000000238418579,
      0.6000000238418579,
      0.6000000238418579,
      0.5,
      0.699999988079071,
      0.75,
      0.6000000238418579,
      0.699999988079071,
      0.6499999761581421,
      0.6000000238418579,
      0.6499999761581421,
      0.550000011920929,
      0.699999988079071,
      0.6000000238418579,
      0.6499999761581421,
      0.5,
      0.699999988079071
    ],
    "max_targets_per_sample": 3
  },
  "method": "linear_feature_contribution",
  "methods": [
    "linear_feature_contribution",
    "modality_shapley"
  ],
  "modality_shapley": {
    "method": "two_modality_shapley",
    "probability": {
      "values": {
        "blank": 0.0016041584260689514,
        "text_only": 0.10227603961422774,
        "image_only": 0.1484770535562005,
        "both": 0.9251706027490777
      },
      "shapley": {
        "text": 0.43868271519051805,
        "image": 0.4848837291324908,
        "interaction": 0.6760216680047185,
        "blank_to_both_delta": 0.9235664443230087,
        "abs_total": 0.9235664443230088,
        "text_utilization": 0.4749877151633422,
        "image_utilization": 0.5250122848366578
      }
    },
    "logit": {
      "values": {
        "blank": -6.433550558579656,
        "text_only": -2.1721871986124768,
        "image_only": -1.746596023204117,
        "both": 2.514767336763059
      },
      "shapley": {
        "text": 4.261363359967177,
        "image": 4.686954535375538,
        "interaction": -2.6645352591003757e-15,
        "blank_to_both_delta": 8.948317895342715,
        "abs_total": 8.948317895342715,
        "text_utilization": 0.4762194872608479,
        "image_utilization": 0.5237805127391522
      }
    }
  },
  "intercept": -6.433550558579656,
  "text_logit_contribution": 4.26136335996718,
  "image_logit_contribution": 4.6869545353755395,
  "label_dependency_logit_contribution": 0.0,
  "top_text_features": [
    {
      "feature": "graham",
      "tfidf": 0.7945759892463684,
      "contribution": 2.3181689122908216
    },
    {
      "feature": "to",
      "tfidf": 0.1867896467447281,
      "contribution": 0.41806362718029527
    },
    {
      "feature": "police",
      "tfidf": 0.04751300811767578,
      "contribution": 0.2752509351762886
    },
    {
      "feature": "him",
      "tfidf": 0.08261752128601074,
      "contribution": 0.18983891074974799
    },
    {
      "feature": "the",
      "tfidf": 0.16032777726650238,
      "contribution": -0.15122457778011097
    },
    {
      "feature": "mrs",
      "tfidf": 0.0675467699766159,
      "contribution": 0.13601311963990373
    },
    {
      "feature": "killer",
      "tfidf": 0.05744974687695503,
      "contribution": 0.12707500540291794
    },
    {
      "feature": "kill",
      "tfidf": 0.10791550576686859,
      "contribution": 0.10639584989885133
    },
    {
      "feature": "of",
      "tfidf": 0.043999042361974716,
      "contribution": -0.08177774259723326
    },
    {
      "feature": "dancer",
      "tfidf": 0.07205826789140701,
      "contribution": 0.08145446169662511
    },
    {
      "feature": "wife",
      "tfidf": 0.03972020372748375,
      "contribution": 0.06922169264057353
    },
    {
      "feature": "stumbles",
      "tfidf": 0.07732691615819931,
      "contribution": 0.0690013649038573
    }
  ],
  "top_image_features": [
    {
      "feature": "thumbnail_y14_x18",
      "value": -1.5097469091415405,
      "contribution": -1.8702103863633557
    },
    {
      "feature": "thumbnail_y17_x3",
      "value": -1.2188578844070435,
      "contribution": 1.80039841541577
    },
    {
      "feature": "thumbnail_y13_x28",
      "value": -1.4048875570297241,
      "contribution": 1.6849363110368536
    },
    {
      "feature": "thumbnail_y19_x2",
      "value": -1.2633930444717407,
      "contribution": 1.6095260100511988
    },
    {
      "feature": "thumbnail_y6_x22",
      "value": 1.0777238607406616,
      "contribution": -1.6039299320311755
    },
    {
      "feature": "thumbnail_y14_x16",
      "value": -1.2869826555252075,
      "contribution": 1.4851031644976684
    },
    {
      "feature": "thumbnail_y15_x6",
      "value": -1.2847790718078613,
      "contribution": -1.4474534353507296
    },
    {
      "feature": "thumbnail_y14_x14",
      "value": 0.8489515781402588,
      "contribution": -1.4267598125580057
    },
    {
      "feature": "thumbnail_y18_x5",
      "value": 0.7283361554145813,
      "contribution": -1.3620638688315194
    },
    {
      "feature": "thumbnail_y8_x14",
      "value": -0.9548225402832031,
      "contribution": 1.3113558201916564
    },
    {
      "feature": "thumbnail_y11_x28",
      "value": -0.7240195274353027,
      "contribution": -1.2261715209768167
    },
    {
      "feature": "thumbnail_y5_x5",
      "value": -0.6741520166397095,
      "contribution": 1.2000399327357012
    }
  ],
  "label_dependency_contributions": [],
  "performance": {
    "measurements": [
      {
        "name": "classic_modality_shapley_idx_54_Film-Noir",
        "wall_time_s": 0.05432399999699555,
        "process_cpu_time_s": 0.0625,
        "process_cpu_util_percent": 115.05043811843132,
        "rss_start_mb": 329.62109375,
        "rss_end_mb": 329.63671875,
        "rss_delta_mb": 0.015625,
        "rss_peak_mb": 329.640625,
        "cuda_start": {
          "cuda_available": false,
          "cuda_error": "ModuleNotFoundError: No module named 'torch'"
        },
        "cuda_end": {
          "cuda_available": false,
          "cuda_error": "ModuleNotFoundError: No module named 'torch'"
        }
      },
      {
        "name": "classic_modality_shapley_visualization_idx_54_Film-Noir",
        "wall_time_s": 0.15402499999618158,
        "process_cpu_time_s": 0.15625,
        "process_cpu_util_percent": 101.44457068909176,
        "rss_start_mb": 329.62109375,
        "rss_end_mb": 331.515625,
        "rss_delta_mb": 1.89453125,
        "rss_peak_mb": 333.3984375,
        "cuda_start": {
          "cuda_available": false,
          "cuda_error": "ModuleNotFoundError: No module named 'torch'"
        },
        "cuda_end": {
          "cuda_available": false,
          "cuda_error": "ModuleNotFoundError: No module named 'torch'"
        }
      },
      {
        "name": "classic_linear_contribution_idx_54_Film-Noir",
        "wall_time_s": 0.0023067000147420913,
        "process_cpu_time_s": 0.0,
        "process_cpu_util_percent": 0.0,
        "rss_start_mb": 331.5,
        "rss_end_mb": 331.515625,
        "rss_delta_mb": 0.015625,
        "rss_peak_mb": 331.51953125,
        "cuda_start": {
          "cuda_available": false,
          "cuda_error": "ModuleNotFoundError: No module named 'torch'"
        },
        "cuda_end": {
          "cuda_available": false,