{
  "index": 17,
  "target_genre": "Drama",
  "target_genres": [
    "Drama"
  ],
  "true_genres": [
    "Drama",
    "Thriller",
    "Crime",
    "Film-Noir"
  ],
  "predicted_genres": [
    "Film-Noir",
    "Drama",
    "Comedy"
  ],
  "probability": 0.7705147747387239,
  "top_probabilities": {
    "Film-Noir": 0.9730101823806763,
    "Drama": 0.7705147862434387,
    "Fantasy": 0.5944518446922302,
    "Crime": 0.5247349143028259,
    "Comedy": 0.4913363456726074
  },
  "target_selection": {
    "policy": "predicted",
    "target_indices": [
      22,
      0,
      1
    ],
    "target_genres": [
      "Film-Noir",
      "Drama",
      "Comedy"
    ],
    "all_selected_indices": [
      22,
      0,
      1
    ],
    "all_selected_genres": [
      "Film-Noir",
      "Drama",
      "Comedy"
    ],
    "predicted_indices": [
      22,
      0,
      1
    ],
    "predicted_genres": [
      "Film-Noir",
      "Drama",
      "Comedy"
    ],
    "threshold": [
      0.30000001192092896,
      0.44999998807907104,
      0.5,
      0.5,
      0.6000000238418579,
      0.550000011920929,
      0.6000000238418579,
      0.6000000238418579,
      0.6000000238418579,
      0.5,
      0.699999988079071,
      0.75,
      0.6000000238418579,
      0.699999988079071,
      0.6499999761581421,
      0.6000000238418579,
      0.6499999761581421,
      0.550000011920929,
      0.699999988079071,
      0.6000000238418579,
      0.6499999761581421,
      0.5,
      0.699999988079071
    ],
    "max_targets_per_sample": 3
  },
  "method": "linear_feature_contribution",
  "methods": [
    "linear_feature_contribution",
    "modality_shapley"
  ],
  "modality_shapley": {
    "method": "two_modality_shapley",
    "probability": {
      "values": {
        "blank": 0.35764809053502844,
        "text_only": 0.761000289879181,
        "image_only": 0.36992513400612065,
        "both": 0.7705147747387239
      },
      "shapley": {
        "text": 0.40197092003837787,
        "image": 0.01089576416531754,
        "interaction": -0.0027625586115493372,
        "blank_to_both_delta": 0.41286668420369543,
        "abs_total": 0.41286668420369543,
        "text_utilization": 0.9736094856228653,
        "image_utilization": 0.02639051437713466
      }
    },
    "logit": {
      "values": {
        "blank": -0.5855867834776273,
        "text_only": 1.1581713997332068,
        "image_only": -0.532538002595523,
        "both": 1.2112201806153124
      },
      "shapley": {
        "text": 1.7437581832108349,
        "image": 0.05304878088210496,
        "interaction": 1.3322676295501878e-15,
        "blank_to_both_delta": 1.7968069640929398,
        "abs_total": 1.7968069640929398,
        "text_utilization": 0.9704760823270268,
        "image_utilization": 0.029523917672973254
      }
    }
  },
  "intercept": -0.5855867834776273,
  "text_logit_contribution": 1.7437581832108338,
  "image_logit_contribution": 0.05304878088210385,
  "label_dependency_logit_contribution": 0.0,
  "top_text_features": [
    {
      "feature": "life",
      "tfidf": 0.16822803020477295,
      "contribution": 0.5069029046734761
    },
    {
      "feature": "small",
      "tfidf": 0.1714290827512741,
      "contribution": 0.3134122386473616
    },
    {
      "feature": "powers",
      "tfidf": 0.1274525672197342,
      "contribution": -0.18158202089326295
    },
    {
      "feature": "racist",
      "tfidf": 0.15237602591514587,
      "contribution": 0.16607287971376128
    },
    {
      "feature": "young",
      "tfidf": 0.06253930926322937,
      "contribution": 0.15704769051556602
    },
    {
      "feature": "his",
      "tfidf": 0.06669749319553375,
      "contribution": 0.13650467958015763
    },
    {
      "feature": "boy",
      "tfidf": 0.08985915780067444,
      "contribution": 0.13519507479153847
    },
    {
      "feature": "the",
      "tfidf": 0.1185542419552803,
      "contribution": -0.1349563778600301
    },
    {
      "feature": "thinks",
      "tfidf": 0.10768552124500275,
      "contribution": -0.13342661977118073
    },
    {
      "feature": "save",
      "tfidf": 0.09552235901355743,
      "contribution": -0.12592092909949984
    },
    {
      "feature": "provide",
      "tfidf": 0.12582001090049744,
      "contribution": 0.11649315295163784
    },
    {
      "feature": "boys",
      "tfidf": 0.10961944609880447,
      "contribution": 0.10796898073687831
    }
  ],
  "top_image_features": [
    {
      "feature": "thumbnail_y15_x2",
      "value": 1.639945149421692,
      "contribution": -0.6971869448571605
    },
    {
      "feature": "thumbnail_y0_x5",
      "value": 1.542128324508667,
      "contribution": 0.5840229298486272
    },
    {
      "feature": "thumbnail_y15_x1",
      "value": 1.5818887948989868,
      "contribution": 0.5620479428482085
    },
    {
      "feature": "thumbnail_y1_x5",
      "value": 1.4969271421432495,
      "contribution": -0.5552868169494061
    },
    {
      "feature": "thumbnail_y18_x1",
      "value": 1.7043733596801758,
      "contribution": 0.4955396680587856
    },
    {
      "feature": "thumbnail_y17_x1",
      "value": 1.6440074443817139,
      "contribution": -0.4694924408850578
    },
    {
      "feature": "thumbnail_y0_x4",
      "value": 1.5278047323226929,
      "contribution": -0.45355538115391847
    },
    {
      "feature": "thumbnail_y8_x25",
      "value": -1.5628608465194702,
      "contribution": 0.4494419857005408
    },
    {
      "feature": "thumbnail_y18_x21",
      "value": 0.9381742477416992,
      "contribution": 0.4141144412873101
    },
    {
      "feature": "thumbnail_y5_x2",
      "value": 1.2694320678710938,
      "contribution": -0.3999130869167668
    },
    {
      "feature": "thumbnail_y12_x3",
      "value": 1.6866873502731323,
      "contribution": -0.3969998247996603
    },
    {
      "feature": "thumbnail_y11_x3",
      "value": 1.6491994857788086,
      "contribution": 0.3591732290855604
    }
  ],
  "label_dependency_contributions": [],
  "performance": {
    "measurements": [
      {
        "name": "classic_modality_shapley_idx_17_Drama",
        "wall_time_s": 0.028241299994988367,
        "process_cpu_time_s": 0.03125,
        "process_cpu_util_percent": 110.65354642153706,
        "rss_start_mb": 329.2109375,
        "rss_end_mb": 329.2265625,
        "rss_delta_mb": 0.015625,
        "rss_peak_mb": 329.23046875,
        "cuda_start": {
          "cuda_available": false,
          "cuda_error": "ModuleNotFoundError: No module named 'torch'"
        },
        "cuda_end": {
          "cuda_available": false,
          "cuda_error": "ModuleNotFoundError: No module named 'torch'"
        }
      },
      {
        "name": "classic_modality_shapley_visualization_idx_17_Drama",
        "wall_time_s": 0.1133214000146836,
        "process_cpu_time_s": 0.109375,
        "process_cpu_util_percent": 96.51751565531995,
        "rss_start_mb": 329.2109375,
        "rss_end_mb": 331.109375,
        "rss_delta_mb": 1.8984375,
        "rss_peak_mb": 332.9921875,
        "cuda_start": {
          "cuda_available": false,
          "cuda_error": "ModuleNotFoundError: No module named 'torch'"
        },
        "cuda_end": {
          "cuda_available": false,
          "cuda_error": "ModuleNotFoundError: No module named 'torch'"
        }
      },
      {
        "name": "classic_linear_contribution_idx_17_Drama",
        "wall_time_s": 0.0017958999960683286,
        "process_cpu_time_s": 0.0,
        "process_cpu_util_percent": 0.0,
        "rss_start_mb": 331.09375,
        "rss_end_mb": 331.109375,
        "rss_delta_mb": 0.015625,
        "rss_peak_mb": 331.11328125,
        "cuda_start": {
          "cuda_available": false,
          "cuda_error": "ModuleNotFoundError: No module named 'torch'"
        },
        "cuda_end": {
          "cuda_available": false,