{
  "index": 30,
  "target_genre": "Biography",
  "target_genres": [
    "Biography"
  ],
  "true_genres": [
    "Drama",
    "Thriller",
    "Crime",
    "Film-Noir"
  ],
  "predicted_genres": [
    "Drama",
    "Biography",
    "Thriller"
  ],
  "probability": 0.8613694696977298,
  "top_probabilities": {
    "Drama": 0.9423999786376953,
    "Biography": 0.8613694906234741,
    "Crime": 0.5710185170173645,
    "Thriller": 0.5112476944923401,
    "Short": 0.4703438878059387
  },
  "target_selection": {
    "policy": "predicted",
    "target_indices": [
      0,
      13,
      3
    ],
    "target_genres": [
      "Drama",
      "Biography",
      "Thriller"
    ],
    "all_selected_indices": [
      0,
      13,
      3
    ],
    "all_selected_genres": [
      "Drama",
      "Biography",
      "Thriller"
    ],
    "predicted_indices": [
      0,
      13,
      3
    ],
    "predicted_genres": [
      "Drama",
      "Biography",
      "Thriller"
    ],
    "threshold": [
      0.30000001192092896,
      0.44999998807907104,
      0.5,
      0.5,
      0.6000000238418579,
      0.550000011920929,
      0.6000000238418579,
      0.6000000238418579,
      0.6000000238418579,
      0.5,
      0.699999988079071,
      0.75,
      0.6000000238418579,
      0.699999988079071,
      0.6499999761581421,
      0.6000000238418579,
      0.6499999761581421,
      0.550000011920929,
      0.699999988079071,
      0.6000000238418579,
      0.6499999761581421,
      0.5,
      0.699999988079071
    ],
    "max_targets_per_sample": 3
  },
  "method": "linear_feature_contribution",
  "methods": [
    "linear_feature_contribution",
    "modality_shapley"
  ],
  "modality_shapley": {
    "method": "two_modality_shapley",
    "probability": {
      "values": {
        "blank": 0.11839089279638118,
        "text_only": 0.3836325436036767,
        "image_only": 0.5727579167792259,
        "both": 0.8613694696977298
      },
      "shapley": {
        "text": 0.2769266018628997,
        "image": 0.4660519750384489,
        "interaction": 0.02336990211120829,
        "blank_to_both_delta": 0.7429785769013486,
        "abs_total": 0.7429785769013486,
        "text_utilization": 0.37272488127160297,
        "image_utilization": 0.627275118728397
      }
    },
    "logit": {
      "values": {
        "blank": -2.0077569681159195,
        "text_only": -0.47415812905907817,
        "image_only": 0.2931123514312475,
        "both": 1.8267111904880862
      },
      "shapley": {
        "text": 1.53359883905684,
        "image": 2.3008693195471657,
        "interaction": -2.6645352591003757e-15,
        "blank_to_both_delta": 3.8344681586040057,
        "abs_total": 3.8344681586040057,
        "text_utilization": 0.3999508603600373,
        "image_utilization": 0.6000491396399628
      }
    }
  },
  "intercept": -2.0077569681159195,
  "text_logit_contribution": 1.533598839056841,
  "image_logit_contribution": 2.300869319547166,
  "label_dependency_logit_contribution": 0.0,
  "top_text_features": [
    {
      "feature": "N",
      "tfidf": 0.10751819610595703,
      "contribution": 0.6523744055820171
    },
    {
      "feature": "and",
      "tfidf": 0.16075773537158966,
      "contribution": 0.47892218678782256
    },
    {
      "feature": "his",
      "tfidf": 0.1661442518234253,
      "contribution": 0.397076653464936
    },
    {
      "feature": "rocky",
      "tfidf": 0.5294243097305298,
      "contribution": 0.36012418194041906
    },
    {
      "feature": "career",
      "tfidf": 0.0732787474989891,
      "contribution": 0.3066350063136439
    },
    {
      "feature": "are",
      "tfidf": 0.07012965530157089,
      "contribution": -0.24253539247206152
    },
    {
      "feature": "life",
      "tfidf": 0.03991028666496277,
      "contribution": 0.2223315467823443
    },
    {
      "feature": "a",
      "tfidf": 0.05136464163661003,
      "contribution": -0.21431290291513064
    },
    {
      "feature": "is",
      "tfidf": 0.08752059936523438,
      "contribution": -0.18780957124068595
    },
    {
      "feature": "against",
      "tfidf": 0.11558610945940018,
      "contribution": 0.1469907764569041
    },
    {
      "feature": "sullivan",
      "tfidf": 0.11735454201698303,
      "contribution": 0.14494030332356425
    },
    {
      "feature": "jerry",
      "tfidf": 0.39388102293014526,
      "contribution": -0.14295597709628846
    }
  ],
  "top_image_features": [
    {
      "feature": "thumbnail_y19_x20",
      "value": 1.7577756643295288,
      "contribution": -1.651059306752211
    },
    {
      "feature": "thumbnail_y19_x21",
      "value": 1.553491234779358,
      "contribution": 1.6368754382442068
    },
    {
      "feature": "thumbnail_y19_x8",
      "value": 1.351473093032837,
      "contribution": 1.374512841249896
    },
    {
      "feature": "thumbnail_y2_x26",
      "value": 1.8523684740066528,
      "contribution": -1.3022034873983959
    },
    {
      "feature": "thumbnail_y17_x1",
      "value": 1.8201724290847778,
      "contribution": 1.2737746628075093
    },
    {
      "feature": "thumbnail_y0_x29",
      "value": 1.6461889743804932,
      "contribution": -1.1953779333485957
    },
    {
      "feature": "thumbnail_y0_x26",
      "value": 1.6830350160598755,
      "contribution": -1.126207065082846
    },
    {
      "feature": "thumbnail_y17_x30",
      "value": 1.6310005187988281,
      "contribution": -1.0906610706254882
    },
    {
      "feature": "thumbnail_y1_x26",
      "value": 1.8555189371109009,
      "contribution": 1.0861878300268775
    },
    {
      "feature": "thumbnail_y19_x1",
      "value": 1.7239428758621216,
      "contribution": -1.053203846942574
    },
    {
      "feature": "thumbnail_y0_x1",
      "value": 1.6692196130752563,
      "contribution": 1.050854708708688
    },
    {
      "feature": "thumbnail_y16_x2",
      "value": 1.3024035692214966,
      "contribution": 1.039316547331925
    }
  ],
  "label_dependency_contributions": [],
  "performance": {
    "measurements": [
      {
        "name": "classic_modality_shapley_idx_30_Biography",
        "wall_time_s": 0.029754399991361424,
        "process_cpu_time_s": 0.03125,
        "process_cpu_util_percent": 105.02648350856609,
        "rss_start_mb": 359.97265625,
        "rss_end_mb": 359.98828125,
        "rss_delta_mb": 0.015625,
        "rss_peak_mb": 359.9921875,
        "cuda_start": {
          "cuda_available": false,
          "cuda_error": "ModuleNotFoundError: No module named 'torch'"
        },
        "cuda_end": {
          "cuda_available": false,
          "cuda_error": "ModuleNotFoundError: No module named 'torch'"
        }
      },
      {
        "name": "classic_modality_shapley_visualization_idx_30_Biography",
        "wall_time_s": 0.11088449999806471,
        "process_cpu_time_s": 0.109375,
        "process_cpu_util_percent": 98.63867357647727,
        "rss_start_mb": 359.97265625,
        "rss_end_mb": 358.58984375,
        "rss_delta_mb": -1.3828125,
        "rss_peak_mb": 360.47265625,
        "cuda_start": {
          "cuda_available": false,
          "cuda_error": "ModuleNotFoundError: No module named 'torch'"
        },
        "cuda_end": {
          "cuda_available": false,
          "cuda_error": "ModuleNotFoundError: No module named 'torch'"
        }
      },
      {
        "name": "classic_linear_contribution_idx_30_Biography",
        "wall_time_s": 0.0020416000043042004,
        "process_cpu_time_s": 0.0,
        "process_cpu_util_percent": 0.0,
        "rss_start_mb": 358.57421875,
        "rss_end_mb": 358.58984375,
        "rss_delta_mb": 0.015625,
        "rss_peak_mb": 358.59375,
        "cuda_start": {
          "cuda_available": false,
          "cuda_error": "ModuleNotFoundError: No module named 'torch'"
        },
        "cuda_end": {
          "cuda_available": false,