{
  "index": 52,
  "target_genre": "Crime",
  "target_genres": [
    "Crime"
  ],
  "true_genres": [
    "Drama",
    "Crime",
    "Film-Noir"
  ],
  "predicted_genres": [
    "Crime",
    "Film-Noir",
    "Thriller",
    "Action",
    "Mystery",
    "War",
    "Drama"
  ],
  "probability": 0.982754398858342,
  "top_probabilities": {
    "Crime": 0.9827544093132019,
    "Film-Noir": 0.9322813153266907,
    "Thriller": 0.924176812171936,
    "Action": 0.7944008111953735,
    "Mystery": 0.7629610896110535
  },
  "target_selection": {
    "policy": "predicted",
    "target_indices": [
      4,
      22,
      3
    ],
    "target_genres": [
      "Crime",
      "Film-Noir",
      "Thriller"
    ],
    "all_selected_indices": [
      4,
      22,
      3,
      5,
      9,
      14,
      0
    ],
    "all_selected_genres": [
      "Crime",
      "Film-Noir",
      "Thriller",
      "Action",
      "Mystery",
      "War",
      "Drama"
    ],
    "predicted_indices": [
      4,
      22,
      3,
      5,
      9,
      14,
      0
    ],
    "predicted_genres": [
      "Crime",
      "Film-Noir",
      "Thriller",
      "Action",
      "Mystery",
      "War",
      "Drama"
    ],
    "threshold": [
      0.30000001192092896,
      0.44999998807907104,
      0.5,
      0.5,
      0.6000000238418579,
      0.550000011920929,
      0.6000000238418579,
      0.6000000238418579,
      0.6000000238418579,
      0.5,
      0.699999988079071,
      0.75,
      0.6000000238418579,
      0.699999988079071,
      0.6499999761581421,
      0.6000000238418579,
      0.6499999761581421,
      0.550000011920929,
      0.699999988079071,
      0.6000000238418579,
      0.6499999761581421,
      0.5,
      0.699999988079071
    ],
    "max_targets_per_sample": 3
  },
  "method": "linear_feature_contribution",
  "methods": [
    "linear_feature_contribution",
    "modality_shapley"
  ],
  "modality_shapley": {
    "method": "two_modality_shapley",
    "probability": {
      "values": {
        "blank": 0.19849919263820678,
        "text_only": 0.9760796901235944,
        "image_only": 0.25698182185699153,
        "both": 0.982754398858342
      },
      "shapley": {
        "text": 0.7516765372433691,
        "image": 0.03257866897676619,
        "interaction": -0.05180792048403712,
        "blank_to_both_delta": 0.7842552062201352,
        "abs_total": 0.7842552062201353,
        "text_utilization": 0.9584590976019335,
        "image_utilization": 0.041540902398066536
      }
    },
    "logit": {
      "values": {
        "blank": -1.395700946557475,
        "text_only": 3.708816349098986,
        "image_only": -1.0617151599710002,
        "both": 4.0428021356854655
      },
      "shapley": {
        "text": 5.104517295656463,
        "image": 0.33398578658647726,
        "interaction": 4.884981308350689e-15,
        "blank_to_both_delta": 5.43850308224294,
        "abs_total": 5.43850308224294,
        "text_utilization": 0.9385886554561379,
        "image_utilization": 0.06141134454386211
      }
    }
  },
  "intercept": -1.395700946557475,
  "text_logit_contribution": 5.104517295656462,
  "image_logit_contribution": 0.3339857865864744,
  "label_dependency_logit_contribution": 0.0,
  "top_text_features": [
    {
      "feature": "detective",
      "tfidf": 0.17027001082897186,
      "contribution": 0.7766842469631902
    },
    {
      "feature": "crime",
      "tfidf": 0.08223281055688858,
      "contribution": 0.5776595864348012
    },
    {
      "feature": "murder",
      "tfidf": 0.07426497340202332,
      "contribution": 0.5576634490903722
    },
    {
      "feature": "police",
      "tfidf": 0.0676794946193695,
      "contribution": 0.5411383817184366
    },
    {
      "feature": "gangster",
      "tfidf": 0.1052510216832161,
      "contribution": 0.5324531568381119
    },
    {
      "feature": "prison",
      "tfidf": 0.0802559033036232,
      "contribution": 0.39369705483307915
    },
    {
      "feature": "murders",
      "tfidf": 0.09704024344682693,
      "contribution": 0.35896638303090134
    },
    {
      "feature": "involved",
      "tfidf": 0.1690809726715088,
      "contribution": 0.3055364200852665
    },
    {
      "feature": "crimes",
      "tfidf": 0.10708098113536835,
      "contribution": 0.2775992588052349
    },
    {
      "feature": "rome",
      "tfidf": 0.5456048846244812,
      "contribution": -0.19627681388456236
    },
    {
      "feature": "killed",
      "tfidf": 0.07335123419761658,
      "contribution": 0.17995198068792262
    },
    {
      "feature": "gun",
      "tfidf": 0.09817159920930862,
      "contribution": 0.16545119584175377
    }
  ],
  "top_image_features": [
    {
      "feature": "thumbnail_y19_x5",
      "value": 1.4570776224136353,
      "contribution": -1.015627373678087
    },
    {
      "feature": "thumbnail_y19_x4",
      "value": 1.39037024974823,
      "contribution": 0.8653454289643533
    },
    {
      "feature": "thumbnail_y9_x30",
      "value": -1.3272035121917725,
      "contribution": -0.7195963854212755
    },
    {
      "feature": "thumbnail_y18_x11",
      "value": 1.5794554948806763,
      "contribution": -0.5669508370998302
    },
    {
      "feature": "thumbnail_y19_x6",
      "value": 1.4479992389678955,
      "contribution": 0.5665103197239764
    },
    {
      "feature": "thumbnail_y17_x10",
      "value": 1.6013286113739014,
      "contribution": -0.5512394000590878
    },
    {
      "feature": "thumbnail_y16_x8",
      "value": 1.7242839336395264,
      "contribution": 0.5507708525691863
    },
    {
      "feature": "thumbnail_y19_x27",
      "value": 0.8207612037658691,
      "contribution": 0.5398936510941126
    },
    {
      "feature": "thumbnail_y10_x30",
      "value": -1.0499863624572754,
      "contribution": 0.5092181507134118
    },
    {
      "feature": "thumbnail_y19_x28",
      "value": 0.8299304842948914,
      "contribution": -0.49707623480367985
    },
    {
      "feature": "thumbnail_y18_x5",
      "value": 1.0642552375793457,
      "contribution": 0.44434357240374356
    },
    {
      "feature": "thumbnail_y9_x31",
      "value": -1.3240563869476318,
      "contribution": 0.42348707759361465
    }
  ],
  "label_dependency_contributions": [],
  "performance": {
    "measurements": [
      {
        "name": "classic_modality_shapley_idx_52_Crime",
        "wall_time_s": 0.03578629999537952,
        "process_cpu_time_s": 0.046875,
        "process_cpu_util_percent": 130.98588008833596,
        "rss_start_mb": 355.85546875,
        "rss_end_mb": 355.87109375,
        "rss_delta_mb": 0.015625,
        "rss_peak_mb": 355.875,
        "cuda_start": {
          "cuda_available": false,
          "cuda_error": "ModuleNotFoundError: No module named 'torch'"
        },
        "cuda_end": {
          "cuda_available": false,
          "cuda_error": "ModuleNotFoundError: No module named 'torch'"
        }
      },
      {
        "name": "classic_modality_shapley_visualization_idx_52_Crime",
        "wall_time_s": 0.12181229999987409,
        "process_cpu_time_s": 0.125,
        "process_cpu_util_percent": 102.61689500988751,
        "rss_start_mb": 355.85546875,
        "rss_end_mb": 354.47265625,
        "rss_delta_mb": -1.3828125,
        "rss_peak_mb": 356.35546875,
        "cuda_start": {
          "cuda_available": false,
          "cuda_error": "ModuleNotFoundError: No module named 'torch'"
        },
        "cuda_end": {
          "cuda_available": false,
          "cuda_error": "ModuleNotFoundError: No module named 'torch'"
        }
      },
      {
        "name": "classic_linear_contribution_idx_52_Crime",
        "wall_time_s": 0.0018970000091940165,
        "process_cpu_time_s": 0.0,
        "process_cpu_util_percent": 0.0,
        "rss_start_mb": 354.45703125,
        "rss_end_mb": 354.47265625,
        "rss_delta_mb": 0.015625,
        "rss_peak_mb": 354.4765625,
        "cuda_start": {
          "cuda_available": false,