{
  "index": 52,
  "target_genre": "Thriller",
  "target_genres": [
    "Thriller"
  ],
  "true_genres": [
    "Drama",
    "Crime",
    "Film-Noir"
  ],
  "predicted_genres": [
    "Crime",
    "Film-Noir",
    "Thriller",
    "Action",
    "Mystery",
    "War",
    "Drama"
  ],
  "probability": 0.9241768027402744,
  "top_probabilities": {
    "Crime": 0.9827544093132019,
    "Film-Noir": 0.9322813153266907,
    "Thriller": 0.924176812171936,
    "Action": 0.7944008111953735,
    "Mystery": 0.7629610896110535
  },
  "target_selection": {
    "policy": "predicted",
    "target_indices": [
      4,
      22,
      3
    ],
    "target_genres": [
      "Crime",
      "Film-Noir",
      "Thriller"
    ],
    "all_selected_indices": [
      4,
      22,
      3,
      5,
      9,
      14,
      0
    ],
    "all_selected_genres": [
      "Crime",
      "Film-Noir",
      "Thriller",
      "Action",
      "Mystery",
      "War",
      "Drama"
    ],
    "predicted_indices": [
      4,
      22,
      3,
      5,
      9,
      14,
      0
    ],
    "predicted_genres": [
      "Crime",
      "Film-Noir",
      "Thriller",
      "Action",
      "Mystery",
      "War",
      "Drama"
    ],
    "threshold": [
      0.30000001192092896,
      0.44999998807907104,
      0.5,
      0.5,
      0.6000000238418579,
      0.550000011920929,
      0.6000000238418579,
      0.6000000238418579,
      0.6000000238418579,
      0.5,
      0.699999988079071,
      0.75,
      0.6000000238418579,
      0.699999988079071,
      0.6499999761581421,
      0.6000000238418579,
      0.6499999761581421,
      0.550000011920929,
      0.699999988079071,
      0.6000000238418579,
      0.6499999761581421,
      0.5,
      0.699999988079071
    ],
    "max_targets_per_sample": 3
  },
  "method": "linear_feature_contribution",
  "methods": [
    "linear_feature_contribution",
    "modality_shapley"
  ],
  "modality_shapley": {
    "method": "two_modality_shapley",
    "probability": {
      "values": {
        "blank": 0.22067535862780757,
        "text_only": 0.8307479163144942,
        "image_only": 0.41285554932511614,
        "both": 0.9241768027402744
      },
      "shapley": {
        "text": 0.5606969055509223,
        "image": 0.14280453856154438,
        "interaction": -0.0987513042715284,
        "blank_to_both_delta": 0.7035014441124667,
        "abs_total": 0.7035014441124667,
        "text_utilization": 0.7970088906616165,
        "image_utilization": 0.20299110933838344
      }
    },
    "logit": {
      "values": {
        "blank": -1.2617350441840947,
        "text_only": 1.5909371760288662,
        "image_only": -0.3521731001985373,
        "both": 2.5004991200144264
      },
      "shapley": {
        "text": 2.852672220212962,
        "image": 0.9095619439855588,
        "interaction": 2.886579864025407e-15,
        "blank_to_both_delta": 3.762234164198521,
        "abs_total": 3.762234164198521,
        "text_utilization": 0.758238880333137,
        "image_utilization": 0.24176111966686298
      }
    }
  },
  "intercept": -1.2617350441840947,
  "text_logit_contribution": 2.8526722202129613,
  "image_logit_contribution": 0.9095619439855567,
  "label_dependency_logit_contribution": 0.0,
  "top_text_features": [
    {
      "feature": "detective",
      "tfidf": 0.17027001082897186,
      "contribution": 0.5022536330271292
    },
    {
      "feature": "rome",
      "tfidf": 0.5456048846244812,
      "contribution": -0.44782731013553384
    },
    {
      "feature": "murder",
      "tfidf": 0.07426497340202332,
      "contribution": 0.3992409939157479
    },
    {
      "feature": "murders",
      "tfidf": 0.09704024344682693,
      "contribution": 0.26807369177244067
    },
    {
      "feature": "police",
      "tfidf": 0.0676794946193695,
      "contribution": 0.26323714134800014
    },
    {
      "feature": "involved",
      "tfidf": 0.1690809726715088,
      "contribution": 0.2520497381992707
    },
    {
      "feature": "crime",
      "tfidf": 0.08223281055688858,
      "contribution": 0.19181962240218556
    },
    {
      "feature": "prison",
      "tfidf": 0.0802559033036232,
      "contribution": 0.19016263624932106
    },
    {
      "feature": "killed",
      "tfidf": 0.07335123419761658,
      "contribution": 0.17600406516115796
    },
    {
      "feature": "is",
      "tfidf": 0.07402677834033966,
      "contribution": 0.16834551504138634
    },
    {
      "feature": "of",
      "tfidf": 0.08356541395187378,
      "contribution": -0.1589274352036453
    },
    {
      "feature": "friends",
      "tfidf": 0.06095265597105026,
      "contribution": -0.13316780939380582
    }
  ],
  "top_image_features": [
    {
      "feature": "thumbnail_y19_x18",
      "value": 1.7719848155975342,
      "contribution": 1.0470500448360014
    },
    {
      "feature": "thumbnail_y19_x19",
      "value": 1.6123753786087036,
      "contribution": -0.8206434197386412
    },
    {
      "feature": "thumbnail_y18_x18",
      "value": 2.0338666439056396,
      "contribution": -0.7443986021079322
    },
    {
      "feature": "thumbnail_y19_x11",
      "value": 1.6152169704437256,
      "contribution": -0.7282311505073565
    },
    {
      "feature": "thumbnail_y18_x9",
      "value": 1.4806857109069824,
      "contribution": -0.6045842951244529
    },
    {
      "feature": "thumbnail_y19_x13",
      "value": 1.583312749862671,
      "contribution": -0.6011009095349271
    },
    {
      "feature": "thumbnail_y19_x12",
      "value": 1.623097538948059,
      "contribution": 0.5706910241095944
    },
    {
      "feature": "thumbnail_y17_x19",
      "value": 1.728247046470642,
      "contribution": -0.5307063633297675
    },
    {
      "feature": "thumbnail_y18_x19",
      "value": 1.8858901262283325,
      "contribution": 0.5306931301412003
    },
    {
      "feature": "thumbnail_y16_x8",
      "value": 1.7242839336395264,
      "contribution": 0.484214506074555
    },
    {
      "feature": "thumbnail_y17_x7",
      "value": 1.5741335153579712,
      "contribution": -0.46410457724462323
    },
    {
      "feature": "thumbnail_y19_x8",
      "value": 1.4869391918182373,
      "contribution": 0.45365937916612925
    }
  ],
  "label_dependency_contributions": [],
  "performance": {
    "measurements": [
      {
        "name": "classic_modality_shapley_idx_52_Thriller",
        "wall_time_s": 0.040288399992277846,
        "process_cpu_time_s": 0.046875,
        "process_cpu_util_percent": 116.3486264259306,
        "rss_start_mb": 314.08984375,
        "rss_end_mb": 314.1171875,
        "rss_delta_mb": 0.02734375,
        "rss_peak_mb": 314.109375,
        "cuda_start": {
          "cuda_available": false,
          "cuda_error": "ModuleNotFoundError: No module named 'torch'"
        },
        "cuda_end": {
          "cuda_available": false,
          "cuda_error": "ModuleNotFoundError: No module named 'torch'"
        }
      },
      {
        "name": "classic_modality_shapley_visualization_idx_52_Thriller",
        "wall_time_s": 0.14924460000474937,
        "process_cpu_time_s": 0.140625,
        "process_cpu_util_percent": 94.22451465280815,
        "rss_start_mb": 314.1015625,
        "rss_end_mb": 316.81640625,
        "rss_delta_mb": 2.71484375,
        "rss_peak_mb": 318.69921875,
        "cuda_start": {
          "cuda_available": false,
          "cuda_error": "ModuleNotFoundError: No module named 'torch'"
        },
        "cuda_end": {
          "cuda_available": false,
          "cuda_error": "ModuleNotFoundError: No module named 'torch'"
        }
      },
      {
        "name": "classic_linear_contribution_idx_52_Thriller",
        "wall_time_s": 0.002289500000188127,
        "process_cpu_time_s": 0.0,
        "process_cpu_util_percent": 0.0,
        "rss_start_mb": 316.80078125,
        "rss_end_mb": 316.8203125,
        "rss_delta_mb": 0.01953125,
        "rss_peak_mb": 316.8203125,
        "cuda_start": {
          "cuda_available": false,