{
  "index": 57,
  "target_genre": "Horror",
  "target_genres": [
    "Horror"
  ],
  "true_genres": [
    "Romance",
    "Horror",
    "Mystery",
    "Fantasy",
    "Film-Noir"
  ],
  "predicted_genres": [
    "Film-Noir",
    "Horror",
    "Fantasy",
    "Mystery",
    "Romance"
  ],
  "probability": 0.894360478629629,
  "top_probabilities": {
    "Film-Noir": 0.9225760102272034,
    "Horror": 0.8943604826927185,
    "Fantasy": 0.8672161102294922,
    "Mystery": 0.7803618311882019,
    "Romance": 0.7779184579849243
  },
  "target_selection": {
    "policy": "predicted",
    "target_indices": [
      22,
      7,
      11
    ],
    "target_genres": [
      "Film-Noir",
      "Horror",
      "Fantasy"
    ],
    "all_selected_indices": [
      22,
      7,
      11,
      9,
      2
    ],
    "all_selected_genres": [
      "Film-Noir",
      "Horror",
      "Fantasy",
      "Mystery",
      "Romance"
    ],
    "predicted_indices": [
      22,
      7,
      11,
      9,
      2
    ],
    "predicted_genres": [
      "Film-Noir",
      "Horror",
      "Fantasy",
      "Mystery",
      "Romance"
    ],
    "threshold": [
      0.30000001192092896,
      0.44999998807907104,
      0.5,
      0.5,
      0.6000000238418579,
      0.550000011920929,
      0.6000000238418579,
      0.6000000238418579,
      0.6000000238418579,
      0.5,
      0.699999988079071,
      0.75,
      0.6000000238418579,
      0.699999988079071,
      0.6499999761581421,
      0.6000000238418579,
      0.6499999761581421,
      0.550000011920929,
      0.699999988079071,
      0.6000000238418579,
      0.6499999761581421,
      0.5,
      0.699999988079071
    ],
    "max_targets_per_sample": 3
  },
  "method": "linear_feature_contribution",
  "methods": [
    "linear_feature_contribution",
    "modality_shapley"
  ],
  "modality_shapley": {
    "method": "two_modality_shapley",
    "probability": {
      "values": {
        "blank": 0.15909955825601393,
        "text_only": 0.5248256267732058,
        "image_only": 0.5918815342019618,
        "both": 0.894360478629629
      },
      "shapley": {
        "text": 0.3341025064724295,
        "image": 0.4011584139011855,
        "interaction": -0.06324712408952463,
        "blank_to_both_delta": 0.735260920373615,
        "abs_total": 0.735260920373615,
        "text_utilization": 0.45439992418291303,
        "image_utilization": 0.545600075817087
      }
    },
    "logit": {
      "values": {
        "blank": -1.6649431133395052,
        "text_only": 0.09938422974202843,
        "image_only": 0.3717490141070059,
        "both": 2.1360763571885384
      },
      "shapley": {
        "text": 1.7643273430815332,
        "image": 2.0366921274465106,
        "interaction": -1.3322676295501878e-15,
        "blank_to_both_delta": 3.8010194705280433,
        "abs_total": 3.801019470528044,
        "text_utilization": 0.4641721403327697,
        "image_utilization": 0.5358278596672303
      }
    }
  },
  "intercept": -1.6649431133395052,
  "text_logit_contribution": 1.7643273430815345,
  "image_logit_contribution": 2.036692127446514,
  "label_dependency_logit_contribution": 0.0,
  "top_text_features": [
    {
      "feature": "house",
      "tfidf": 0.22306978702545166,
      "contribution": 0.9194917995362517
    },
    {
      "feature": "the",
      "tfidf": 0.24235011637210846,
      "contribution": 0.6337311449429912
    },
    {
      "feature": "s",
      "tfidf": 0.09622044861316681,
      "contribution": -0.2629104635191642
    },
    {
      "feature": "they",
      "tfidf": 0.112152598798275,
      "contribution": 0.21934293793058326
    },
    {
      "feature": "stella",
      "tfidf": 0.43567514419555664,
      "contribution": -0.2173938787901143
    },
    {
      "feature": "dr",
      "tfidf": 0.03813584893941879,
      "contribution": 0.20217597805046672
    },
    {
      "feature": "begin",
      "tfidf": 0.08166412264108658,
      "contribution": 0.1848487914216572
    },
    {
      "feature": "night",
      "tfidf": 0.06451823562383652,
      "contribution": 0.16223969682762385
    },
    {
      "feature": "a",
      "tfidf": 0.056742604821920395,
      "contribution": 0.14011001555201164
    },
    {
      "feature": "of",
      "tfidf": 0.10232088714838028,
      "contribution": -0.13630881045934995
    },
    {
      "feature": "to",
      "tfidf": 0.1503637135028839,
      "contribution": -0.13355446407402458
    },
    {
      "feature": "it",
      "tfidf": 0.060634952038526535,
      "contribution": 0.11527293598405067
    }
  ],
  "top_image_features": [
    {
      "feature": "thumbnail_y13_x1",
      "value": -1.4015600681304932,
      "contribution": 1.1886538086911953
    },
    {
      "feature": "thumbnail_y19_x23",
      "value": -1.3467985391616821,
      "contribution": 0.9879625641496204
    },
    {
      "feature": "thumbnail_y1_x17",
      "value": -1.2934203147888184,
      "contribution": 0.8247898874874056
    },
    {
      "feature": "thumbnail_y0_x17",
      "value": -1.4843167066574097,
      "contribution": -0.8175108879941925
    },
    {
      "feature": "thumbnail_y1_x16",
      "value": -1.367168664932251,
      "contribution": -0.753753688550511
    },
    {
      "feature": "thumbnail_y9_x24",
      "value": 1.3829368352890015,
      "contribution": -0.7477159926849891
    },
    {
      "feature": "thumbnail_y0_x16",
      "value": -1.5001096725463867,
      "contribution": 0.6973802516337596
    },
    {
      "feature": "thumbnail_y19_x6",
      "value": -1.3351669311523438,
      "contribution": -0.6870856284644182
    },
    {
      "feature": "thumbnail_y18_x26",
      "value": -1.2793141603469849,
      "contribution": -0.683006896790585
    },
    {
      "feature": "thumbnail_y13_x0",
      "value": -1.4002907276153564,
      "contribution": -0.660112121436456
    },
    {
      "feature": "thumbnail_y13_x2",
      "value": -1.3402148485183716,
      "contribution": -0.6533027951649037
    },
    {
      "feature": "thumbnail_y19_x26",
      "value": -1.2918219566345215,
      "contribution": 0.6303044665974494
    }
  ],
  "label_dependency_contributions": [],
  "performance": {
    "measurements": [
      {
        "name": "classic_modality_shapley_idx_57_Horror",
        "wall_time_s": 0.04752690001623705,
        "process_cpu_time_s": 0.046875,
        "process_cpu_util_percent": 98.62835569748009,
        "rss_start_mb": 343.0625,
        "rss_end_mb": 343.078125,
        "rss_delta_mb": 0.015625,
        "rss_peak_mb": 343.08203125,
        "cuda_start": {
          "cuda_available": false,
          "cuda_error": "ModuleNotFoundError: No module named 'torch'"
        },
        "cuda_end": {
          "cuda_available": false,
          "cuda_error": "ModuleNotFoundError: No module named 'torch'"
        }
      },
      {
        "name": "classic_modality_shapley_visualization_idx_57_Horror",
        "wall_time_s": 0.15847719999146648,
        "process_cpu_time_s": 0.15625,
        "process_cpu_util_percent": 98.59462434243764,
        "rss_start_mb": 343.0625,
        "rss_end_mb": 344.95703125,
        "rss_delta_mb": 1.89453125,
        "rss_peak_mb": 346.83984375,
        "cuda_start": {
          "cuda_available": false,
          "cuda_error": "ModuleNotFoundError: No module named 'torch'"
        },
        "cuda_end": {
          "cuda_available": false,
          "cuda_error": "ModuleNotFoundError: No module named 'torch'"
        }
      },
      {
        "name": "classic_linear_contribution_idx_57_Horror",
        "wall_time_s": 0.0020256999996490777,
        "process_cpu_time_s": 0.015625,
        "process_cpu_util_percent": 771.3383029425285,
        "rss_start_mb": 344.94140625,
        "rss_end_mb": 344.95703125,
        "rss_delta_mb": 0.015625,
        "rss_peak_mb": 344.9609375,
        "cuda_start": {
          "cuda_available": false,
          "cuda_error": "ModuleNotFoundError: No module named 'torch'"
        },