{
  "index": 1,
  "target_genre": "Thriller",
  "target_genres": [
    "Thriller"
  ],
  "true_genres": [
    "Drama",
    "Crime",
    "Adventure",
    "Film-Noir"
  ],
  "predicted_genres": [
    "Comedy",
    "Crime",
    "Thriller"
  ],
  "probability": 0.6509618726863987,
  "top_probabilities": {
    "Comedy": 0.7800288200378418,
    "Crime": 0.7430574297904968,
    "Thriller": 0.6509618759155273,
    "Adventure": 0.5509713888168335,
    "Action": 0.5079708099365234
  },
  "target_selection": {
    "policy": "predicted",
    "target_indices": [
      1,
      4,
      3
    ],
    "target_genres": [
      "Comedy",
      "Crime",
      "Thriller"
    ],
    "all_selected_indices": [
      1,
      4,
      3
    ],
    "all_selected_genres": [
      "Comedy",
      "Crime",
      "Thriller"
    ],
    "predicted_indices": [
      1,
      4,
      3
    ],
    "predicted_genres": [
      "Comedy",
      "Crime",
      "Thriller"
    ],
    "threshold": [
      0.30000001192092896,
      0.44999998807907104,
      0.5,
      0.5,
      0.6000000238418579,
      0.550000011920929,
      0.6000000238418579,
      0.6000000238418579,
      0.6000000238418579,
      0.5,
      0.699999988079071,
      0.75,
      0.6000000238418579,
      0.699999988079071,
      0.6499999761581421,
      0.6000000238418579,
      0.6499999761581421,
      0.550000011920929,
      0.699999988079071,
      0.6000000238418579,
      0.6499999761581421,
      0.5,
      0.699999988079071
    ],
    "max_targets_per_sample": 3
  },
  "method": "linear_feature_contribution",
  "methods": [
    "linear_feature_contribution",
    "modality_shapley"
  ],
  "modality_shapley": {
    "method": "two_modality_shapley",
    "probability": {
      "values": {
        "blank": 0.22067535862780757,
        "text_only": 0.6720557247512086,
        "image_only": 0.20489725385483995,
        "both": 0.6509618726863987
      },
      "shapley": {
        "text": 0.44872249247747986,
        "image": -0.018435978418888735,
        "interaction": -0.005315747291842227,
        "blank_to_both_delta": 0.43028651405859114,
        "abs_total": 0.4671584708963686,
        "text_utilization": 0.9605359218178912,
        "image_utilization": 0.0394640781821089
      }
    },
    "logit": {
      "values": {
        "blank": -1.2617350441840947,
        "text_only": 0.717497559405484,
        "image_only": -1.355962693950418,
        "both": 0.6232699096391563
      },
      "shapley": {
        "text": 1.9792326035895764,
        "image": -0.09422764976632547,
        "interaction": -4.440892098500626e-15,
        "blank_to_both_delta": 1.885004953823251,
        "abs_total": 2.073460253355902,
        "text_utilization": 0.9545553624122682,
        "image_utilization": 0.045444637587731776
      }
    }
  },
  "intercept": -1.2617350441840947,
  "text_logit_contribution": 1.979232603589579,
  "image_logit_contribution": -0.09422764976632503,
  "label_dependency_logit_contribution": 0.0,
  "top_text_features": [
    {
      "feature": "cop",
      "tfidf": 0.14091485738754272,
      "contribution": 0.44553780440068674
    },
    {
      "feature": "boss",
      "tfidf": 0.25194215774536133,
      "contribution": 0.3642830616292753
    },
    {
      "feature": "is",
      "tfidf": 0.11329910904169083,
      "contribution": 0.2576553686783895
    },
    {
      "feature": "singer",
      "tfidf": 0.27934950590133667,
      "contribution": -0.25109134056222815
    },
    {
      "feature": "casino",
      "tfidf": 0.18464188277721405,
      "contribution": 0.16246023455194852
    },
    {
      "feature": "a",
      "tfidf": 0.14776377379894257,
      "contribution": 0.16201349226735318
    },
    {
      "feature": "cash",
      "tfidf": 0.16129380464553833,
      "contribution": 0.15988348618816653
    },
    {
      "feature": "traveling",
      "tfidf": 0.14325754344463348,
      "contribution": -0.15266791149485032
    },
    {
      "feature": "who",
      "tfidf": 0.1001235693693161,
      "contribution": 0.14861478269994755
    },
    {
      "feature": "ship",
      "tfidf": 0.1393042802810669,
      "contribution": -0.13963305335461565
    },
    {
      "feature": "thinks",
      "tfidf": 0.1322878748178482,
      "contribution": 0.13529205626538357
    },
    {
      "feature": "meet",
      "tfidf": 0.1096358597278595,
      "contribution": -0.1323866465340331
    }
  ],
  "top_image_features": [
    {
      "feature": "thumbnail_y16_x26",
      "value": -1.4879835844039917,
      "contribution": 0.5865243273986883
    },
    {
      "feature": "thumbnail_y19_x18",
      "value": 0.8139556646347046,
      "contribution": 0.4809591524986602
    },
    {
      "feature": "thumbnail_y17_x26",
      "value": -1.2028098106384277,
      "contribution": -0.4458235135003376
    },
    {
      "feature": "thumbnail_y11_x1",
      "value": -1.31199312210083,
      "contribution": 0.44368584699921726
    },
    {
      "feature": "thumbnail_y13_x3",
      "value": -1.4710272550582886,
      "contribution": 0.42320797650609865
    },
    {
      "feature": "thumbnail_y0_x20",
      "value": 1.0035706758499146,
      "contribution": -0.42187161916572846
    },
    {
      "feature": "thumbnail_y19_x19",
      "value": 0.8110576272010803,
      "contribution": -0.41280034018240225
    },
    {
      "feature": "thumbnail_y14_x8",
      "value": -1.3017185926437378,
      "contribution": -0.40723766148343776
    },
    {
      "feature": "thumbnail_y10_x27",
      "value": -1.0699275732040405,
      "contribution": 0.3958043730970967
    },
    {
      "feature": "thumbnail_y9_x28",
      "value": -0.9903960227966309,
      "contribution": 0.3934496513223626
    },
    {
      "feature": "thumbnail_y18_x7",
      "value": -1.1814098358154297,
      "contribution": -0.3861415886721387
    },
    {
      "feature": "thumbnail_y16_x23",
      "value": -1.5689940452575684,
      "contribution": -0.38566793133241956
    }
  ],
  "label_dependency_contributions": [],
  "performance": {
    "measurements": [
      {
        "name": "classic_modality_shapley_idx_1_Thriller",
        "wall_time_s": 0.024134399000104167,
        "process_cpu_time_s": 0.024095283999940875,
        "process_cpu_util_percent": 99.83792842671109,
        "rss_start_mb": 2195.01953125,
        "rss_end_mb": 2195.01953125,
        "rss_delta_mb": 0.0,
        "rss_peak_mb": 2195.0234375,
        "cuda_start": {
          "cuda_available": false
        },
        "cuda_end": {
          "cuda_available": false
        }
      },
      {
        "name": "classic_modality_shapley_visualization_idx_1_Thriller",
        "wall_time_s": 0.13161960300021747,
        "process_cpu_time_s": 0.12297228200009158,
        "process_cpu_util_percent": 93.43006603650704,
        "rss_start_mb": 2195.01953125,
        "rss_end_mb": 2195.1875,
        "rss_delta_mb": 0.16796875,
        "rss_peak_mb": 2195.19140625,
        "cuda_start": {
          "cuda_available": false
        },
        "cuda_end": {
          "cuda_available": false
        }
      },
      {
        "name": "classic_linear_contribution_idx_1_Thriller",
        "wall_time_s": 0.0008273800003735232,
        "process_cpu_time_s": 0.0009544690001348499,
        "process_cpu_util_percent": 115.36041476757379,
        "rss_start_mb": 2195.1875,
        "rss_end_mb": 2195.1875,
        "rss_delta_mb": 0.0,
        "rss_peak_mb": 2195.19140625,
        "cuda_start": {
          "cuda_available": false
        },
        "cuda_end": {
          "cuda_available": false
        }
      },
      {
        "name": "classic_visualization_idx_1_Thriller",
        "wall_time_s": 0.21270855900002061,
        "process_cpu_time_s": 0.1965428000000884,
        "process_cpu_util_percent": 92.40004300911528,
        "rss_start_mb": 2195.1875,
        "rss_end_mb": 2195.7421875,
        "rss_delta_mb": 0.5546875,
        "rss_peak_mb": 2195.7421875,