{
  "index": 4033,
  "target_genre": "Comedy",
  "target_genres": [
    "Comedy"
  ],
  "true_genres": [
    "Drama",
    "Romance",
    "Biography"
  ],
  "predicted_genres": [
    "Drama",
    "Comedy"
  ],
  "probability": 0.45359581840485064,
  "top_probabilities": {
    "Drama": 0.8964613676071167,
    "Biography": 0.6511094570159912,
    "Comedy": 0.4535958170890808,
    "Action": 0.3808813989162445,
    "Romance": 0.3128919005393982
  },
  "target_selection": {
    "policy": "predicted",
    "target_indices": [
      0,
      1
    ],
    "target_genres": [
      "Drama",
      "Comedy"
    ],
    "all_selected_indices": [
      0,
      1
    ],
    "all_selected_genres": [
      "Drama",
      "Comedy"
    ],
    "predicted_indices": [
      0,
      1
    ],
    "predicted_genres": [
      "Drama",
      "Comedy"
    ],
    "threshold": [
      0.30000001192092896,
      0.44999998807907104,
      0.5,
      0.5,
      0.6000000238418579,
      0.550000011920929,
      0.6000000238418579,
      0.6000000238418579,
      0.6000000238418579,
      0.5,
      0.699999988079071,
      0.75,
      0.6000000238418579,
      0.699999988079071,
      0.6499999761581421,
      0.6000000238418579,
      0.6499999761581421,
      0.550000011920929,
      0.699999988079071,
      0.6000000238418579,
      0.6499999761581421,
      0.5,
      0.699999988079071
    ],
    "max_targets_per_sample": 3
  },
  "method": "linear_feature_contribution",
  "methods": [
    "linear_feature_contribution",
    "modality_shapley"
  ],
  "modality_shapley": {
    "method": "two_modality_shapley",
    "probability": {
      "values": {
        "blank": 0.46548381070372413,
        "text_only": 0.38467868521168547,
        "image_only": 0.536260993830869,
        "both": 0.45359581840485064
      },
      "shapley": {
        "text": -0.08173515045902852,
        "image": 0.06984715816015502,
        "interaction": -0.0018600499339797016,
        "blank_to_both_delta": -0.011887992298873495,
        "abs_total": 0.15158230861918354,
        "text_utilization": 0.5392129939409335,
        "image_utilization": 0.46078700605906653
      }
    },
    "logit": {
      "values": {
        "blank": -0.1382847008630071,
        "text_only": -0.4697361924776125,
        "image_only": 0.14529906408158066,
        "both": -0.1861524275330248
      },
      "shapley": {
        "text": -0.3314514916146054,
        "image": 0.2835837649445877,
        "interaction": -5.551115123125783e-17,
        "blank_to_both_delta": -0.04786772667001771,
        "abs_total": 0.6150352565591931,
        "text_utilization": 0.5389146200640701,
        "image_utilization": 0.46108537993592996
      }
    }
  },
  "intercept": -0.1382847008630071,
  "text_logit_contribution": -0.3314514916146055,
  "image_logit_contribution": 0.2835837649445876,
  "label_dependency_logit_contribution": 0.0,
  "top_text_features": [
    {
      "feature": "guy",
      "tfidf": 0.3026229739189148,
      "contribution": 0.7157510547745467
    },
    {
      "feature": "the",
      "tfidf": 0.16806641221046448,
      "contribution": -0.23161420634022836
    },
    {
      "feature": "was",
      "tfidf": 0.08773480355739594,
      "contribution": -0.2192034418453083
    },
    {
      "feature": "against",
      "tfidf": 0.10792026668787003,
      "contribution": -0.1888523397855479
    },
    {
      "feature": "school",
      "tfidf": 0.14420542120933533,
      "contribution": 0.16342047379640817
    },
    {
      "feature": "top",
      "tfidf": 0.09912601858377457,
      "contribution": 0.16143091840921397
    },
    {
      "feature": "becoming",
      "tfidf": 0.1020607054233551,
      "contribution": 0.1332541980408073
    },
    {
      "feature": "in",
      "tfidf": 0.08565396815538406,
      "contribution": -0.1281830474125887
    },
    {
      "feature": "activities",
      "tfidf": 0.11603657156229019,
      "contribution": -0.0952491972367962
    },
    {
      "feature": "students",
      "tfidf": 0.1482280045747757,
      "contribution": -0.08979891406884204
    },
    {
      "feature": "a",
      "tfidf": 0.10657347738742828,
      "contribution": 0.08213949390206382
    },
    {
      "feature": "and",
      "tfidf": 0.055591125041246414,
      "contribution": -0.07628737703392492
    }
  ],
  "top_image_features": [
    {
      "feature": "bottom_right_R_hist_bin_12",
      "value": 9.138789176940918,
      "contribution": 0.709388471438905
    },
    {
      "feature": "thumbnail_y17_x30",
      "value": 1.1882253885269165,
      "contribution": 0.565892606119516
    },
    {
      "feature": "thumbnail_y0_x14",
      "value": 1.1636334657669067,
      "contribution": 0.5632104172061293
    },
    {
      "feature": "thumbnail_y1_x13",
      "value": 1.2930519580841064,
      "contribution": 0.4972017978149393
    },
    {
      "feature": "thumbnail_y0_x13",
      "value": 1.1402889490127563,
      "contribution": -0.4756254441838822
    },
    {
      "feature": "thumbnail_y2_x28",
      "value": 1.5085840225219727,
      "contribution": -0.4684792246507619
    },
    {
      "feature": "thumbnail_y17_x31",
      "value": 1.1403419971466064,
      "contribution": -0.41503920742361466
    },
    {
      "feature": "thumbnail_y0_x28",
      "value": 1.360572338104248,
      "contribution": 0.4123023029289396
    },
    {
      "feature": "thumbnail_y0_x27",
      "value": 1.3564919233322144,
      "contribution": -0.39519565656877703
    },
    {
      "feature": "thumbnail_y0_x18",
      "value": 1.2643531560897827,
      "contribution": 0.3951203608083969
    },
    {
      "feature": "thumbnail_y1_x5",
      "value": 1.1579803228378296,
      "contribution": 0.39502946518052034
    },
    {
      "feature": "thumbnail_y8_x25",
      "value": 1.2222014665603638,
      "contribution": 0.39176351565201595
    }
  ],
  "label_dependency_contributions": [],
  "performance": {
    "measurements": [
      {
        "name": "classic_modality_shapley_idx_4033_Comedy",
        "wall_time_s": 0.026679680000029293,
        "process_cpu_time_s": 0.026987196000000324,
        "process_cpu_util_percent": 101.1526225201003,
        "rss_start_mb": 1012.4375,
        "rss_end_mb": 1012.4375,
        "rss_delta_mb": 0.0,
        "rss_peak_mb": 1012.44140625,
        "cuda_start": {
          "cuda_available": true,
          "cuda_device": "NVIDIA A100-SXM4-40GB",
          "cuda_allocated_mb": 0.0,
          "cuda_reserved_mb": 0.0,
          "cuda_peak_allocated_mb": 0.0,
          "cuda_peak_reserved_mb": 0.0
        },
        "cuda_end": {
          "cuda_available": true,
          "cuda_device": "NVIDIA A100-SXM4-40GB",
          "cuda_allocated_mb": 0.0,
          "cuda_reserved_mb": 0.0,
          "cuda_peak_allocated_mb": 0.0,
          "cuda_peak_reserved_mb": 0.0
        }
      },
      {
        "name": "classic_modality_shapley_visualization_idx_4033_Comedy",
        "wall_time_s": 0.17350407399999312,
        "process_cpu_time_s": 0.16826966600000048,
        "process_cpu_util_percent": 96.98312098424107,
        "rss_start_mb": 1012.4375,
        "rss_end_mb": 1012.44140625,
        "rss_delta_mb": 0.00390625,
        "rss_peak_mb": 1012.4453125,
        "cuda_start": {
          "cuda_available": true,
          "cuda_device": "NVIDIA A100-SXM4-40GB",
          "cuda_allocated_mb": 0.0,
          "cuda_reserved_mb": 0.0,
          "cuda_peak_allocated_mb": 0.0,
          "cuda_peak_reserved_mb": 0.0
        },
        "cuda_end": {
          "cuda_available": true,
          "cuda_device": "NVIDIA A100-SXM4-40GB",
          "cuda_allocated_mb": 0.0,
          "cuda_reserved_mb": 0.0,
          "cuda_peak_allocated_mb": 0.0,
          "cuda_peak_reserved_mb": 0.0
        }
      },
      {
        "name": "classic_linear_contribution_idx_4033_Comedy",
        "wall_time_s": 0.001110181000058219,
        "process_cpu_time_s": 0.0011761759999977528,