{
  "index": 82,
  "target_genre": "Mystery",
  "target_genres": [
    "Mystery"
  ],
  "true_genres": [
    "Drama",
    "Thriller",
    "Crime",
    "Film-Noir"
  ],
  "predicted_genres": [
    "Crime",
    "Action",
    "Mystery",
    "Thriller"
  ],
  "probability": 0.8746472939385379,
  "top_probabilities": {
    "Crime": 0.9618683457374573,
    "Action": 0.957492470741272,
    "Mystery": 0.874647319316864,
    "Thriller": 0.8548435568809509,
    "Comedy": 0.39002737402915955
  },
  "target_selection": {
    "policy": "predicted",
    "target_indices": [
      4,
      5,
      9
    ],
    "target_genres": [
      "Crime",
      "Action",
      "Mystery"
    ],
    "all_selected_indices": [
      4,
      5,
      9,
      3
    ],
    "all_selected_genres": [
      "Crime",
      "Action",
      "Mystery",
      "Thriller"
    ],
    "predicted_indices": [
      4,
      5,
      9,
      3
    ],
    "predicted_genres": [
      "Crime",
      "Action",
      "Mystery",
      "Thriller"
    ],
    "threshold": [
      0.30000001192092896,
      0.44999998807907104,
      0.5,
      0.5,
      0.6000000238418579,
      0.550000011920929,
      0.6000000238418579,
      0.6000000238418579,
      0.6000000238418579,
      0.5,
      0.699999988079071,
      0.75,
      0.6000000238418579,
      0.699999988079071,
      0.6499999761581421,
      0.6000000238418579,
      0.6499999761581421,
      0.550000011920929,
      0.699999988079071,
      0.6000000238418579,
      0.6499999761581421,
      0.5,
      0.699999988079071
    ],
    "max_targets_per_sample": 3
  },
  "method": "linear_feature_contribution",
  "methods": [
    "linear_feature_contribution",
    "modality_shapley"
  ],
  "modality_shapley": {
    "method": "two_modality_shapley",
    "probability": {
      "values": {
        "blank": 0.10581774089238796,
        "text_only": 0.7726606785825239,
        "image_only": 0.19546259782928513,
        "both": 0.8746472939385379
      },
      "shapley": {
        "text": 0.6730138168996944,
        "image": 0.09581573614645561,
        "interaction": 0.012341758419116888,
        "blank_to_both_delta": 0.76882955304615,
        "abs_total": 0.76882955304615,
        "text_utilization": 0.8753745407329522,
        "image_utilization": 0.1246254592670479
      }
    },
    "logit": {
      "values": {
        "blank": -2.134191434983072,
        "text_only": 1.2233962759338315,
        "image_only": -1.4148984108810887,
        "both": 1.9426893000358119
      },
      "shapley": {
        "text": 3.357587710916902,
        "image": 0.7192930241019819,
        "interaction": -3.1086244689504383e-15,
        "blank_to_both_delta": 4.076880735018884,
        "abs_total": 4.076880735018884,
        "text_utilization": 0.8235678032169242,
        "image_utilization": 0.17643219678307567
      }
    }
  },
  "intercept": -2.134191434983072,
  "text_logit_contribution": 3.3575877109169032,
  "image_logit_contribution": 0.7192930241019833,
  "label_dependency_logit_contribution": 0.0,
  "top_text_features": [
    {
      "feature": "police",
      "tfidf": 0.1908099204301834,
      "contribution": 0.8381778022026544
    },
    {
      "feature": "the",
      "tfidf": 0.1967376172542572,
      "contribution": 0.4563287886156365
    },
    {
      "feature": "find",
      "tfidf": 0.10194914788007736,
      "contribution": 0.37174705410478087
    },
    {
      "feature": "dead",
      "tfidf": 0.1375752091407776,
      "contribution": 0.3604368450508827
    },
    {
      "feature": "found",
      "tfidf": 0.07207833975553513,
      "contribution": 0.22937363333948607
    },
    {
      "feature": "identity",
      "tfidf": 0.08582092821598053,
      "contribution": 0.21704378911844666
    },
    {
      "feature": "disease",
      "tfidf": 0.20327328145503998,
      "contribution": -0.21630162596955385
    },
    {
      "feature": "is",
      "tfidf": 0.04637886956334114,
      "contribution": 0.17034162169393666
    },
    {
      "feature": "information",
      "tfidf": 0.0882267951965332,
      "contribution": 0.167987979022323
    },
    {
      "feature": "body",
      "tfidf": 0.07780537009239197,
      "contribution": 0.16209793485616458
    },
    {
      "feature": "that",
      "tfidf": 0.05947253108024597,
      "contribution": 0.13279286445354205
    },
    {
      "feature": "reed",
      "tfidf": 0.49524033069610596,
      "contribution": -0.12494287009925195
    }
  ],
  "top_image_features": [
    {
      "feature": "thumbnail_y6_x2",
      "value": 1.366561770439148,
      "contribution": -1.1906627101148761
    },
    {
      "feature": "thumbnail_y6_x1",
      "value": 1.2304387092590332,
      "contribution": 1.0064084320872617
    },
    {
      "feature": "thumbnail_y7_x2",
      "value": 1.4880856275558472,
      "contribution": 0.6734795266247657
    },
    {
      "feature": "thumbnail_y2_x30",
      "value": -0.8663480281829834,
      "contribution": 0.5836996701163004
    },
    {
      "feature": "thumbnail_y15_x18",
      "value": 1.820797085762024,
      "contribution": -0.5748375336604026
    },
    {
      "feature": "thumbnail_y6_x15",
      "value": 1.6067167520523071,
      "contribution": -0.5629518063181375
    },
    {
      "feature": "thumbnail_y15_x27",
      "value": 1.8007152080535889,
      "contribution": 0.5594811449273103
    },
    {
      "feature": "thumbnail_y15_x30",
      "value": 1.5997179746627808,
      "contribution": -0.5403616974913923
    },
    {
      "feature": "thumbnail_y2_x29",
      "value": -1.182845115661621,
      "contribution": -0.526550760484718
    },
    {
      "feature": "thumbnail_y19_x7",
      "value": -0.6900128722190857,
      "contribution": 0.5181301017673947
    },
    {
      "feature": "thumbnail_y9_x25",
      "value": -1.3347949981689453,
      "contribution": 0.5077055238686621
    },
    {
      "feature": "thumbnail_y6_x3",
      "value": 1.1731584072113037,
      "contribution": 0.5055622569457202
    }
  ],
  "label_dependency_contributions": [],
  "performance": {
    "measurements": [
      {
        "name": "classic_modality_shapley_idx_82_Mystery",
        "wall_time_s": 0.0908747459998267,
        "process_cpu_time_s": 0.09168551400011893,
        "process_cpu_util_percent": 100.89218186127724,
        "rss_start_mb": 2050.1015625,
        "rss_end_mb": 2049.66796875,
        "rss_delta_mb": -0.43359375,
        "rss_peak_mb": 2050.1015625,
        "cuda_start": {
          "cuda_available": false
        },
        "cuda_end": {
          "cuda_available": false
        }
      },
      {
        "name": "classic_modality_shapley_visualization_idx_82_Mystery",
        "wall_time_s": 0.3645747709997522,
        "process_cpu_time_s": 0.33505319699997926,
        "process_cpu_util_percent": 91.9024638159087,
        "rss_start_mb": 2049.66796875,
        "rss_end_mb": 2048.80078125,
        "rss_delta_mb": -0.8671875,
        "rss_peak_mb": 2049.671875,
        "cuda_start": {
          "cuda_available": false
        },
        "cuda_end": {
          "cuda_available": false
        }
      },
      {
        "name": "classic_linear_contribution_idx_82_Mystery",
        "wall_time_s": 0.0026281599994035787,
        "process_cpu_time_s": 0.0016415309999047167,
        "process_cpu_util_percent": 62.45932516579041,
        "rss_start_mb": 2048.80078125,
        "rss_end_mb": 2048.80078125,
        "rss_delta_mb": 0.0,
        "rss_peak_mb": 2048.8046875,
        "cuda_start": {
          "cuda_available": false
        },
        "cuda_end": {
          "cuda_available": false
        }
      },
      {
        "name": "classic_visualization_idx_82_Mystery",
        "wall_time_s": 0.5246776530002535,
        "process_cpu_time_s": 0.45662573200002043,
        "process_cpu_util_percent": 87.02976568354053,
        "rss_start_mb": 2048.80078125,
        "rss_end_mb": 2047.53125,
        "rss_delta_mb": -1.26953125,