{
  "index": 54,
  "target_genre": "Thriller",
  "target_genres": [
    "Thriller"
  ],
  "true_genres": [
    "Drama",
    "Thriller",
    "Film-Noir"
  ],
  "predicted_genres": [
    "Thriller",
    "Film-Noir",
    "Crime",
    "Short",
    "Drama"
  ],
  "probability": 0.9318397993356241,
  "top_probabilities": {
    "Thriller": 0.9318398237228394,
    "Film-Noir": 0.9251706004142761,
    "Crime": 0.788716197013855,
    "Short": 0.5653292536735535,
    "Drama": 0.5598300695419312
  },
  "target_selection": {
    "policy": "predicted",
    "target_indices": [
      3,
      22,
      4
    ],
    "target_genres": [
      "Thriller",
      "Film-Noir",
      "Crime"
    ],
    "all_selected_indices": [
      3,
      22,
      4,
      21,
      0
    ],
    "all_selected_genres": [
      "Thriller",
      "Film-Noir",
      "Crime",
      "Short",
      "Drama"
    ],
    "predicted_indices": [
      3,
      22,
      4,
      21,
      0
    ],
    "predicted_genres": [
      "Thriller",
      "Film-Noir",
      "Crime",
      "Short",
      "Drama"
    ],
    "threshold": [
      0.30000001192092896,
      0.44999998807907104,
      0.5,
      0.5,
      0.6000000238418579,
      0.550000011920929,
      0.6000000238418579,
      0.6000000238418579,
      0.6000000238418579,
      0.5,
      0.699999988079071,
      0.75,
      0.6000000238418579,
      0.699999988079071,
      0.6499999761581421,
      0.6000000238418579,
      0.6499999761581421,
      0.550000011920929,
      0.699999988079071,
      0.6000000238418579,
      0.6499999761581421,
      0.5,
      0.699999988079071
    ],
    "max_targets_per_sample": 3
  },
  "method": "linear_feature_contribution",
  "methods": [
    "linear_feature_contribution",
    "modality_shapley"
  ],
  "modality_shapley": {
    "method": "two_modality_shapley",
    "probability": {
      "values": {
        "blank": 0.22067535862780757,
        "text_only": 0.6261648727577137,
        "image_only": 0.6979945418754485,
        "both": 0.9318397993356241
      },
      "shapley": {
        "text": 0.31966738579504084,
        "image": 0.39149705491277564,
        "interaction": -0.17164425666973054,
        "blank_to_both_delta": 0.7111644407078166,
        "abs_total": 0.7111644407078165,
        "text_utilization": 0.44949855124488275,
        "image_utilization": 0.5505014487551172
      }
    },
    "logit": {
      "values": {
        "blank": -1.2617350441840947,
        "text_only": 0.5157988474682162,
        "image_only": 0.8377661925974629,
        "both": 2.615300084249771
      },
      "shapley": {
        "text": 1.7775338916523096,
        "image": 2.099501236781556,
        "interaction": -2.6645352591003757e-15,
        "blank_to_both_delta": 3.8770351284338656,
        "abs_total": 3.8770351284338656,
        "text_utilization": 0.4584776337505993,
        "image_utilization": 0.5415223662494008
      }
    }
  },
  "intercept": -1.2617350441840947,
  "text_logit_contribution": 1.7775338916523102,
  "image_logit_contribution": 2.0995012367815575,
  "label_dependency_logit_contribution": 0.0,
  "top_text_features": [
    {
      "feature": "kill",
      "tfidf": 0.10791550576686859,
      "contribution": 0.3006033315195166
    },
    {
      "feature": "killer",
      "tfidf": 0.05744974687695503,
      "contribution": 0.26097011668630254
    },
    {
      "feature": "police",
      "tfidf": 0.04751300811767578,
      "contribution": 0.18480026341925146
    },
    {
      "feature": "stop",
      "tfidf": 0.05418834462761879,
      "contribution": 0.12333942227235756
    },
    {
      "feature": "to",
      "tfidf": 0.1867896467447281,
      "contribution": 0.12111398606030223
    },
    {
      "feature": "is",
      "tfidf": 0.05196898430585861,
      "contribution": 0.11818352257510048
    },
    {
      "feature": "secret",
      "tfidf": 0.05147911235690117,
      "contribution": 0.11811883247226734
    },
    {
      "feature": "mrs",
      "tfidf": 0.0675467699766159,
      "contribution": 0.11601381856797856
    },
    {
      "feature": "graham",
      "tfidf": 0.7945759892463684,
      "contribution": 0.11400243062210019
    },
    {
      "feature": "journey",
      "tfidf": 0.0568116120994091,
      "contribution": -0.10982772987217632
    },
    {
      "feature": "the",
      "tfidf": 0.16032777726650238,
      "contribution": 0.1070824189819362
    },
    {
      "feature": "of",
      "tfidf": 0.043999042361974716,
      "contribution": -0.08367881666968499
    }
  ],
  "top_image_features": [
    {
      "feature": "thumbnail_y12_x29",
      "value": -1.3262628316879272,
      "contribution": -0.5499412335505367
    },
    {
      "feature": "top_right_G_hist_bin_3",
      "value": 4.021579265594482,
      "contribution": -0.5196981312584616
    },
    {
      "feature": "thumbnail_y19_x19",
      "value": -0.9293042421340942,
      "contribution": 0.47298378613335684
    },
    {
      "feature": "thumbnail_y19_x1",
      "value": -1.2549628019332886,
      "contribution": -0.4534367282927691
    },
    {
      "feature": "thumbnail_y19_x2",
      "value": -1.2633930444717407,
      "contribution": 0.4046007833387566
    },
    {
      "feature": "thumbnail_y13_x16",
      "value": -1.3860867023468018,
      "contribution": 0.37948758566893526
    },
    {
      "feature": "thumbnail_y11_x1",
      "value": -1.1117866039276123,
      "contribution": 0.37598061509357195
    },
    {
      "feature": "thumbnail_y12_x30",
      "value": -1.324018955230713,
      "contribution": 0.36105067897414966
    },
    {
      "feature": "thumbnail_y11_x2",
      "value": -1.1367243528366089,
      "contribution": -0.3370760557680408
    },
    {
      "feature": "thumbnail_y12_x2",
      "value": -0.9344462156295776,
      "contribution": 0.3369745979122851
    },
    {
      "feature": "thumbnail_y9_x28",
      "value": -0.8333479762077332,
      "contribution": 0.3310599630067946
    },
    {
      "feature": "thumbnail_y12_x28",
      "value": -1.283569097518921,
      "contribution": 0.3299510996683071
    }
  ],
  "label_dependency_contributions": [],
  "performance": {
    "measurements": [
      {
        "name": "classic_modality_shapley_idx_54_Thriller",
        "wall_time_s": 0.04697559998021461,
        "process_cpu_time_s": 0.046875,
        "process_cpu_util_percent": 99.7858463111552,
        "rss_start_mb": 326.34375,
        "rss_end_mb": 326.359375,
        "rss_delta_mb": 0.015625,
        "rss_peak_mb": 326.36328125,
        "cuda_start": {
          "cuda_available": false,
          "cuda_error": "ModuleNotFoundError: No module named 'torch'"
        },
        "cuda_end": {
          "cuda_available": false,
          "cuda_error": "ModuleNotFoundError: No module named 'torch'"
        }
      },
      {
        "name": "classic_modality_shapley_visualization_idx_54_Thriller",
        "wall_time_s": 0.16475600001285784,
        "process_cpu_time_s": 0.15625,
        "process_cpu_util_percent": 94.83721381182232,
        "rss_start_mb": 326.34375,
        "rss_end_mb": 328.23828125,
        "rss_delta_mb": 1.89453125,
        "rss_peak_mb": 330.12109375,
        "cuda_start": {
          "cuda_available": false,
          "cuda_error": "ModuleNotFoundError: No module named 'torch'"
        },
        "cuda_end": {
          "cuda_available": false,
          "cuda_error": "ModuleNotFoundError: No module named 'torch'"
        }
      },
      {
        "name": "classic_linear_contribution_idx_54_Thriller",
        "wall_time_s": 0.002204500022344291,
        "process_cpu_time_s": 0.0,
        "process_cpu_util_percent": 0.0,
        "rss_start_mb": 328.22265625,
        "rss_end_mb": 328.23828125,
        "rss_delta_mb": 0.015625,
        "rss_peak_mb": 328.2421875,
        "cuda_start": {
          "cuda_available": false,
          "cuda_error": "ModuleNotFoundError: No module named 'torch'"
        },