{
  "index": 18437,
  "target_genre": "Action",
  "target_genres": [
    "Action"
  ],
  "true_genres": [
    "Drama",
    "Sport"
  ],
  "predicted_genres": [
    "Thriller",
    "Drama",
    "Action",
    "Crime"
  ],
  "probability": 0.6406503329873272,
  "top_probabilities": {
    "Thriller": 0.7346489429473877,
    "Drama": 0.7326884269714355,
    "Action": 0.6406503319740295,
    "Crime": 0.614486038684845,
    "Horror": 0.27866634726524353
  },
  "target_selection": {
    "policy": "predicted",
    "target_indices": [
      3,
      0,
      5
    ],
    "target_genres": [
      "Thriller",
      "Drama",
      "Action"
    ],
    "all_selected_indices": [
      3,
      0,
      5,
      4
    ],
    "all_selected_genres": [
      "Thriller",
      "Drama",
      "Action",
      "Crime"
    ],
    "predicted_indices": [
      3,
      0,
      5,
      4
    ],
    "predicted_genres": [
      "Thriller",
      "Drama",
      "Action",
      "Crime"
    ],
    "threshold": [
      0.30000001192092896,
      0.44999998807907104,
      0.5,
      0.5,
      0.6000000238418579,
      0.550000011920929,
      0.6000000238418579,
      0.6000000238418579,
      0.6000000238418579,
      0.5,
      0.699999988079071,
      0.75,
      0.6000000238418579,
      0.699999988079071,
      0.6499999761581421,
      0.6000000238418579,
      0.6499999761581421,
      0.550000011920929,
      0.699999988079071,
      0.6000000238418579,
      0.6499999761581421,
      0.5,
      0.699999988079071
    ],
    "max_targets_per_sample": 3
  },
  "method": "linear_feature_contribution",
  "methods": [
    "linear_feature_contribution",
    "modality_shapley"
  ],
  "modality_shapley": {
    "method": "two_modality_shapley",
    "probability": {
      "values": {
        "blank": 0.20387685431499625,
        "text_only": 0.5175837555388384,
        "image_only": 0.29850776714402955,
        "both": 0.6406503329873272
      },
      "shapley": {
        "text": 0.3279247335335699,
        "image": 0.10884874513876105,
        "interaction": 0.028435664619455514,
        "blank_to_both_delta": 0.43677347867233096,
        "abs_total": 0.43677347867233096,
        "text_utilization": 0.7507890234781865,
        "image_utilization": 0.24921097652181345
      }
    },
    "logit": {
      "values": {
        "blank": -1.3622377232607858,
        "text_only": 0.07036403939351188,
        "image_only": -0.8544138742101651,
        "both": 0.5781878884441349
      },
      "shapley": {
        "text": 1.4326017626542988,
        "image": 0.507823849050622,
        "interaction": 2.220446049250313e-15,
        "blank_to_both_delta": 1.9404256117049208,
        "abs_total": 1.9404256117049208,
        "text_utilization": 0.7382925446936193,
        "image_utilization": 0.2617074553063807
      }
    }
  },
  "intercept": -1.3622377232607858,
  "text_logit_contribution": 1.4326017626542977,
  "image_logit_contribution": 0.5078238490506247,
  "label_dependency_logit_contribution": 0.0,
  "top_text_features": [
    {
      "feature": "protect",
      "tfidf": 0.09663708508014679,
      "contribution": 0.3034464159243683
    },
    {
      "feature": "ring",
      "tfidf": 0.11467953771352768,
      "contribution": 0.18938288753118032
    },
    {
      "feature": "the",
      "tfidf": 0.12296158075332642,
      "contribution": 0.18718978640851247
    },
    {
      "feature": "fighters",
      "tfidf": 0.13246701657772064,
      "contribution": 0.12637138585422605
    },
    {
      "feature": "frankie",
      "tfidf": 0.4090648889541626,
      "contribution": 0.12272141481531129
    },
    {
      "feature": "been",
      "tfidf": 0.12404303252696991,
      "contribution": 0.11735605969062972
    },
    {
      "feature": "always",
      "tfidf": 0.08792871981859207,
      "contribution": -0.11088573361511701
    },
    {
      "feature": "who",
      "tfidf": 0.07044411450624466,
      "contribution": 0.1103168273689299
    },
    {
      "feature": "to",
      "tfidf": 0.0661182552576065,
      "contribution": 0.10521167466237356
    },
    {
      "feature": "get",
      "tfidf": 0.057796042412519455,
      "contribution": 0.0929758112632546
    },
    {
      "feature": "rules",
      "tfidf": 0.11015892773866653,
      "contribution": 0.08592064896222477
    },
    {
      "feature": "that",
      "tfidf": 0.10221890360116959,
      "contribution": 0.08570913240044147
    }
  ],
  "top_image_features": [
    {
      "feature": "top_left_G_hist_bin_0",
      "value": 2.956916093826294,
      "contribution": 0.9137484231666866
    },
    {
      "feature": "thumbnail_y19_x30",
      "value": -1.3774539232254028,
      "contribution": 0.882913599834826
    },
    {
      "feature": "thumbnail_y0_x18",
      "value": -1.6534059047698975,
      "contribution": -0.7756831441477123
    },
    {
      "feature": "thumbnail_y0_x5",
      "value": -1.4666996002197266,
      "contribution": -0.7524455797827565
    },
    {
      "feature": "thumbnail_y14_x13",
      "value": -1.7358119487762451,
      "contribution": 0.7004784505617384
    },
    {
      "feature": "thumbnail_y19_x1",
      "value": -1.3522331714630127,
      "contribution": -0.6925779024850321
    },
    {
      "feature": "thumbnail_y4_x19",
      "value": -1.8815028667449951,
      "contribution": -0.6865550256964212
    },
    {
      "feature": "thumbnail_y17_x1",
      "value": -1.3507976531982422,
      "contribution": -0.6780397593573124
    },
    {
      "feature": "thumbnail_y0_x6",
      "value": -1.4620400667190552,
      "contribution": 0.6624920777572627
    },
    {
      "feature": "thumbnail_y19_x22",
      "value": -1.3180925846099854,
      "contribution": 0.6576101056066828
    },
    {
      "feature": "thumbnail_y17_x7",
      "value": -1.5463334321975708,
      "contribution": 0.6480985863445886
    },
    {
      "feature": "thumbnail_y19_x31",
      "value": -1.3581541776657104,
      "contribution": -0.6471875152002825
    }
  ],
  "label_dependency_contributions": [],
  "performance": {
    "measurements": [
      {
        "name": "classic_modality_shapley_idx_18437_Action",
        "wall_time_s": 0.025632596000036756,
        "process_cpu_time_s": 0.025950909999998828,
        "process_cpu_util_percent": 101.24183285985397,
        "rss_start_mb": 971.359375,
        "rss_end_mb": 971.37890625,
        "rss_delta_mb": 0.01953125,
        "rss_peak_mb": 971.37890625,
        "cuda_start": {
          "cuda_available": true,
          "cuda_device": "NVIDIA A100-SXM4-40GB",
          "cuda_allocated_mb": 0.0,
          "cuda_reserved_mb": 0.0,
          "cuda_peak_allocated_mb": 0.0,
          "cuda_peak_reserved_mb": 0.0
        },
        "cuda_end": {
          "cuda_available": true,
          "cuda_device": "NVIDIA A100-SXM4-40GB",
          "cuda_allocated_mb": 0.0,
          "cuda_reserved_mb": 0.0,
          "cuda_peak_allocated_mb": 0.0,
          "cuda_peak_reserved_mb": 0.0
        }
      },
      {
        "name": "classic_modality_shapley_visualization_idx_18437_Action",
        "wall_time_s": 0.14022556100007932,
        "process_cpu_time_s": 0.13572268500000106,
        "process_cpu_util_percent": 96.78883367057757,
        "rss_start_mb": 971.41796875,
        "rss_end_mb": 971.70703125,
        "rss_delta_mb": 0.2890625,
        "rss_peak_mb": 971.703125,
        "cuda_start": {
          "cuda_available": true,
          "cuda_device": "NVIDIA A100-SXM4-40GB",
          "cuda_allocated_mb": 0.0,
          "cuda_reserved_mb": 0.0,
          "cuda_peak_allocated_mb": 0.0,
          "cuda_peak_reserved_mb": 0.0
        },
        "cuda_end": {
          "cuda_available": true,
          "cuda_device": "NVIDIA A100-SXM4-40GB",
          "cuda_allocated_mb": 0.0,
          "cuda_reserved_mb": 0.0,
          "cuda_peak_allocated_mb": 0.0,
          "cuda_peak_reserved_mb": 0.0
        }
      },
      {
        "name": "classic_linear_contribution_idx_18437_Action",