{
  "index": 2243,
  "target_genre": "Documentary",
  "target_genres": [
    "Documentary"
  ],
  "true_genres": [
    "Documentary",
    "Music"
  ],
  "predicted_genres": [
    "Documentary",
    "History"
  ],
  "probability": 0.815625301864566,
  "top_probabilities": {
    "Documentary": 0.8156253099441528,
    "Music": 0.6159152388572693,
    "History": 0.614318311214447,
    "Biography": 0.6018572449684143,
    "Horror": 0.37527942657470703
  },
  "target_selection": {
    "policy": "predicted",
    "target_indices": [
      8,
      15
    ],
    "target_genres": [
      "Documentary",
      "History"
    ],
    "all_selected_indices": [
      8,
      15
    ],
    "all_selected_genres": [
      "Documentary",
      "History"
    ],
    "predicted_indices": [
      8,
      15
    ],
    "predicted_genres": [
      "Documentary",
      "History"
    ],
    "threshold": [
      0.30000001192092896,
      0.44999998807907104,
      0.5,
      0.5,
      0.6000000238418579,
      0.550000011920929,
      0.6000000238418579,
      0.6000000238418579,
      0.6000000238418579,
      0.5,
      0.699999988079071,
      0.75,
      0.6000000238418579,
      0.699999988079071,
      0.6499999761581421,
      0.6000000238418579,
      0.6499999761581421,
      0.550000011920929,
      0.699999988079071,
      0.6000000238418579,
      0.6499999761581421,
      0.5,
      0.699999988079071
    ],
    "max_targets_per_sample": 3
  },
  "method": "linear_feature_contribution",
  "methods": [
    "linear_feature_contribution",
    "modality_shapley"
  ],
  "modality_shapley": {
    "method": "two_modality_shapley",
    "probability": {
      "values": {
        "blank": 0.32538772964093327,
        "text_only": 0.6000215952290607,
        "image_only": 0.587177455171577,
        "both": 0.815625301864566
      },
      "shapley": {
        "text": 0.2515408561405582,
        "image": 0.23869671608307455,
        "interaction": -0.04618601889513846,
        "blank_to_both_delta": 0.4902375722236328,
        "abs_total": 0.49023757222363273,
        "text_utilization": 0.5130999139858099,
        "image_utilization": 0.48690008601419016
      }
    },
    "logit": {
      "values": {
        "blank": -0.7291206260170886,
        "text_only": 0.405555089038961,
        "image_only": 0.3523092556958918,
        "both": 1.486984970751941
      },
      "shapley": {
        "text": 1.1346757150560494,
        "image": 1.0814298817129802,
        "interaction": -4.440892098500626e-16,
        "blank_to_both_delta": 2.2161055967690295,
        "abs_total": 2.2161055967690295,
        "text_utilization": 0.5120133791053773,
        "image_utilization": 0.48798662089462275
      }
    }
  },
  "intercept": -0.7291206260170886,
  "text_logit_contribution": 1.1346757150560491,
  "image_logit_contribution": 1.081429881712982,
  "label_dependency_logit_contribution": 0.0,
  "top_text_features": [
    {
      "feature": "N",
      "tfidf": 0.12230580300092697,
      "contribution": 0.5753895341326564
    },
    {
      "feature": "a",
      "tfidf": 0.08764367550611496,
      "contribution": -0.4668790634026
    },
    {
      "feature": "of",
      "tfidf": 0.094825878739357,
      "contribution": 0.4421995831297002
    },
    {
      "feature": "concert",
      "tfidf": 0.3263183832168579,
      "contribution": 0.396489728468322
    },
    {
      "feature": "you",
      "tfidf": 0.1284845769405365,
      "contribution": 0.2688536057413449
    },
    {
      "feature": "and",
      "tfidf": 0.060955893248319626,
      "contribution": 0.2070681987427293
    },
    {
      "feature": "stones",
      "tfidf": 0.2076786905527115,
      "contribution": 0.19458341828569967
    },
    {
      "feature": "boy",
      "tfidf": 0.1091255471110344,
      "contribution": -0.17394489017293746
    },
    {
      "feature": "was",
      "tfidf": 0.08016796410083771,
      "contribution": 0.17189737996993223
    },
    {
      "feature": "to",
      "tfidf": 0.03096657060086727,
      "contribution": -0.14083225840458768
    },
    {
      "feature": "this",
      "tfidf": 0.07021431624889374,
      "contribution": 0.13718383948330065
    },
    {
      "feature": "but",
      "tfidf": 0.0526525154709816,
      "contribution": -0.13269703361048568
    }
  ],
  "top_image_features": [
    {
      "feature": "bottom_right_G_hist_bin_0",
      "value": 3.192964553833008,
      "contribution": -1.1748254118452708
    },
    {
      "feature": "thumbnail_y19_x26",
      "value": -1.3039971590042114,
      "contribution": -1.1297524227287352
    },
    {
      "feature": "bottom_left_G_hist_bin_0",
      "value": 2.949683904647827,
      "contribution": 1.1029468217650296
    },
    {
      "feature": "thumbnail_y18_x25",
      "value": -1.334675908088684,
      "contribution": -1.0443665606713817
    },
    {
      "feature": "thumbnail_y19_x13",
      "value": -1.216344952583313,
      "contribution": 0.9349291285177198
    },
    {
      "feature": "thumbnail_y19_x1",
      "value": -1.3157567977905273,
      "contribution": -0.8544140466827685
    },
    {
      "feature": "thumbnail_y0_x14",
      "value": -1.362601637840271,
      "contribution": 0.8103894846794879
    },
    {
      "feature": "thumbnail_y19_x25",
      "value": -1.3084440231323242,
      "contribution": 0.8059938008709908
    },
    {
      "feature": "thumbnail_y6_x25",
      "value": -1.762736201286316,
      "contribution": 0.7948334769748464
    },
    {
      "feature": "thumbnail_y7_x3",
      "value": -1.6312271356582642,
      "contribution": 0.7583406997174631
    },
    {
      "feature": "thumbnail_y19_x7",
      "value": -1.3165621757507324,
      "contribution": -0.7494697320745074
    },
    {
      "feature": "thumbnail_y19_x2",
      "value": -1.3121769428253174,
      "contribution": 0.7462197955898874
    }
  ],
  "label_dependency_contributions": [],
  "performance": {
    "measurements": [
      {
        "name": "classic_modality_shapley_idx_2243_Documentary",
        "wall_time_s": 0.025135394000017186,
        "process_cpu_time_s": 0.02530976699999954,
        "process_cpu_util_percent": 100.69373489821658,
        "rss_start_mb": 1033.9296875,
        "rss_end_mb": 1033.9296875,
        "rss_delta_mb": 0.0,
        "rss_peak_mb": 1033.93359375,
        "cuda_start": {
          "cuda_available": true,
          "cuda_device": "NVIDIA A100-SXM4-40GB",
          "cuda_allocated_mb": 0.0,
          "cuda_reserved_mb": 0.0,
          "cuda_peak_allocated_mb": 0.0,
          "cuda_peak_reserved_mb": 0.0
        },
        "cuda_end": {
          "cuda_available": true,
          "cuda_device": "NVIDIA A100-SXM4-40GB",
          "cuda_allocated_mb": 0.0,
          "cuda_reserved_mb": 0.0,
          "cuda_peak_allocated_mb": 0.0,
          "cuda_peak_reserved_mb": 0.0
        }
      },
      {
        "name": "classic_modality_shapley_visualization_idx_2243_Documentary",
        "wall_time_s": 0.13291552700002285,
        "process_cpu_time_s": 0.12675629700000002,
        "process_cpu_util_percent": 95.36605681891344,
        "rss_start_mb": 1033.9296875,
        "rss_end_mb": 1034.8828125,
        "rss_delta_mb": 0.953125,
        "rss_peak_mb": 1034.88671875,
        "cuda_start": {
          "cuda_available": true,
          "cuda_device": "NVIDIA A100-SXM4-40GB",
          "cuda_allocated_mb": 0.0,
          "cuda_reserved_mb": 0.0,
          "cuda_peak_allocated_mb": 0.0,
          "cuda_peak_reserved_mb": 0.0
        },
        "cuda_end": {
          "cuda_available": true,
          "cuda_device": "NVIDIA A100-SXM4-40GB",
          "cuda_allocated_mb": 0.0,
          "cuda_reserved_mb": 0.0,
          "cuda_peak_allocated_mb": 0.0,
          "cuda_peak_reserved_mb": 0.0
        }
      },
      {
        "name": "classic_linear_contribution_idx_2243_Documentary",
        "wall_time_s": 0.0010687819999475323,
        "process_cpu_time_s": 0.0011409320000019818,