{
  "index": 35,
  "target_genre": "Film-Noir",
  "target_genres": [
    "Film-Noir"
  ],
  "true_genres": [
    "Drama",
    "Romance",
    "Thriller",
    "Crime",
    "Film-Noir"
  ],
  "predicted_genres": [
    "Thriller",
    "Film-Noir",
    "Crime",
    "Mystery",
    "Horror",
    "Romance",
    "Drama"
  ],
  "probability": 0.9008914726717497,
  "top_probabilities": {
    "Thriller": 0.920477032661438,
    "Film-Noir": 0.9008914828300476,
    "Crime": 0.806096613407135,
    "Mystery": 0.6753037571907043,
    "Horror": 0.6253834962844849
  },
  "target_selection": {
    "policy": "predicted",
    "target_indices": [
      3,
      22,
      4
    ],
    "target_genres": [
      "Thriller",
      "Film-Noir",
      "Crime"
    ],
    "all_selected_indices": [
      3,
      22,
      4,
      9,
      7,
      2,
      0
    ],
    "all_selected_genres": [
      "Thriller",
      "Film-Noir",
      "Crime",
      "Mystery",
      "Horror",
      "Romance",
      "Drama"
    ],
    "predicted_indices": [
      3,
      22,
      4,
      9,
      7,
      2,
      0
    ],
    "predicted_genres": [
      "Thriller",
      "Film-Noir",
      "Crime",
      "Mystery",
      "Horror",
      "Romance",
      "Drama"
    ],
    "threshold": [
      0.30000001192092896,
      0.44999998807907104,
      0.5,
      0.5,
      0.6000000238418579,
      0.550000011920929,
      0.6000000238418579,
      0.6000000238418579,
      0.6000000238418579,
      0.5,
      0.699999988079071,
      0.75,
      0.6000000238418579,
      0.699999988079071,
      0.6499999761581421,
      0.6000000238418579,
      0.6499999761581421,
      0.550000011920929,
      0.699999988079071,
      0.6000000238418579,
      0.6499999761581421,
      0.5,
      0.699999988079071
    ],
    "max_targets_per_sample": 3
  },
  "method": "linear_feature_contribution",
  "methods": [
    "linear_feature_contribution",
    "modality_shapley"
  ],
  "modality_shapley": {
    "method": "two_modality_shapley",
    "probability": {
      "values": {
        "blank": 0.0016041584260689514,
        "text_only": 0.11490343808285214,
        "image_only": 0.1011259091868446,
        "both": 0.9008914726717497
      },
      "shapley": {
        "text": 0.45653242157084417,
        "image": 0.44275489267483664,
        "interaction": 0.686466283828122,
        "blank_to_both_delta": 0.8992873142456808,
        "abs_total": 0.8992873142456808,
        "text_utilization": 0.5076602486645573,
        "image_utilization": 0.4923397513354428
      }
    },
    "logit": {
      "values": {
        "blank": -6.433550558579656,
        "text_only": -2.0416046417676785,
        "image_only": -2.184776603889148,
        "both": 2.207169312922815
      },
      "shapley": {
        "text": 4.39194591681197,
        "image": 4.248773954690501,
        "interaction": -1.4210854715202004e-14,
        "blank_to_both_delta": 8.640719871502471,
        "abs_total": 8.640719871502471,
        "text_utilization": 0.5082847242041522,
        "image_utilization": 0.4917152757958479
      }
    }
  },
  "intercept": -6.433550558579656,
  "text_logit_contribution": 4.391945916811978,
  "image_logit_contribution": 4.248773954690496,
  "label_dependency_logit_contribution": 0.0,
  "top_text_features": [
    {
      "feature": "police",
      "tfidf": 0.10435708612203598,
      "contribution": 0.6045583448688625
    },
    {
      "feature": "danny",
      "tfidf": 0.4967174828052521,
      "contribution": 0.5271002326969706
    },
    {
      "feature": "killer",
      "tfidf": 0.12618203461170197,
      "contribution": 0.27910623808971385
    },
    {
      "feature": "identity",
      "tfidf": 0.14081063866615295,
      "contribution": 0.2692523715298112
    },
    {
      "feature": "kills",
      "tfidf": 0.13646091520786285,
      "contribution": 0.2337826855669804
    },
    {
      "feature": "to",
      "tfidf": 0.09467604756355286,
      "contribution": 0.2118993881154721
    },
    {
      "feature": "grips",
      "tfidf": 0.22215625643730164,
      "contribution": 0.18081870788734053
    },
    {
      "feature": "hawkins",
      "tfidf": 0.21567144989967346,
      "contribution": 0.16691065449307388
    },
    {
      "feature": "state",
      "tfidf": 0.13385359942913055,
      "contribution": 0.16605363804672646
    },
    {
      "feature": "himself",
      "tfidf": 0.0943462923169136,
      "contribution": 0.1527257701214157
    },
    {
      "feature": "law",
      "tfidf": 0.1314057558774948,
      "contribution": 0.14934742563918427
    },
    {
      "feature": "salvation",
      "tfidf": 0.19457201659679413,
      "contribution": 0.14459207617528894
    }
  ],
  "top_image_features": [
    {
      "feature": "bottom_right_B_hist_bin_1",
      "value": 5.328551292419434,
      "contribution": 2.495626570783432
    },
    {
      "feature": "thumbnail_y5_x5",
      "value": -1.1720576286315918,
      "contribution": 2.0863483652191053
    },
    {
      "feature": "thumbnail_y14_x14",
      "value": -1.1749612092971802,
      "contribution": 1.974656126338939
    },
    {
      "feature": "thumbnail_y5_x11",
      "value": -1.4828615188598633,
      "contribution": -1.9677611295792645
    },
    {
      "feature": "thumbnail_y6_x22",
      "value": -1.3051247596740723,
      "contribution": 1.9423608804927144
    },
    {
      "feature": "thumbnail_y15_x18",
      "value": -1.28703773021698,
      "contribution": 1.9391406619708143
    },
    {
      "feature": "thumbnail_y0_x17",
      "value": -0.9602439403533936,
      "contribution": 1.7984817071659387
    },
    {
      "feature": "bottom_right_R_hist_bin_1",
      "value": 6.370929718017578,
      "contribution": -1.7797240511842778
    },
    {
      "feature": "thumbnail_y19_x17",
      "value": -1.0122720003128052,
      "contribution": -1.7327798032158384
    },
    {
      "feature": "thumbnail_y2_x1",
      "value": -1.1008286476135254,
      "contribution": 1.6702776604497918
    },
    {
      "feature": "top_right_B_hist_bin_1",
      "value": 3.8165876865386963,
      "contribution": -1.6472806120064794
    },
    {
      "feature": "thumbnail_y3_x22",
      "value": -1.4440808296203613,
      "contribution": -1.6460809812595698
    }
  ],
  "label_dependency_contributions": [],
  "performance": {
    "measurements": [
      {
        "name": "classic_modality_shapley_idx_35_Film-Noir",
        "wall_time_s": 0.029893700004322454,
        "process_cpu_time_s": 0.03125,
        "process_cpu_util_percent": 104.53707635883625,
        "rss_start_mb": 322.9453125,
        "rss_end_mb": 322.9609375,
        "rss_delta_mb": 0.015625,
        "rss_peak_mb": 322.96484375,
        "cuda_start": {
          "cuda_available": false,
          "cuda_error": "ModuleNotFoundError: No module named 'torch'"
        },
        "cuda_end": {
          "cuda_available": false,
          "cuda_error": "ModuleNotFoundError: No module named 'torch'"
        }
      },
      {
        "name": "classic_modality_shapley_visualization_idx_35_Film-Noir",
        "wall_time_s": 0.1046877000189852,
        "process_cpu_time_s": 0.109375,
        "process_cpu_util_percent": 104.47741232271295,
        "rss_start_mb": 322.9453125,
        "rss_end_mb": 324.8515625,
        "rss_delta_mb": 1.90625,
        "rss_peak_mb": 326.734375,
        "cuda_start": {
          "cuda_available": false,
          "cuda_error": "ModuleNotFoundError: No module named 'torch'"
        },
        "cuda_end": {
          "cuda_available": false,
          "cuda_error": "ModuleNotFoundError: No module named 'torch'"
        }
      },
      {
        "name": "classic_linear_contribution_idx_35_Film-Noir",
        "wall_time_s": 0.0018601999909151345,
        "process_cpu_time_s": 0.0,
        "process_cpu_util_percent": 0.0,
        "rss_start_mb": 324.8359375,
        "rss_end_mb": 324.8515625,
        "rss_delta_mb": 0.015625,
        "rss_peak_mb": 324.85546875,