{
  "index": 67,
  "target_genre": "Drama",
  "target_genres": [
    "Drama"
  ],
  "true_genres": [
    "Drama",
    "Romance",
    "Crime",
    "Mystery",
    "Film-Noir"
  ],
  "predicted_genres": [
    "Crime",
    "Thriller",
    "Drama",
    "Sport"
  ],
  "probability": 0.7090990652316611,
  "top_probabilities": {
    "Crime": 0.9409833550453186,
    "Thriller": 0.723738431930542,
    "Drama": 0.7090990543365479,
    "Sport": 0.6544321179389954,
    "Horror": 0.54151850938797
  },
  "target_selection": {
    "policy": "predicted",
    "target_indices": [
      4,
      3,
      0
    ],
    "target_genres": [
      "Crime",
      "Thriller",
      "Drama"
    ],
    "all_selected_indices": [
      4,
      3,
      0,
      20
    ],
    "all_selected_genres": [
      "Crime",
      "Thriller",
      "Drama",
      "Sport"
    ],
    "predicted_indices": [
      4,
      3,
      0,
      20
    ],
    "predicted_genres": [
      "Crime",
      "Thriller",
      "Drama",
      "Sport"
    ],
    "threshold": [
      0.30000001192092896,
      0.44999998807907104,
      0.5,
      0.5,
      0.6000000238418579,
      0.550000011920929,
      0.6000000238418579,
      0.6000000238418579,
      0.6000000238418579,
      0.5,
      0.699999988079071,
      0.75,
      0.6000000238418579,
      0.699999988079071,
      0.6499999761581421,
      0.6000000238418579,
      0.6499999761581421,
      0.550000011920929,
      0.699999988079071,
      0.6000000238418579,
      0.6499999761581421,
      0.5,
      0.699999988079071
    ],
    "max_targets_per_sample": 3
  },
  "method": "linear_feature_contribution",
  "methods": [
    "linear_feature_contribution",
    "modality_shapley"
  ],
  "modality_shapley": {
    "method": "two_modality_shapley",
    "probability": {
      "values": {
        "blank": 0.35764809053502844,
        "text_only": 0.520088108821519,
        "image_only": 0.5560212888681018,
        "both": 0.7090990652316611
      },
      "shapley": {
        "text": 0.15775889732502496,
        "image": 0.1936920773716077,
        "interaction": -0.009362241922931225,
        "blank_to_both_delta": 0.35145097469663267,
        "abs_total": 0.35145097469663267,
        "text_utilization": 0.44887881577565725,
        "image_utilization": 0.5511211842243428
      }
    },
    "logit": {
      "values": {
        "blank": -0.5855867834776273,
        "text_only": 0.08039571025561498,
        "image_only": 0.22502996946712583,
        "both": 0.891012463200365
      },
      "shapley": {
        "text": 0.6659824937332407,
        "image": 0.8106167529447516,
        "interaction": -3.1086244689504383e-15,
        "blank_to_both_delta": 1.4765992466779922,
        "abs_total": 1.4765992466779922,
        "text_utilization": 0.45102453846671514,
        "image_utilization": 0.5489754615332849
      }
    }
  },
  "intercept": -0.5855867834776273,
  "text_logit_contribution": 0.6659824937332423,
  "image_logit_contribution": 0.8106167529447523,
  "label_dependency_logit_contribution": 0.0,
  "top_text_features": [
    {
      "feature": "in",
      "tfidf": 0.0912361666560173,
      "contribution": 0.17993789862297652
    },
    {
      "feature": "so",
      "tfidf": 0.07655470073223114,
      "contribution": -0.15498411032895956
    },
    {
      "feature": "danny",
      "tfidf": 0.29460394382476807,
      "contribution": -0.1525882232803328
    },
    {
      "feature": "his",
      "tfidf": 0.07343780994415283,
      "contribution": 0.15029957252076112
    },
    {
      "feature": "sexy",
      "tfidf": 0.1462891399860382,
      "contribution": -0.14378931766346378
    },
    {
      "feature": "series",
      "tfidf": 0.11485142260789871,
      "contribution": -0.13238209495463762
    },
    {
      "feature": "singer",
      "tfidf": 0.12518878281116486,
      "contribution": 0.12699029074326912
    },
    {
      "feature": "elder",
      "tfidf": 0.16380846500396729,
      "contribution": 0.12458980498241294
    },
    {
      "feature": "money",
      "tfidf": 0.09141818434000015,
      "contribution": 0.12362314662673471
    },
    {
      "feature": "eventually",
      "tfidf": 0.10473787784576416,
      "contribution": 0.11259624140901395
    },
    {
      "feature": "revenge",
      "tfidf": 0.11631731688976288,
      "contribution": -0.10601800974718505
    },
    {
      "feature": "dark",
      "tfidf": 0.12104751914739609,
      "contribution": -0.0976036142755048
    }
  ],
  "top_image_features": [
    {
      "feature": "thumbnail_y15_x2",
      "value": 1.3321439027786255,
      "contribution": -0.5663319520264678
    },
    {
      "feature": "thumbnail_y18_x21",
      "value": -1.2747262716293335,
      "contribution": -0.5626700573381923
    },
    {
      "feature": "thumbnail_y0_x26",
      "value": -1.4354692697525024,
      "contribution": -0.45373660114015285
    },
    {
      "feature": "thumbnail_y5_x2",
      "value": -1.4115270376205444,
      "contribution": 0.44467770207506124
    },
    {
      "feature": "thumbnail_y0_x5",
      "value": -1.1396530866622925,
      "contribution": -0.4316006159186546
    },
    {
      "feature": "thumbnail_y19_x9",
      "value": -1.2049423456192017,
      "contribution": -0.42463573867720056
    },
    {
      "feature": "thumbnail_y19_x28",
      "value": -1.1371530294418335,
      "contribution": 0.4239891250015654
    },
    {
      "feature": "thumbnail_y19_x11",
      "value": -1.2072151899337769,
      "contribution": 0.41183022061261143
    },
    {
      "feature": "thumbnail_y9_x30",
      "value": -1.2336269617080688,
      "contribution": -0.40162968894056333
    },
    {
      "feature": "thumbnail_y8_x24",
      "value": -1.332405686378479,
      "contribution": -0.37768602990764055
    },
    {
      "feature": "thumbnail_y15_x1",
      "value": 1.0502917766571045,
      "contribution": 0.37317056316731206
    },
    {
      "feature": "thumbnail_y8_x25",
      "value": -1.276827335357666,
      "contribution": 0.36718548185392175
    }
  ],
  "label_dependency_contributions": [],
  "performance": {
    "measurements": [
      {
        "name": "classic_modality_shapley_idx_67_Drama",
        "wall_time_s": 0.03245692900054564,
        "process_cpu_time_s": 0.032459905999985494,
        "process_cpu_util_percent": 100.00917215377893,
        "rss_start_mb": 2052.7890625,
        "rss_end_mb": 2052.7890625,
        "rss_delta_mb": 0.0,
        "rss_peak_mb": 2052.79296875,
        "cuda_start": {
          "cuda_available": false
        },
        "cuda_end": {
          "cuda_available": false
        }
      },
      {
        "name": "classic_modality_shapley_visualization_idx_67_Drama",
        "wall_time_s": 0.14589746199999354,
        "process_cpu_time_s": 0.13234589399985452,
        "process_cpu_util_percent": 90.71158071266544,
        "rss_start_mb": 2052.7890625,
        "rss_end_mb": 2052.7890625,
        "rss_delta_mb": 0.0,
        "rss_peak_mb": 2052.79296875,
        "cuda_start": {
          "cuda_available": false
        },
        "cuda_end": {
          "cuda_available": false
        }
      },
      {
        "name": "classic_linear_contribution_idx_67_Drama",
        "wall_time_s": 0.0008694600001035724,
        "process_cpu_time_s": 0.0009371199998895463,
        "process_cpu_util_percent": 107.78184157729098,
        "rss_start_mb": 2052.7890625,
        "rss_end_mb": 2052.7890625,
        "rss_delta_mb": 0.0,
        "rss_peak_mb": 2052.79296875,
        "cuda_start": {
          "cuda_available": false
        },
        "cuda_end": {
          "cuda_available": false
        }
      },
      {
        "name": "classic_visualization_idx_67_Drama",
        "wall_time_s": 0.29592835499988723,
        "process_cpu_time_s": 0.26113544000008915,
        "process_cpu_util_percent": 88.24279106346151,
        "rss_start_mb": 2052.7890625,
        "rss_end_mb": 2052.7890625,
        "rss_delta_mb": 0.0,