{
  "index": 82,
  "target_genre": "Crime",
  "target_genres": [
    "Crime"
  ],
  "true_genres": [
    "Drama",
    "Thriller",
    "Crime",
    "Film-Noir"
  ],
  "predicted_genres": [
    "War",
    "Crime",
    "Thriller",
    "Drama"
  ],
  "probability": 0.8448095321655273,
  "top_probabilities": {
    "Western": 0.9473298788070679,
    "War": 0.9246991276741028,
    "Film-Noir": 0.9125609397888184,
    "Crime": 0.8448095321655273,
    "Thriller": 0.7681993842124939
  },
  "threshold": [
    0.36000001430511475,
    0.44999998807907104,
    0.5,
    0.5899999737739563,
    0.5400000214576721,
    0.7599999904632568,
    0.6899999976158142,
    0.8199999928474426,
    0.7200000286102295,
    0.6299999952316284,
    0.7799999713897705,
    0.7400000095367432,
    0.8100000023841858,
    0.6000000238418579,
    0.8899999856948853,
    0.7599999904632568,
    0.550000011920929,
    0.8999999761581421,
    0.7799999713897705,
    0.9700000286102295,
    0.7699999809265137,
    0.8899999856948853,
    0.9399999976158142
  ],
  "target_selection": {
    "policy": "predicted",
    "target_indices": [
      14,
      4,
      3
    ],
    "target_genres": [
      "War",
      "Crime",
      "Thriller"
    ],
    "all_selected_indices": [
      14,
      4,
      3,
      0
    ],
    "all_selected_genres": [
      "War",
      "Crime",
      "Thriller",
      "Drama"
    ],
    "predicted_indices": [
      14,
      4,
      3,
      0
    ],
    "predicted_genres": [
      "War",
      "Crime",
      "Thriller",
      "Drama"
    ],
    "threshold": [
      0.36000001430511475,
      0.44999998807907104,
      0.5,
      0.5899999737739563,
      0.5400000214576721,
      0.7599999904632568,
      0.6899999976158142,
      0.8199999928474426,
      0.7200000286102295,
      0.6299999952316284,
      0.7799999713897705,
      0.7400000095367432,
      0.8100000023841858,
      0.6000000238418579,
      0.8899999856948853,
      0.7599999904632568,
      0.550000011920929,
      0.8999999761581421,
      0.7799999713897705,
      0.9700000286102295,
      0.7699999809265137,
      0.8899999856948853,
      0.9399999976158142
    ],
    "max_targets_per_sample": 3
  },
  "methods": [
    "IntegratedGradients_image_pixels",
    "image_occlusion_sensitivity",
    "experimental_label_correlation_head"
  ],
  "top_tokens": [],
  "gate_mean": null,
  "gate_std": null,
  "config": {
    "model_name": "neural_efficientnet_b0_image_only_unfrozen_lr1e4",
    "modality": "image_only",
    "text_encoder": "bigru_attention",
    "image_encoder": "efficientnet_b0",
    "fusion": "gmu",
    "hidden_dim": 256,
    "text_cnn_channels": 128,
    "text_cnn_kernels": [
      3,
      4,
      5
    ],
    "text_rnn_hidden_dim": 128,
    "text_rnn_layers": 1,
    "text_rnn_dropout": 0.2,
    "text_attention_dim": 128,
    "text_transformer_layers": 2,
    "text_transformer_heads": 6,
    "text_transformer_ff_dim": 512,
    "text_transformer_dropout": 0.1,
    "pretrained_image": false,
    "freeze_image_backbone": false,
    "batch_size": 16,
    "epochs": 10,
    "learning_rate": 0.0001,
    "weight_decay": 0.01,
    "num_workers": 0,
    "patience": 3,
    "threshold_metric": "macro_f1",
    "threshold_strategy": "per_label",
    "threshold_min": 0.01,
    "threshold_max": 0.99,
    "threshold_steps": 99,
    "loss": "bce",
    "focal_gamma": 2.0,
    "pos_weight_clip": null,
    "scheduler": "plateau",
    "scheduler_factor": 0.5,
    "scheduler_patience": 1,
    "min_learning_rate": 1e-06,
    "enable_label_correlation": true,
    "max_length": 512,
    "input_size": 224,
    "freeze_embeddings": false
  },
  "performance": {
    "measurements": [
      {
        "name": "neural_image_integrated_gradients_idx_82_Crime",
        "wall_time_s": 0.830529001999821,
        "process_cpu_time_s": 0.8158794979999584,
        "process_cpu_util_percent": 98.23612372781825,
        "rss_start_mb": 3364.0234375,
        "rss_end_mb": 3380.1015625,
        "rss_delta_mb": 16.078125,
        "rss_peak_mb": 3481.05859375,
        "cuda_start": {
          "cuda_available": false
        },
        "cuda_end": {
          "cuda_available": false
        }
      },
      {
        "name": "neural_image_ig_visualization_idx_82_Crime",
        "wall_time_s": 0.030584058999011177,
        "process_cpu_time_s": 0.02174876899971423,
        "process_cpu_util_percent": 71.11145384730456,
        "rss_start_mb": 3380.1015625,
        "rss_end_mb": 3380.1015625,
        "rss_delta_mb": 0.0,
        "rss_peak_mb": 3380.10546875,
        "cuda_start": {
          "cuda_available": false
        },
        "cuda_end": {
          "cuda_available": false
        }
      },
      {
        "name": "neural_image_occlusion_idx_82_Crime",
        "wall_time_s": 0.7368853440002567,
        "process_cpu_time_s": 0.6989247389997217,
        "process_cpu_util_percent": 94.8485059026331,
        "rss_start_mb": 3380.1015625,
        "rss_end_mb": 3380.10546875,
        "rss_delta_mb": 0.00390625,
        "rss_peak_mb": 3453.609375,
        "cuda_start": {
          "cuda_available": false
        },
        "cuda_end": {
          "cuda_available": false
        }
      },
      {
        "name": "neural_image_occlusion_visualization_idx_82_Crime",
        "wall_time_s": 0.0326707099993655,
        "process_cpu_time_s": 0.024207885000123497,
        "process_cpu_util_percent": 74.0965990656268,
        "rss_start_mb": 3380.10546875,
        "rss_end_mb": 3380.10546875,
        "rss_delta_mb": 0.0,
        "rss_peak_mb": 3380.109375,
        "cuda_start": {
          "cuda_available": false
        },
        "cuda_end": {
          "cuda_available": false
        }
      }
    ],
    "summary": {
      "count": 4,
      "total_wall_time_s": 1.6306691149984545,
      "mean_wall_time_s": 0.4076672787496136,
      "total_process_cpu_time_s": 1.5607608909995179,
      "mean_process_cpu_util_percent": 84.57317063584568,
      "max_rss_peak_mb": 3481.05859375
    }
  },
  "image_occlusion": {
    "baseline_probability": 0.8448095321655273,
    "baseline_logit": 1.694457769393921,
    "grid_size": 4,
    "top_patches": [
      {
        "row": 2,
        "col": 1,
        "y0": 112,
        "y1": 168,
        "x0": 56,
        "x1": 112,
        "occluded_probability": 0.7205021977424622,
        "probability_delta": 0.12430733442306519,
        "occluded_logit": 0.9469537734985352,
        "logit_delta": 0.7475039958953857
      },
      {
        "row": 1,
        "col": 0,
        "y0": 56,
        "y1": 112,
        "x0": 0,
        "x1": 56,
        "occluded_probability": 0.7232605218887329,
        "probability_delta": 0.12154901027679443,
        "occluded_logit": 0.9606930017471313,
        "logit_delta": 0.7337647676467896
      },
      {
        "row": 2,
        "col": 2,
        "y0": 112,
        "y1": 168,
        "x0": 112,
        "x1": 168,
        "occluded_probability": 0.7771701812744141,
        "probability_delta": 0.06763935089111328,
        "occluded_logit": 1.2492510080337524,
        "logit_delta": 0.44520676136016846
      },
      {
        "row": 1,
        "col": 1,
        "y0": 56,
        "y1": 112,
        "x0": 56,
        "x1": 112,
        "occluded_probability": 0.798933744430542,
        "probability_delta": 0.04587578773498535,
        "occluded_logit": 1.3796435594558716,
        "logit_delta": 0.3148142099380493
      },
      {
        "row": 3,
        "col": 1,
        "y0": 168,
        "y1": 224,
        "x0": 56,
        "x1": 112,
        "occluded_probability": 0.8061184287071228,
        "probability_delta": 0.03869110345840454,
        "occluded_logit": 1.4249833822250366,
        "logit_delta": 0.2694743871688843
      },
      {
        "row": 3,
        "col": 0,
        "y0": 168,
        "y1": 224,
        "x0": 0,
        "x1": 56,
        "occluded_probability": 0.8198735117912292,
        "probability_delta": 0.024936020374298096,