{
  "index": 40,
  "target_genre": "Drama",
  "target_genres": [
    "Drama"
  ],
  "true_genres": [
    "Drama",
    "Thriller",
    "Crime",
    "Film-Noir"
  ],
  "predicted_genres": [
    "Thriller",
    "Mystery",
    "Drama"
  ],
  "probability": 0.5867097853547323,
  "top_probabilities": {
    "Thriller": 0.7116515636444092,
    "Mystery": 0.6059768795967102,
    "Drama": 0.5867097973823547,
    "Musical": 0.5460688471794128,
    "War": 0.5145760178565979
  },
  "target_selection": {
    "policy": "predicted",
    "target_indices": [
      3,
      9,
      0
    ],
    "target_genres": [
      "Thriller",
      "Mystery",
      "Drama"
    ],
    "all_selected_indices": [
      3,
      9,
      0
    ],
    "all_selected_genres": [
      "Thriller",
      "Mystery",
      "Drama"
    ],
    "predicted_indices": [
      3,
      9,
      0
    ],
    "predicted_genres": [
      "Thriller",
      "Mystery",
      "Drama"
    ],
    "threshold": [
      0.30000001192092896,
      0.44999998807907104,
      0.5,
      0.5,
      0.6000000238418579,
      0.550000011920929,
      0.6000000238418579,
      0.6000000238418579,
      0.6000000238418579,
      0.5,
      0.699999988079071,
      0.75,
      0.6000000238418579,
      0.699999988079071,
      0.6499999761581421,
      0.6000000238418579,
      0.6499999761581421,
      0.550000011920929,
      0.699999988079071,
      0.6000000238418579,
      0.6499999761581421,
      0.5,
      0.699999988079071
    ],
    "max_targets_per_sample": 3
  },
  "method": "linear_feature_contribution",
  "methods": [
    "linear_feature_contribution",
    "modality_shapley"
  ],
  "modality_shapley": {
    "method": "two_modality_shapley",
    "probability": {
      "values": {
        "blank": 0.35764809053502844,
        "text_only": 0.404998342870402,
        "image_only": 0.5372992490171953,
        "both": 0.5867097853547323
      },
      "shapley": {
        "text": 0.048380394336455274,
        "image": 0.18068130048324857,
        "interaction": 0.0020602840021634594,
        "blank_to_both_delta": 0.22906169481970384,
        "abs_total": 0.22906169481970384,
        "text_utilization": 0.2112111951958438,
        "image_utilization": 0.7887888048041561
      }
    },
    "logit": {
      "values": {
        "blank": -0.5855867834776273,
        "text_only": -0.38468121521336424,
        "image_only": 0.14947468108003048,
        "both": 0.3503802493442927
      },
      "shapley": {
        "text": 0.20090556826426262,
        "image": 0.7350614645576574,
        "interaction": -7.771561172376096e-16,
        "blank_to_both_delta": 0.93596703282192,
        "abs_total": 0.9359670328219201,
        "text_utilization": 0.21465026140775145,
        "image_utilization": 0.7853497385922485
      }
    }
  },
  "intercept": -0.5855867834776273,
  "text_logit_contribution": 0.2009055682642627,
  "image_logit_contribution": 0.7350614645576564,
  "label_dependency_logit_contribution": 0.0,
  "top_text_features": [
    {
      "feature": "they",
      "tfidf": 0.218783438205719,
      "contribution": -0.22810162483181326
    },
    {
      "feature": "the",
      "tfidf": 0.16365055739879608,
      "contribution": -0.18629182808698974
    },
    {
      "feature": "she",
      "tfidf": 0.12041012942790985,
      "contribution": 0.18360239757883093
    },
    {
      "feature": "in",
      "tfidf": 0.08472731709480286,
      "contribution": 0.1671010077777739
    },
    {
      "feature": "get",
      "tfidf": 0.10256162285804749,
      "contribution": -0.1645229715014994
    },
    {
      "feature": "help",
      "tfidf": 0.1140005886554718,
      "contribution": -0.1500157455925782
    },
    {
      "feature": "foot",
      "tfidf": 0.11007346957921982,
      "contribution": -0.12837968746202563
    },
    {
      "feature": "young",
      "tfidf": 0.047960199415683746,
      "contribution": 0.1204368683254337
    },
    {
      "feature": "son",
      "tfidf": 0.05945553630590439,
      "contribution": 0.11913763356029292
    },
    {
      "feature": "events",
      "tfidf": 0.0794680044054985,
      "contribution": 0.11397535986678708
    },
    {
      "feature": "special",
      "tfidf": 0.08526897430419922,
      "contribution": -0.1129976308505979
    },
    {
      "feature": "family",
      "tfidf": 0.05160771682858467,
      "contribution": 0.11044115690942756
    }
  ],
  "top_image_features": [
    {
      "feature": "thumbnail_y5_x2",
      "value": -1.2890466451644897,
      "contribution": 0.40609232750198737
    },
    {
      "feature": "thumbnail_y0_x30",
      "value": 1.590397596359253,
      "contribution": 0.3946056856466659
    },
    {
      "feature": "thumbnail_y8_x24",
      "value": -1.256338357925415,
      "contribution": -0.35612385287490356
    },
    {
      "feature": "thumbnail_y5_x1",
      "value": -1.3179060220718384,
      "contribution": -0.33436374976668604
    },
    {
      "feature": "thumbnail_y19_x30",
      "value": 1.6494969129562378,
      "contribution": -0.32192065645555806
    },
    {
      "feature": "thumbnail_y6_x2",
      "value": -1.189541220664978,
      "contribution": -0.3158492617139356
    },
    {
      "feature": "thumbnail_y5_x19",
      "value": -1.3899731636047363,
      "contribution": -0.31543609864070055
    },
    {
      "feature": "thumbnail_y2_x27",
      "value": 1.5578556060791016,
      "contribution": 0.3143628277629084
    },
    {
      "feature": "thumbnail_y4_x1",
      "value": -1.4040886163711548,
      "contribution": 0.29674494502845716
    },
    {
      "feature": "thumbnail_y13_x27",
      "value": 1.8921633958816528,
      "contribution": 0.2948895227597387
    },
    {
      "feature": "thumbnail_y2_x31",
      "value": 1.6522263288497925,
      "contribution": 0.28570872131358666
    },
    {
      "feature": "thumbnail_y8_x25",
      "value": -0.9757395386695862,
      "contribution": 0.2805997199064933
    }
  ],
  "label_dependency_contributions": [],
  "performance": {
    "measurements": [
      {
        "name": "classic_modality_shapley_idx_40_Drama",
        "wall_time_s": 0.02822632799961866,
        "process_cpu_time_s": 0.02743555600000036,
        "process_cpu_util_percent": 97.19845953880724,
        "rss_start_mb": 2212.9375,
        "rss_end_mb": 2212.9375,
        "rss_delta_mb": 0.0,
        "rss_peak_mb": 2212.94140625,
        "cuda_start": {
          "cuda_available": false
        },
        "cuda_end": {
          "cuda_available": false
        }
      },
      {
        "name": "classic_modality_shapley_visualization_idx_40_Drama",
        "wall_time_s": 2.592226617999586,
        "process_cpu_time_s": 2.59012855900005,
        "process_cpu_util_percent": 99.91906344202441,
        "rss_start_mb": 2212.9375,
        "rss_end_mb": 2052.765625,
        "rss_delta_mb": -160.171875,
        "rss_peak_mb": 2212.94921875,
        "cuda_start": {
          "cuda_available": false
        },
        "cuda_end": {
          "cuda_available": false
        }
      },
      {
        "name": "classic_linear_contribution_idx_40_Drama",
        "wall_time_s": 0.0012920689996462897,
        "process_cpu_time_s": 0.000821621000113737,
        "process_cpu_util_percent": 63.589560645651254,
        "rss_start_mb": 2052.765625,
        "rss_end_mb": 2052.765625,
        "rss_delta_mb": 0.0,
        "rss_peak_mb": 2052.76953125,
        "cuda_start": {
          "cuda_available": false
        },
        "cuda_end": {
          "cuda_available": false
        }
      },
      {
        "name": "classic_visualization_idx_40_Drama",
        "wall_time_s": 0.2964588750000985,
        "process_cpu_time_s": 0.261615109000104,
        "process_cpu_util_percent": 88.24667805948366,
        "rss_start_mb": 2052.765625,
        "rss_end_mb": 2052.765625,
        "rss_delta_mb": 0.0,
        "rss_peak_mb": 2052.76953125,
        "cuda_start": {
          "cuda_available": false
        },