{
  "index": 17058,
  "target_genre": "Adventure",
  "target_genres": [
    "Adventure"
  ],
  "true_genres": [
    "Comedy",
    "Action"
  ],
  "predicted_genres": [
    "Adventure",
    "Comedy",
    "Drama"
  ],
  "probability": 0.7487338901619273,
  "top_probabilities": {
    "Adventure": 0.7487338781356812,
    "Comedy": 0.6776840686798096,
    "Sport": 0.5679468512535095,
    "Music": 0.535399317741394,
    "Western": 0.5213781595230103
  },
  "target_selection": {
    "policy": "predicted",
    "target_indices": [
      6,
      1,
      0
    ],
    "target_genres": [
      "Adventure",
      "Comedy",
      "Drama"
    ],
    "all_selected_indices": [
      6,
      1,
      0
    ],
    "all_selected_genres": [
      "Adventure",
      "Comedy",
      "Drama"
    ],
    "predicted_indices": [
      6,
      1,
      0
    ],
    "predicted_genres": [
      "Adventure",
      "Comedy",
      "Drama"
    ],
    "threshold": [
      0.30000001192092896,
      0.44999998807907104,
      0.5,
      0.5,
      0.6000000238418579,
      0.550000011920929,
      0.6000000238418579,
      0.6000000238418579,
      0.6000000238418579,
      0.5,
      0.699999988079071,
      0.75,
      0.6000000238418579,
      0.699999988079071,
      0.6499999761581421,
      0.6000000238418579,
      0.6499999761581421,
      0.550000011920929,
      0.699999988079071,
      0.6000000238418579,
      0.6499999761581421,
      0.5,
      0.699999988079071
    ],
    "max_targets_per_sample": 3
  },
  "method": "linear_feature_contribution",
  "methods": [
    "linear_feature_contribution",
    "modality_shapley"
  ],
  "modality_shapley": {
    "method": "two_modality_shapley",
    "probability": {
      "values": {
        "blank": 0.12266965005694126,
        "text_only": 0.30786740534933466,
        "image_only": 0.4836535237037628,
        "both": 0.7487338901619273
      },
      "shapley": {
        "text": 0.22513906087527893,
        "image": 0.40092517922970705,
        "interaction": 0.07988261116577107,
        "blank_to_both_delta": 0.626064240104986,
        "abs_total": 0.626064240104986,
        "text_utilization": 0.3596101589152016,
        "image_utilization": 0.6403898410847985
      }
    },
    "logit": {
      "values": {
        "blank": -1.96738863292905,
        "text_only": -0.8101083598611423,
        "image_only": -0.06540921558948298,
        "both": 1.0918710574784278
      },
      "shapley": {
        "text": 1.1572802730679093,
        "image": 1.9019794173395685,
        "interaction": 3.1086244689504383e-15,
        "blank_to_both_delta": 3.059259690407478,
        "abs_total": 3.059259690407478,
        "text_utilization": 0.3782876872782792,
        "image_utilization": 0.6217123127217208
      }
    }
  },
  "intercept": -1.96738863292905,
  "text_logit_contribution": 1.157280273067908,
  "image_logit_contribution": 1.9019794173395705,
  "label_dependency_logit_contribution": 0.0,
  "top_text_features": [
    {
      "feature": "bandit",
      "tfidf": 0.4424229562282562,
      "contribution": 0.4101577802712199
    },
    {
      "feature": "across",
      "tfidf": 0.14739832282066345,
      "contribution": 0.2661774119083471
    },
    {
      "feature": "elephant",
      "tfidf": 0.23979252576828003,
      "contribution": 0.22863639735257418
    },
    {
      "feature": "living",
      "tfidf": 0.12198612093925476,
      "contribution": -0.1763316253141468
    },
    {
      "feature": "the",
      "tfidf": 0.06649437546730042,
      "contribution": 0.1689952288946782
    },
    {
      "feature": "now",
      "tfidf": 0.10274364054203033,
      "contribution": 0.15180295812875957
    },
    {
      "feature": "and",
      "tfidf": 0.07038164883852005,
      "contribution": 0.1291232223761607
    },
    {
      "feature": "N",
      "tfidf": 0.14121823012828827,
      "contribution": -0.12238496748298139
    },
    {
      "feature": "big",
      "tfidf": 0.13398770987987518,
      "contribution": 0.11006161930626132
    },
    {
      "feature": "transport",
      "tfidf": 0.21755072474479675,
      "contribution": 0.10675120731246923
    },
    {
      "feature": "days",
      "tfidf": 0.1321200430393219,
      "contribution": -0.10386494881830255
    },
    {
      "feature": "to",
      "tfidf": 0.03575500473380089,
      "contribution": 0.09299792297659047
    }
  ],
  "top_image_features": [
    {
      "feature": "thumbnail_y19_x17",
      "value": -1.3300111293792725,
      "contribution": 0.7851960431484443
    },
    {
      "feature": "thumbnail_y19_x4",
      "value": -1.1962872743606567,
      "contribution": 0.7453262222565362
    },
    {
      "feature": "thumbnail_y19_x25",
      "value": -1.2718144655227661,
      "contribution": -0.6681748820029799
    },
    {
      "feature": "thumbnail_y19_x9",
      "value": -1.2296369075775146,
      "contribution": -0.6504902053566051
    },
    {
      "feature": "thumbnail_y6_x29",
      "value": 1.6495530605316162,
      "contribution": -0.6354377012524056
    },
    {
      "feature": "thumbnail_y19_x26",
      "value": -1.2674715518951416,
      "contribution": 0.6348083360215518
    },
    {
      "feature": "thumbnail_y19_x10",
      "value": -1.1001132726669312,
      "contribution": 0.6313994722132248
    },
    {
      "feature": "thumbnail_y19_x3",
      "value": -1.1858630180358887,
      "contribution": -0.6164985357789206
    },
    {
      "feature": "thumbnail_y19_x18",
      "value": -1.379427194595337,
      "contribution": -0.611391879835101
    },
    {
      "feature": "thumbnail_y12_x5",
      "value": -1.6131951808929443,
      "contribution": -0.5829615862315811
    },
    {
      "feature": "thumbnail_y19_x16",
      "value": -1.1089304685592651,
      "contribution": -0.5604605947742678
    },
    {
      "feature": "thumbnail_y6_x30",
      "value": 1.5034704208374023,
      "contribution": 0.5546645043627951
    }
  ],
  "label_dependency_contributions": [],
  "performance": {
    "measurements": [
      {
        "name": "classic_modality_shapley_idx_17058_Adventure",
        "wall_time_s": 0.025469844999975066,
        "process_cpu_time_s": 0.025828412000002743,
        "process_cpu_util_percent": 101.40780990236897,
        "rss_start_mb": 1051.51953125,
        "rss_end_mb": 1051.5234375,
        "rss_delta_mb": 0.00390625,
        "rss_peak_mb": 1051.5234375,
        "cuda_start": {
          "cuda_available": true,
          "cuda_device": "NVIDIA A100-SXM4-40GB",
          "cuda_allocated_mb": 0.0,
          "cuda_reserved_mb": 0.0,
          "cuda_peak_allocated_mb": 0.0,
          "cuda_peak_reserved_mb": 0.0
        },
        "cuda_end": {
          "cuda_available": true,
          "cuda_device": "NVIDIA A100-SXM4-40GB",
          "cuda_allocated_mb": 0.0,
          "cuda_reserved_mb": 0.0,
          "cuda_peak_allocated_mb": 0.0,
          "cuda_peak_reserved_mb": 0.0
        }
      },
      {
        "name": "classic_modality_shapley_visualization_idx_17058_Adventure",
        "wall_time_s": 0.1419647930000565,
        "process_cpu_time_s": 0.13712815899999953,
        "process_cpu_util_percent": 96.59307501680713,
        "rss_start_mb": 1051.5234375,
        "rss_end_mb": 1051.55859375,
        "rss_delta_mb": 0.03515625,
        "rss_peak_mb": 1051.5625,
        "cuda_start": {
          "cuda_available": true,
          "cuda_device": "NVIDIA A100-SXM4-40GB",
          "cuda_allocated_mb": 0.0,
          "cuda_reserved_mb": 0.0,
          "cuda_peak_allocated_mb": 0.0,
          "cuda_peak_reserved_mb": 0.0
        },
        "cuda_end": {
          "cuda_available": true,
          "cuda_device": "NVIDIA A100-SXM4-40GB",
          "cuda_allocated_mb": 0.0,
          "cuda_reserved_mb": 0.0,
          "cuda_peak_allocated_mb": 0.0,
          "cuda_peak_reserved_mb": 0.0
        }
      },
      {
        "name": "classic_linear_contribution_idx_17058_Adventure",
        "wall_time_s": 0.0011031460001049709,