{
  "index": 34,
  "target_genre": "Thriller",
  "target_genres": [
    "Thriller"
  ],
  "true_genres": [
    "Drama",
    "Thriller",
    "Crime",
    "Film-Noir"
  ],
  "predicted_genres": [
    "Crime",
    "Film-Noir",
    "Thriller",
    "Action",
    "Drama"
  ],
  "probability": 0.9321929092208509,
  "top_probabilities": {
    "Crime": 0.9893275499343872,
    "Film-Noir": 0.9377483129501343,
    "Thriller": 0.9321929216384888,
    "Action": 0.8019524216651917,
    "Drama": 0.5959860682487488
  },
  "target_selection": {
    "policy": "predicted",
    "target_indices": [
      4,
      22,
      3
    ],
    "target_genres": [
      "Crime",
      "Film-Noir",
      "Thriller"
    ],
    "all_selected_indices": [
      4,
      22,
      3,
      5,
      0
    ],
    "all_selected_genres": [
      "Crime",
      "Film-Noir",
      "Thriller",
      "Action",
      "Drama"
    ],
    "predicted_indices": [
      4,
      22,
      3,
      5,
      0
    ],
    "predicted_genres": [
      "Crime",
      "Film-Noir",
      "Thriller",
      "Action",
      "Drama"
    ],
    "threshold": [
      0.30000001192092896,
      0.44999998807907104,
      0.5,
      0.5,
      0.6000000238418579,
      0.550000011920929,
      0.6000000238418579,
      0.6000000238418579,
      0.6000000238418579,
      0.5,
      0.699999988079071,
      0.75,
      0.6000000238418579,
      0.699999988079071,
      0.6499999761581421,
      0.6000000238418579,
      0.6499999761581421,
      0.550000011920929,
      0.699999988079071,
      0.6000000238418579,
      0.6499999761581421,
      0.5,
      0.699999988079071
    ],
    "max_targets_per_sample": 3
  },
  "method": "linear_feature_contribution",
  "methods": [
    "linear_feature_contribution",
    "modality_shapley"
  ],
  "modality_shapley": {
    "method": "two_modality_shapley",
    "probability": {
      "values": {
        "blank": 0.22067535862780757,
        "text_only": 0.8961886924662031,
        "image_only": 0.3107879536843633,
        "both": 0.9321929092208509
      },
      "shapley": {
        "text": 0.6484591446874416,
        "image": 0.06305840590560172,
        "interaction": -0.05410837830190801,
        "blank_to_both_delta": 0.7115175505930433,
        "abs_total": 0.7115175505930433,
        "text_utilization": 0.9113747709342613,
        "image_utilization": 0.0886252290657386
      }
    },
    "logit": {
      "values": {
        "blank": -1.2617350441840947,
        "text_only": 2.1555760844962792,
        "image_only": -0.7964381245116146,
        "both": 2.6208730041687627
      },
      "shapley": {
        "text": 3.4173111286803755,
        "image": 0.46529691967248177,
        "interaction": 3.3306690738754696e-15,
        "blank_to_both_delta": 3.882608048352857,
        "abs_total": 3.882608048352857,
        "text_utilization": 0.8801586681226097,
        "image_utilization": 0.11984133187739039
      }
    }
  },
  "intercept": -1.2617350441840947,
  "text_logit_contribution": 3.4173111286803737,
  "image_logit_contribution": 0.46529691967248255,
  "label_dependency_logit_contribution": 0.0,
  "top_text_features": [
    {
      "feature": "killer",
      "tfidf": 0.11218418926000595,
      "contribution": 0.5096057433333244
    },
    {
      "feature": "cop",
      "tfidf": 0.1262170523405075,
      "contribution": 0.39906699279452673
    },
    {
      "feature": "chris",
      "tfidf": 0.2912100553512573,
      "contribution": 0.367707723473142
    },
    {
      "feature": "detective",
      "tfidf": 0.11670973151922226,
      "contribution": 0.3442643033835777
    },
    {
      "feature": "death",
      "tfidf": 0.08894788473844528,
      "contribution": 0.3251891320241837
    },
    {
      "feature": "is",
      "tfidf": 0.13530893623828888,
      "contribution": 0.3077082789691524
    },
    {
      "feature": "murderer",
      "tfidf": 0.1439223289489746,
      "contribution": 0.2789736403928067
    },
    {
      "feature": "crime",
      "tfidf": 0.11273118108510971,
      "contribution": 0.26296137079905163
    },
    {
      "feature": "killed",
      "tfidf": 0.10055562108755112,
      "contribution": 0.24128016767288601
    },
    {
      "feature": "who",
      "tfidf": 0.08968041092157364,
      "contribution": 0.1331138598584173
    },
    {
      "feature": "N",
      "tfidf": 0.11081714183092117,
      "contribution": -0.13087771255977956
    },
    {
      "feature": "away",
      "tfidf": 0.0952540785074234,
      "contribution": -0.10530656002120067
    }
  ],
  "top_image_features": [
    {
      "feature": "top_right_G_hist_bin_2",
      "value": 5.440824508666992,
      "contribution": -0.8159943271847777
    },
    {
      "feature": "thumbnail_y15_x29",
      "value": -1.1176292896270752,
      "contribution": 0.40121195713654473
    },
    {
      "feature": "thumbnail_y15_x30",
      "value": -1.1025820970535278,
      "contribution": -0.3984165997411064
    },
    {
      "feature": "thumbnail_y1_x15",
      "value": -1.2124029397964478,
      "contribution": 0.3864245722625926
    },
    {
      "feature": "top_right_G_hist_bin_1",
      "value": 2.2641782760620117,
      "contribution": -0.37054315629080686
    },
    {
      "feature": "thumbnail_y2_x17",
      "value": -1.2241508960723877,
      "contribution": 0.32756467678440254
    },
    {
      "feature": "thumbnail_y18_x9",
      "value": 0.7885270118713379,
      "contribution": -0.32196639985591946
    },
    {
      "feature": "top_right_G_hist_bin_15",
      "value": -0.6161850690841675,
      "contribution": -0.3178866519369247
    },
    {
      "feature": "thumbnail_y1_x14",
      "value": -1.1690605878829956,
      "contribution": -0.314983872986362
    },
    {
      "feature": "thumbnail_y1_x26",
      "value": -0.8578733801841736,
      "contribution": -0.3120729908766983
    },
    {
      "feature": "thumbnail_y5_x29",
      "value": -0.8415839076042175,
      "contribution": 0.308775489017529
    },
    {
      "feature": "thumbnail_y1_x13",
      "value": -1.1292977333068848,
      "contribution": 0.29098015515614006
    }
  ],
  "label_dependency_contributions": [],
  "performance": {
    "measurements": [
      {
        "name": "classic_modality_shapley_idx_34_Thriller",
        "wall_time_s": 0.029943700006697327,
        "process_cpu_time_s": 0.03125,
        "process_cpu_util_percent": 104.36252030647681,
        "rss_start_mb": 374.484375,
        "rss_end_mb": 374.5,
        "rss_delta_mb": 0.015625,
        "rss_peak_mb": 374.50390625,
        "cuda_start": {
          "cuda_available": false,
          "cuda_error": "ModuleNotFoundError: No module named 'torch'"
        },
        "cuda_end": {
          "cuda_available": false,
          "cuda_error": "ModuleNotFoundError: No module named 'torch'"
        }
      },
      {
        "name": "classic_modality_shapley_visualization_idx_34_Thriller",
        "wall_time_s": 0.12141150000388734,
        "process_cpu_time_s": 0.125,
        "process_cpu_util_percent": 102.9556508205547,
        "rss_start_mb": 374.484375,
        "rss_end_mb": 376.37890625,
        "rss_delta_mb": 1.89453125,
        "rss_peak_mb": 378.26171875,
        "cuda_start": {
          "cuda_available": false,
          "cuda_error": "ModuleNotFoundError: No module named 'torch'"
        },
        "cuda_end": {
          "cuda_available": false,
          "cuda_error": "ModuleNotFoundError: No module named 'torch'"
        }
      },
      {
        "name": "classic_linear_contribution_idx_34_Thriller",
        "wall_time_s": 0.002008800016483292,
        "process_cpu_time_s": 0.0,
        "process_cpu_util_percent": 0.0,
        "rss_start_mb": 376.36328125,
        "rss_end_mb": 376.37890625,
        "rss_delta_mb": 0.015625,
        "rss_peak_mb": 376.3828125,
        "cuda_start": {
          "cuda_available": false,
          "cuda_error": "ModuleNotFoundError: No module named 'torch'"
        },