{
  "index": 24,
  "target_genre": "Crime",
  "target_genres": [
    "Crime"
  ],
  "true_genres": [
    "Drama",
    "Film-Noir"
  ],
  "predicted_genres": [
    "Thriller",
    "Crime",
    "Drama"
  ],
  "probability": 0.6006123423576355,
  "top_probabilities": {
    "Action": 0.7052866220474243,
    "Thriller": 0.6729358434677124,
    "Sci-Fi": 0.6531105637550354,
    "Crime": 0.6006123423576355,
    "Sport": 0.5622280240058899
  },
  "threshold": [
    0.36000001430511475,
    0.44999998807907104,
    0.5,
    0.5899999737739563,
    0.5400000214576721,
    0.7599999904632568,
    0.6899999976158142,
    0.8199999928474426,
    0.7200000286102295,
    0.6299999952316284,
    0.7799999713897705,
    0.7400000095367432,
    0.8100000023841858,
    0.6000000238418579,
    0.8899999856948853,
    0.7599999904632568,
    0.550000011920929,
    0.8999999761581421,
    0.7799999713897705,
    0.9700000286102295,
    0.7699999809265137,
    0.8899999856948853,
    0.9399999976158142
  ],
  "target_selection": {
    "policy": "predicted",
    "target_indices": [
      3,
      4,
      0
    ],
    "target_genres": [
      "Thriller",
      "Crime",
      "Drama"
    ],
    "all_selected_indices": [
      3,
      4,
      0
    ],
    "all_selected_genres": [
      "Thriller",
      "Crime",
      "Drama"
    ],
    "predicted_indices": [
      3,
      4,
      0
    ],
    "predicted_genres": [
      "Thriller",
      "Crime",
      "Drama"
    ],
    "threshold": [
      0.36000001430511475,
      0.44999998807907104,
      0.5,
      0.5899999737739563,
      0.5400000214576721,
      0.7599999904632568,
      0.6899999976158142,
      0.8199999928474426,
      0.7200000286102295,
      0.6299999952316284,
      0.7799999713897705,
      0.7400000095367432,
      0.8100000023841858,
      0.6000000238418579,
      0.8899999856948853,
      0.7599999904632568,
      0.550000011920929,
      0.8999999761581421,
      0.7799999713897705,
      0.9700000286102295,
      0.7699999809265137,
      0.8899999856948853,
      0.9399999976158142
    ],
    "max_targets_per_sample": 3
  },
  "methods": [
    "IntegratedGradients_image_pixels",
    "image_occlusion_sensitivity",
    "experimental_label_correlation_head"
  ],
  "top_tokens": [],
  "gate_mean": null,
  "gate_std": null,
  "config": {
    "model_name": "neural_efficientnet_b0_image_only_unfrozen_lr1e4",
    "modality": "image_only",
    "text_encoder": "bigru_attention",
    "image_encoder": "efficientnet_b0",
    "fusion": "gmu",
    "hidden_dim": 256,
    "text_cnn_channels": 128,
    "text_cnn_kernels": [
      3,
      4,
      5
    ],
    "text_rnn_hidden_dim": 128,
    "text_rnn_layers": 1,
    "text_rnn_dropout": 0.2,
    "text_attention_dim": 128,
    "text_transformer_layers": 2,
    "text_transformer_heads": 6,
    "text_transformer_ff_dim": 512,
    "text_transformer_dropout": 0.1,
    "pretrained_image": false,
    "freeze_image_backbone": false,
    "batch_size": 16,
    "epochs": 10,
    "learning_rate": 0.0001,
    "weight_decay": 0.01,
    "num_workers": 0,
    "patience": 3,
    "threshold_metric": "macro_f1",
    "threshold_strategy": "per_label",
    "threshold_min": 0.01,
    "threshold_max": 0.99,
    "threshold_steps": 99,
    "loss": "bce",
    "focal_gamma": 2.0,
    "pos_weight_clip": null,
    "scheduler": "plateau",
    "scheduler_factor": 0.5,
    "scheduler_patience": 1,
    "min_learning_rate": 1e-06,
    "enable_label_correlation": true,
    "max_length": 512,
    "input_size": 224,
    "freeze_embeddings": false
  },
  "performance": {
    "measurements": [
      {
        "name": "neural_image_integrated_gradients_idx_24_Crime",
        "wall_time_s": 0.7868656229984481,
        "process_cpu_time_s": 0.7945358619999752,
        "process_cpu_util_percent": 100.97478384839063,
        "rss_start_mb": 3327.72265625,
        "rss_end_mb": 3327.7265625,
        "rss_delta_mb": 0.00390625,
        "rss_peak_mb": 3491.0703125,
        "cuda_start": {
          "cuda_available": false
        },
        "cuda_end": {
          "cuda_available": false
        }
      },
      {
        "name": "neural_image_ig_visualization_idx_24_Crime",
        "wall_time_s": 0.03391307899983076,
        "process_cpu_time_s": 0.019466691000161518,
        "process_cpu_util_percent": 57.401721029985694,
        "rss_start_mb": 3327.7265625,
        "rss_end_mb": 3327.7265625,
        "rss_delta_mb": 0.0,
        "rss_peak_mb": 3327.73046875,
        "cuda_start": {
          "cuda_available": false
        },
        "cuda_end": {
          "cuda_available": false
        }
      },
      {
        "name": "neural_image_occlusion_idx_24_Crime",
        "wall_time_s": 0.8038198220001505,
        "process_cpu_time_s": 0.816767800999969,
        "process_cpu_util_percent": 101.6108061340911,
        "rss_start_mb": 3327.7265625,
        "rss_end_mb": 3327.7265625,
        "rss_delta_mb": 0.0,
        "rss_peak_mb": 3401.234375,
        "cuda_start": {
          "cuda_available": false
        },
        "cuda_end": {
          "cuda_available": false
        }
      },
      {
        "name": "neural_image_occlusion_visualization_idx_24_Crime",
        "wall_time_s": 0.0359230590001971,
        "process_cpu_time_s": 0.02180773300005967,
        "process_cpu_util_percent": 60.70678168009027,
        "rss_start_mb": 3327.7265625,
        "rss_end_mb": 3327.7265625,
        "rss_delta_mb": 0.0,
        "rss_peak_mb": 3327.73046875,
        "cuda_start": {
          "cuda_available": false
        },
        "cuda_end": {
          "cuda_available": false
        }
      }
    ],
    "summary": {
      "count": 4,
      "total_wall_time_s": 1.6605215829986264,
      "mean_wall_time_s": 0.4151303957496566,
      "total_process_cpu_time_s": 1.6525780870001654,
      "mean_process_cpu_util_percent": 80.17352317313943,
      "max_rss_peak_mb": 3491.0703125
    }
  },
  "image_occlusion": {
    "baseline_probability": 0.6006123423576355,
    "baseline_logit": 0.40801727771759033,
    "grid_size": 4,
    "top_patches": [
      {
        "row": 1,
        "col": 1,
        "y0": 56,
        "y1": 112,
        "x0": 56,
        "x1": 112,
        "occluded_probability": 0.4589976370334625,
        "probability_delta": 0.14161470532417297,
        "occluded_logit": -0.16437840461730957,
        "logit_delta": 0.5723956823348999
      },
      {
        "row": 0,
        "col": 2,
        "y0": 0,
        "y1": 56,
        "x0": 112,
        "x1": 168,
        "occluded_probability": 0.547085165977478,
        "probability_delta": 0.05352717638015747,
        "occluded_logit": 0.18890033662319183,
        "logit_delta": 0.2191169410943985
      },
      {
        "row": 1,
        "col": 3,
        "y0": 56,
        "y1": 112,
        "x0": 168,
        "x1": 224,
        "occluded_probability": 0.6315097212791443,
        "probability_delta": -0.03089737892150879,
        "occluded_logit": 0.5386989712715149,
        "logit_delta": -0.13068169355392456
      },
      {
        "row": 2,
        "col": 0,
        "y0": 112,
        "y1": 168,
        "x0": 0,
        "x1": 56,
        "occluded_probability": 0.6299816966056824,
        "probability_delta": -0.029369354248046875,
        "occluded_logit": 0.5321383476257324,
        "logit_delta": -0.12412106990814209
      },
      {
        "row": 0,
        "col": 1,
        "y0": 0,
        "y1": 56,
        "x0": 56,
        "x1": 112,
        "occluded_probability": 0.5737143754959106,
        "probability_delta": 0.026897966861724854,
        "occluded_logit": 0.2970220744609833,
        "logit_delta": 0.11099520325660706
      },
      {
        "row": 3,
        "col": 1,
        "y0": 168,
        "y1": 224,
        "x0": 56,
        "x1": 112,
        "occluded_probability": 0.6232121586799622,
        "probability_delta": -0.02259981632232666,
        "occluded_logit": 0.5032047629356384,