{
  "index": 6414,
  "target_genre": "Thriller",
  "target_genres": [
    "Thriller"
  ],
  "true_genres": [
    "Thriller",
    "Mystery"
  ],
  "predicted_genres": [
    "Horror",
    "Mystery",
    "Thriller",
    "Crime"
  ],
  "probability": 0.9564021342327632,
  "top_probabilities": {
    "Horror": 0.9755389094352722,
    "Mystery": 0.9668784737586975,
    "Thriller": 0.9564021229743958,
    "Crime": 0.8064792156219482,
    "Sci-Fi": 0.6526858806610107
  },
  "target_selection": {
    "policy": "predicted",
    "target_indices": [
      7,
      9,
      3
    ],
    "target_genres": [
      "Horror",
      "Mystery",
      "Thriller"
    ],
    "all_selected_indices": [
      7,
      9,
      3,
      4
    ],
    "all_selected_genres": [
      "Horror",
      "Mystery",
      "Thriller",
      "Crime"
    ],
    "predicted_indices": [
      7,
      9,
      3,
      4
    ],
    "predicted_genres": [
      "Horror",
      "Mystery",
      "Thriller",
      "Crime"
    ],
    "threshold": [
      0.30000001192092896,
      0.44999998807907104,
      0.5,
      0.5,
      0.6000000238418579,
      0.550000011920929,
      0.6000000238418579,
      0.6000000238418579,
      0.6000000238418579,
      0.5,
      0.699999988079071,
      0.75,
      0.6000000238418579,
      0.699999988079071,
      0.6499999761581421,
      0.6000000238418579,
      0.6499999761581421,
      0.550000011920929,
      0.699999988079071,
      0.6000000238418579,
      0.6499999761581421,
      0.5,
      0.699999988079071
    ],
    "max_targets_per_sample": 3
  },
  "method": "linear_feature_contribution",
  "methods": [
    "linear_feature_contribution",
    "modality_shapley"
  ],
  "modality_shapley": {
    "method": "two_modality_shapley",
    "probability": {
      "values": {
        "blank": 0.22067535862780757,
        "text_only": 0.9336045126028675,
        "image_only": 0.3064032707703828,
        "both": 0.9564021342327632
      },
      "shapley": {
        "text": 0.6814640087187201,
        "image": 0.05426276688623549,
        "interaction": -0.06293029051267951,
        "blank_to_both_delta": 0.7357267756049557,
        "abs_total": 0.7357267756049557,
        "text_utilization": 0.9262460349609845,
        "image_utilization": 0.07375396503901548
      }
    },
    "logit": {
      "values": {
        "blank": -1.2617350441840947,
        "text_only": 2.643423821224909,
        "image_only": -0.8169885971641151,
        "both": 3.088170268244885
      },
      "shapley": {
        "text": 3.9051588654090015,
        "image": 0.4447464470199778,
        "interaction": -3.552713678800501e-15,
        "blank_to_both_delta": 4.349905312428979,
        "abs_total": 4.349905312428979,
        "text_utilization": 0.8977572119215551,
        "image_utilization": 0.1022427880784449
      }
    }
  },
  "intercept": -1.2617350441840947,
  "text_logit_contribution": 3.9051588654090046,
  "image_logit_contribution": 0.444746447019979,
  "label_dependency_logit_contribution": 0.0,
  "top_text_features": [
    {
      "feature": "killer",
      "tfidf": 0.11852999776601791,
      "contribution": 0.538432091164409
    },
    {
      "feature": "detective",
      "tfidf": 0.12331152707338333,
      "contribution": 0.3637379369696488
    },
    {
      "feature": "that",
      "tfidf": 0.16040852665901184,
      "contribution": 0.3611126514851746
    },
    {
      "feature": "call",
      "tfidf": 0.19205224514007568,
      "contribution": 0.26426974142296633
    },
    {
      "feature": "suspect",
      "tfidf": 0.1395963877439499,
      "contribution": 0.23451249313607414
    },
    {
      "feature": "investigation",
      "tfidf": 0.06798975169658661,
      "contribution": 0.22294667889843187
    },
    {
      "feature": "is",
      "tfidf": 0.08935175836086273,
      "contribution": 0.20319630434215538
    },
    {
      "feature": "of",
      "tfidf": 0.1059083342552185,
      "contribution": -0.20141993121180288
    },
    {
      "feature": "when",
      "tfidf": 0.13290750980377197,
      "contribution": 0.18202550700123235
    },
    {
      "feature": "killing",
      "tfidf": 0.06077933311462402,
      "contribution": 0.1800445745265875
    },
    {
      "feature": "the",
      "tfidf": 0.23430772125720978,
      "contribution": 0.15649339126470516
    },
    {
      "feature": "phone",
      "tfidf": 0.0753803700208664,
      "contribution": 0.14238039591414642
    }
  ],
  "top_image_features": [
    {
      "feature": "thumbnail_y19_x18",
      "value": -1.3290045261383057,
      "contribution": -0.785296937327942
    },
    {
      "feature": "thumbnail_y0_x5",
      "value": -1.453617811203003,
      "contribution": -0.689527335744615
    },
    {
      "feature": "thumbnail_y19_x19",
      "value": -1.317442536354065,
      "contribution": 0.6705327820595095
    },
    {
      "feature": "thumbnail_y0_x4",
      "value": -1.5079132318496704,
      "contribution": 0.6693037888363133
    },
    {
      "feature": "thumbnail_y12_x29",
      "value": -1.4782397747039795,
      "contribution": -0.6129592006657861
    },
    {
      "feature": "thumbnail_y19_x11",
      "value": -1.306684136390686,
      "contribution": 0.5891271014395608
    },
    {
      "feature": "thumbnail_y10_x27",
      "value": -1.5513287782669067,
      "contribution": 0.5738918501844431
    },
    {
      "feature": "thumbnail_y9_x28",
      "value": -1.361600637435913,
      "contribution": 0.5409162433091397
    },
    {
      "feature": "thumbnail_y18_x18",
      "value": -1.4742209911346436,
      "contribution": 0.5395673547659169
    },
    {
      "feature": "thumbnail_y19_x13",
      "value": -1.32984459400177,
      "contribution": 0.5048723286437904
    },
    {
      "feature": "thumbnail_y15_x29",
      "value": -1.4013175964355469,
      "contribution": 0.503051754865323
    },
    {
      "feature": "thumbnail_y1_x4",
      "value": -1.5166816711425781,
      "contribution": -0.5019787356506522
    }
  ],
  "label_dependency_contributions": [],
  "performance": {
    "measurements": [
      {
        "name": "classic_modality_shapley_idx_6414_Thriller",
        "wall_time_s": 0.025924119000023893,
        "process_cpu_time_s": 0.026268334000000948,
        "process_cpu_util_percent": 101.32777896898534,
        "rss_start_mb": 1067.35546875,
        "rss_end_mb": 1067.3828125,
        "rss_delta_mb": 0.02734375,
        "rss_peak_mb": 1067.38671875,
        "cuda_start": {
          "cuda_available": true,
          "cuda_device": "NVIDIA A100-SXM4-40GB",
          "cuda_allocated_mb": 0.0,
          "cuda_reserved_mb": 0.0,
          "cuda_peak_allocated_mb": 0.0,
          "cuda_peak_reserved_mb": 0.0
        },
        "cuda_end": {
          "cuda_available": true,
          "cuda_device": "NVIDIA A100-SXM4-40GB",
          "cuda_allocated_mb": 0.0,
          "cuda_reserved_mb": 0.0,
          "cuda_peak_allocated_mb": 0.0,
          "cuda_peak_reserved_mb": 0.0
        }
      },
      {
        "name": "classic_modality_shapley_visualization_idx_6414_Thriller",
        "wall_time_s": 0.14455206099989937,
        "process_cpu_time_s": 0.12265170499999911,
        "process_cpu_util_percent": 84.84950276847626,
        "rss_start_mb": 1067.41015625,
        "rss_end_mb": 1067.79296875,
        "rss_delta_mb": 0.3828125,
        "rss_peak_mb": 1067.7890625,
        "cuda_start": {
          "cuda_available": true,
          "cuda_device": "NVIDIA A100-SXM4-40GB",
          "cuda_allocated_mb": 0.0,
          "cuda_reserved_mb": 0.0,
          "cuda_peak_allocated_mb": 0.0,
          "cuda_peak_reserved_mb": 0.0
        },
        "cuda_end": {
          "cuda_available": true,
          "cuda_device": "NVIDIA A100-SXM4-40GB",
          "cuda_allocated_mb": 0.0,
          "cuda_reserved_mb": 0.0,
          "cuda_peak_allocated_mb": 0.0,