{
  "index": 2243,
  "target_genre": "label_set",
  "target_genres": [
    "Documentary",
    "History",
    "Biography"
  ],
  "true_genres": [
    "Documentary",
    "Music"
  ],
  "predicted_genres": [
    "Documentary",
    "History",
    "Biography"
  ],
  "probability": 0.6482343077659607,
  "set_logit": 1.8753890991210938,
  "top_probabilities": {
    "Documentary": 0.7383884787559509,
    "History": 0.6149810552597046,
    "Biography": 0.5913334488868713,
    "War": 0.5229318141937256,
    "Crime": 0.4696088433265686
  },
  "threshold": [
    0.46000000834465027,
    0.49000000953674316,
    0.5199999809265137,
    0.5099999904632568,
    0.5299999713897705,
    0.5799999833106995,
    0.5699999928474426,
    0.5799999833106995,
    0.7300000190734863,
    0.5799999833106995,
    0.5600000023841858,
    0.5299999713897705,
    0.5899999737739563,
    0.5400000214576721,
    0.5899999737739563,
    0.5699999928474426,
    0.550000011920929,
    0.6100000143051147,
    0.46000000834465027,
    0.6700000166893005,
    0.5400000214576721,
    0.5799999833106995,
    0.5600000023841858
  ],
  "target_selection": {
    "policy": "predicted",
    "target_indices": [
      8,
      15,
      13
    ],
    "target_genres": [
      "Documentary",
      "History",
      "Biography"
    ],
    "all_selected_indices": [
      8,
      15,
      13
    ],
    "all_selected_genres": [
      "Documentary",
      "History",
      "Biography"
    ],
    "predicted_indices": [
      8,
      15,
      13
    ],
    "predicted_genres": [
      "Documentary",
      "History",
      "Biography"
    ],
    "threshold": [
      0.46000000834465027,
      0.49000000953674316,
      0.5199999809265137,
      0.5099999904632568,
      0.5299999713897705,
      0.5799999833106995,
      0.5699999928474426,
      0.5799999833106995,
      0.7300000190734863,
      0.5799999833106995,
      0.5600000023841858,
      0.5299999713897705,
      0.5899999737739563,
      0.5400000214576721,
      0.5899999737739563,
      0.5699999928474426,
      0.550000011920929,
      0.6100000143051147,
      0.46000000834465027,
      0.6700000166893005,
      0.5400000214576721,
      0.5799999833106995,
      0.5600000023841858
    ],
    "max_targets_per_sample": 3
  },
  "methods": [
    "experimental_set_level_attribution",
    "LayerIntegratedGradients_text_embedding",
    "IntegratedGradients_image_pixels",
    "GradCAM_image_branch",
    "modality_shapley",
    "modality_ablation",
    "GMU_gate_summary",
    "experimental_label_correlation_head"
  ],
  "top_tokens": [
    {
      "position": 6,
      "token": "historic",
      "attribution": 0.26262885332107544
    },
    {
      "position": 7,
      "token": "concert",
      "attribution": 0.23477143049240112
    },
    {
      "position": 2,
      "token": "N",
      "attribution": 0.22205890715122223
    },
    {
      "position": 24,
      "token": "concert",
      "attribution": 0.1860635131597519
    },
    {
      "position": 5,
      "token": "N",
      "attribution": 0.18226370215415955
    },
    {
      "position": 62,
      "token": "a",
      "attribution": -0.11481520533561707
    },
    {
      "position": 70,
      "token": "stones",
      "attribution": 0.10685326904058456
    },
    {
      "position": 20,
      "token": "bowie",
      "attribution": -0.09652026742696762
    },
    {
      "position": 36,
      "token": "great",
      "attribution": 0.08770805597305298
    },
    {
      "position": 35,
      "token": "a",
      "attribution": -0.08567087352275848
    },
    {
      "position": 1,
      "token": "july",
      "attribution": -0.08216866105794907
    },
    {
      "position": 51,
      "token": "dudes",
      "attribution": -0.08214418590068817
    }
  ],
  "gate_mean": 0.4328930377960205,
  "gate_std": 0.24133306741714478,
  "config": {
    "model_name": "neural_transformer_gmu_resnet18_h256_lr2e4_focal",
    "modality": "multimodal",
    "text_encoder": "transformer",
    "image_encoder": "resnet18",
    "fusion": "gmu",
    "hidden_dim": 256,
    "text_cnn_channels": 128,
    "text_cnn_kernels": [
      3,
      4,
      5
    ],
    "text_rnn_hidden_dim": 128,
    "text_rnn_layers": 1,
    "text_rnn_dropout": 0.2,
    "text_attention_dim": 128,
    "text_transformer_layers": 2,
    "text_transformer_heads": 6,
    "text_transformer_ff_dim": 512,
    "text_transformer_dropout": 0.1,
    "pretrained_image": false,
    "freeze_image_backbone": true,
    "batch_size": 16,
    "epochs": 10,
    "learning_rate": 0.0002,
    "weight_decay": 0.01,
    "num_workers": 0,
    "patience": 3,
    "threshold_metric": "macro_f1",
    "threshold_strategy": "per_label",
    "threshold_min": 0.01,
    "threshold_max": 0.99,
    "threshold_steps": 99,
    "loss": "focal",
    "focal_gamma": 2.0,
    "pos_weight_clip": 10.0,
    "scheduler": "none",
    "scheduler_factor": 0.5,
    "scheduler_patience": 1,
    "min_learning_rate": 1e-06,
    "enable_label_correlation": true,
    "max_length": 512,
    "input_size": 224,
    "freeze_embeddings": false
  },
  "performance": {
    "measurements": [
      {
        "name": "neural_set_text_layer_integrated_gradients_idx_2243",
        "wall_time_s": 0.023635596999952213,
        "process_cpu_time_s": 0.02375422299999741,
        "process_cpu_util_percent": 100.50189550974929,
        "rss_start_mb": 2487.24609375,
        "rss_end_mb": 2487.26171875,
        "rss_delta_mb": 0.015625,
        "rss_peak_mb": 2487.265625,
        "cuda_start": {
          "cuda_available": true,
          "cuda_device": "NVIDIA A100-SXM4-40GB",
          "cuda_allocated_mb": 374.13720703125,
          "cuda_reserved_mb": 1590.0,
          "cuda_peak_allocated_mb": 374.13720703125,
          "cuda_peak_reserved_mb": 1590.0
        },
        "cuda_end": {
          "cuda_available": true,
          "cuda_device": "NVIDIA A100-SXM4-40GB",
          "cuda_allocated_mb": 374.13720703125,
          "cuda_reserved_mb": 1590.0,
          "cuda_peak_allocated_mb": 711.0517578125,
          "cuda_peak_reserved_mb": 1590.0
        }
      },
      {
        "name": "neural_set_text_visualization_idx_2243",
        "wall_time_s": 0.18457937700009097,
        "process_cpu_time_s": 0.1802610229999999,
        "process_cpu_util_percent": 97.66043527165608,
        "rss_start_mb": 2487.27734375,
        "rss_end_mb": 2490.98828125,
        "rss_delta_mb": 3.7109375,
        "rss_peak_mb": 2490.98828125,
        "cuda_start": {
          "cuda_available": true,
          "cuda_device": "NVIDIA A100-SXM4-40GB",
          "cuda_allocated_mb": 374.13720703125,
          "cuda_reserved_mb": 1590.0,
          "cuda_peak_allocated_mb": 374.13720703125,
          "cuda_peak_reserved_mb": 1590.0
        },
        "cuda_end": {
          "cuda_available": true,
          "cuda_device": "NVIDIA A100-SXM4-40GB",
          "cuda_allocated_mb": 374.13720703125,
          "cuda_reserved_mb": 1590.0,
          "cuda_peak_allocated_mb": 374.13720703125,
          "cuda_peak_reserved_mb": 1590.0
        }
      },
      {
        "name": "neural_set_image_integrated_gradients_idx_2243",
        "wall_time_s": 0.014138470999910169,
        "process_cpu_time_s": 0.014244632000000479,
        "process_cpu_util_percent": 100.7508662010976,
        "rss_start_mb": 2491.0078125,
        "rss_end_mb": 2491.05078125,
        "rss_delta_mb": 0.04296875,
        "rss_peak_mb": 2491.04296875,
        "cuda_start": {
          "cuda_available": true,
          "cuda_device": "NVIDIA A100-SXM4-40GB",
          "cuda_allocated_mb": 374.13720703125,
          "cuda_reserved_mb": 1590.0,
          "cuda_peak_allocated_mb": 374.13720703125,
          "cuda_peak_reserved_mb": 1590.0
        },
        "cuda_end": {
          "cuda_available": true,
          "cuda_device": "NVIDIA A100-SXM4-40GB",
          "cuda_allocated_mb": 374.13720703125,
          "cuda_reserved_mb": 1590.0,