{
  "index": 82,
  "target_genre": "Action",
  "target_genres": [
    "Action"
  ],
  "true_genres": [
    "Drama",
    "Thriller",
    "Crime",
    "Film-Noir"
  ],
  "predicted_genres": [
    "Crime",
    "Action",
    "Mystery",
    "Thriller"
  ],
  "probability": 0.9574924996029602,
  "top_probabilities": {
    "Crime": 0.9618683457374573,
    "Action": 0.957492470741272,
    "Mystery": 0.874647319316864,
    "Thriller": 0.8548435568809509,
    "Comedy": 0.39002737402915955
  },
  "target_selection": {
    "policy": "predicted",
    "target_indices": [
      4,
      5,
      9
    ],
    "target_genres": [
      "Crime",
      "Action",
      "Mystery"
    ],
    "all_selected_indices": [
      4,
      5,
      9,
      3
    ],
    "all_selected_genres": [
      "Crime",
      "Action",
      "Mystery",
      "Thriller"
    ],
    "predicted_indices": [
      4,
      5,
      9,
      3
    ],
    "predicted_genres": [
      "Crime",
      "Action",
      "Mystery",
      "Thriller"
    ],
    "threshold": [
      0.30000001192092896,
      0.44999998807907104,
      0.5,
      0.5,
      0.6000000238418579,
      0.550000011920929,
      0.6000000238418579,
      0.6000000238418579,
      0.6000000238418579,
      0.5,
      0.699999988079071,
      0.75,
      0.6000000238418579,
      0.699999988079071,
      0.6499999761581421,
      0.6000000238418579,
      0.6499999761581421,
      0.550000011920929,
      0.699999988079071,
      0.6000000238418579,
      0.6499999761581421,
      0.5,
      0.699999988079071
    ],
    "max_targets_per_sample": 3
  },
  "method": "linear_feature_contribution",
  "methods": [
    "linear_feature_contribution",
    "modality_shapley"
  ],
  "modality_shapley": {
    "method": "two_modality_shapley",
    "probability": {
      "values": {
        "blank": 0.20387685431499625,
        "text_only": 0.625181920688942,
        "image_only": 0.7757028402142968,
        "both": 0.9574924996029602
      },
      "shapley": {
        "text": 0.30154736288130457,
        "image": 0.4520682824066594,
        "interaction": -0.2395154069852823,
        "blank_to_both_delta": 0.753615645287964,
        "abs_total": 0.753615645287964,
        "text_utilization": 0.4001341595901719,
        "image_utilization": 0.599865840409828
      }
    },
    "logit": {
      "values": {
        "blank": -1.3622377232607858,
        "text_only": 0.5116018940615887,
        "image_only": 1.2407977300989366,
        "both": 3.114637347421316
      },
      "shapley": {
        "text": 1.873839617322377,
        "image": 2.6030354533597246,
        "interaction": 4.440892098500626e-15,
        "blank_to_both_delta": 4.476875070682102,
        "abs_total": 4.476875070682102,
        "text_utilization": 0.4185597292168523,
        "image_utilization": 0.5814402707831476
      }
    }
  },
  "intercept": -1.3622377232607858,
  "text_logit_contribution": 1.8738396173223746,
  "image_logit_contribution": 2.6030354533597233,
  "label_dependency_logit_contribution": 0.0,
  "top_text_features": [
    {
      "feature": "the",
      "tfidf": 0.1967376172542572,
      "contribution": 0.29950226995067164
    },
    {
      "feature": "reed",
      "tfidf": 0.49524033069610596,
      "contribution": 0.27049159690767893
    },
    {
      "feature": "police",
      "tfidf": 0.1908099204301834,
      "contribution": 0.23095646908426318
    },
    {
      "feature": "to",
      "tfidf": 0.1346401870250702,
      "contribution": 0.2142482359610228
    },
    {
      "feature": "gun",
      "tfidf": 0.09225893765687943,
      "contribution": 0.20814301504687177
    },
    {
      "feature": "killers",
      "tfidf": 0.10525692254304886,
      "contribution": 0.17609325471640408
    },
    {
      "feature": "public",
      "tfidf": 0.16846519708633423,
      "contribution": -0.14902044864954525
    },
    {
      "feature": "they",
      "tfidf": 0.10759799927473068,
      "contribution": 0.12031464768126038
    },
    {
      "feature": "dead",
      "tfidf": 0.1375752091407776,
      "contribution": 0.11599863116134332
    },
    {
      "feature": "little",
      "tfidf": 0.06731898337602615,
      "contribution": -0.11360018636983382
    },
    {
      "feature": "information",
      "tfidf": 0.0882267951965332,
      "contribution": 0.08434585188929986
    },
    {
      "feature": "highly",
      "tfidf": 0.09690084308385849,
      "contribution": 0.0832340851976932
    }
  ],
  "top_image_features": [
    {
      "feature": "thumbnail_y17_x1",
      "value": 1.191011667251587,
      "contribution": 0.5978343701908263
    },
    {
      "feature": "thumbnail_y18_x0",
      "value": 1.3814529180526733,
      "contribution": 0.5451264095978889
    },
    {
      "feature": "thumbnail_y4_x19",
      "value": -1.4747861623764038,
      "contribution": -0.5381452611649346
    },
    {
      "feature": "thumbnail_y15_x13",
      "value": 1.3157141208648682,
      "contribution": 0.5095404316615781
    },
    {
      "feature": "thumbnail_y14_x31",
      "value": 0.9754717350006104,
      "contribution": 0.48983888209218485
    },
    {
      "feature": "thumbnail_y14_x30",
      "value": 1.583625078201294,
      "contribution": -0.47708101050396434
    },
    {
      "feature": "thumbnail_y15_x28",
      "value": 1.7700581550598145,
      "contribution": -0.47621031045896683
    },
    {
      "feature": "thumbnail_y17_x7",
      "value": 1.103926181793213,
      "contribution": -0.46267705460664776
    },
    {
      "feature": "thumbnail_y8_x5",
      "value": 1.643080711364746,
      "contribution": -0.44340805043781784
    },
    {
      "feature": "thumbnail_y15_x24",
      "value": 1.8497244119644165,
      "contribution": -0.44213331203139666
    },
    {
      "feature": "thumbnail_y10_x15",
      "value": -1.1589704751968384,
      "contribution": 0.4359332316378687
    },
    {
      "feature": "thumbnail_y4_x18",
      "value": -1.3840851783752441,
      "contribution": 0.4171485729576841
    }
  ],
  "label_dependency_contributions": [],
  "performance": {
    "measurements": [
      {
        "name": "classic_modality_shapley_idx_82_Action",
        "wall_time_s": 0.08994738599994889,
        "process_cpu_time_s": 0.08422409400009201,
        "process_cpu_util_percent": 93.63706689612955,
        "rss_start_mb": 2052.80078125,
        "rss_end_mb": 2052.80078125,
        "rss_delta_mb": 0.0,
        "rss_peak_mb": 2052.8046875,
        "cuda_start": {
          "cuda_available": false
        },
        "cuda_end": {
          "cuda_available": false
        }
      },
      {
        "name": "classic_modality_shapley_visualization_idx_82_Action",
        "wall_time_s": 0.33951244299987593,
        "process_cpu_time_s": 0.3169830729998466,
        "process_cpu_util_percent": 93.36419902582553,
        "rss_start_mb": 2052.80078125,
        "rss_end_mb": 2052.203125,
        "rss_delta_mb": -0.59765625,
        "rss_peak_mb": 2052.8046875,
        "cuda_start": {
          "cuda_available": false
        },
        "cuda_end": {
          "cuda_available": false
        }
      },
      {
        "name": "classic_linear_contribution_idx_82_Action",
        "wall_time_s": 0.0012074200003553415,
        "process_cpu_time_s": 0.0013420899999800895,
        "process_cpu_util_percent": 111.15353394718615,
        "rss_start_mb": 2052.203125,
        "rss_end_mb": 2051.71875,
        "rss_delta_mb": -0.484375,
        "rss_peak_mb": 2052.20703125,
        "cuda_start": {
          "cuda_available": false
        },
        "cuda_end": {
          "cuda_available": false
        }
      },
      {
        "name": "classic_visualization_idx_82_Action",
        "wall_time_s": 0.47940782499972556,
        "process_cpu_time_s": 0.43586932099992737,
        "process_cpu_util_percent": 90.91827422720455,
        "rss_start_mb": 2051.71875,
        "rss_end_mb": 2050.4375,
        "rss_delta_mb": -1.28125,
        "rss_peak_mb": 2051.72265625,