{
  "index": 66,
  "target_genre": "Drama",
  "target_genres": [
    "Drama"
  ],
  "true_genres": [
    "Thriller",
    "Crime",
    "Mystery",
    "Film-Noir"
  ],
  "predicted_genres": [
    "Drama",
    "Mystery",
    "Crime",
    "Thriller",
    "Romance"
  ],
  "probability": 0.6546326875686646,
  "top_probabilities": {
    "Film-Noir": 0.8046587109565735,
    "Drama": 0.6546326875686646,
    "Mystery": 0.6392784118652344,
    "Crime": 0.6261418461799622,
    "Thriller": 0.5942051410675049
  },
  "threshold": [
    0.36000001430511475,
    0.44999998807907104,
    0.5,
    0.5899999737739563,
    0.5400000214576721,
    0.7599999904632568,
    0.6899999976158142,
    0.8199999928474426,
    0.7200000286102295,
    0.6299999952316284,
    0.7799999713897705,
    0.7400000095367432,
    0.8100000023841858,
    0.6000000238418579,
    0.8899999856948853,
    0.7599999904632568,
    0.550000011920929,
    0.8999999761581421,
    0.7799999713897705,
    0.9700000286102295,
    0.7699999809265137,
    0.8899999856948853,
    0.9399999976158142
  ],
  "target_selection": {
    "policy": "predicted",
    "target_indices": [
      0,
      9,
      4
    ],
    "target_genres": [
      "Drama",
      "Mystery",
      "Crime"
    ],
    "all_selected_indices": [
      0,
      9,
      4,
      3,
      2
    ],
    "all_selected_genres": [
      "Drama",
      "Mystery",
      "Crime",
      "Thriller",
      "Romance"
    ],
    "predicted_indices": [
      0,
      9,
      4,
      3,
      2
    ],
    "predicted_genres": [
      "Drama",
      "Mystery",
      "Crime",
      "Thriller",
      "Romance"
    ],
    "threshold": [
      0.36000001430511475,
      0.44999998807907104,
      0.5,
      0.5899999737739563,
      0.5400000214576721,
      0.7599999904632568,
      0.6899999976158142,
      0.8199999928474426,
      0.7200000286102295,
      0.6299999952316284,
      0.7799999713897705,
      0.7400000095367432,
      0.8100000023841858,
      0.6000000238418579,
      0.8899999856948853,
      0.7599999904632568,
      0.550000011920929,
      0.8999999761581421,
      0.7799999713897705,
      0.9700000286102295,
      0.7699999809265137,
      0.8899999856948853,
      0.9399999976158142
    ],
    "max_targets_per_sample": 3
  },
  "methods": [
    "IntegratedGradients_image_pixels",
    "image_occlusion_sensitivity",
    "experimental_label_correlation_head"
  ],
  "top_tokens": [],
  "gate_mean": null,
  "gate_std": null,
  "config": {
    "model_name": "neural_efficientnet_b0_image_only_unfrozen_lr1e4",
    "modality": "image_only",
    "text_encoder": "bigru_attention",
    "image_encoder": "efficientnet_b0",
    "fusion": "gmu",
    "hidden_dim": 256,
    "text_cnn_channels": 128,
    "text_cnn_kernels": [
      3,
      4,
      5
    ],
    "text_rnn_hidden_dim": 128,
    "text_rnn_layers": 1,
    "text_rnn_dropout": 0.2,
    "text_attention_dim": 128,
    "text_transformer_layers": 2,
    "text_transformer_heads": 6,
    "text_transformer_ff_dim": 512,
    "text_transformer_dropout": 0.1,
    "pretrained_image": false,
    "freeze_image_backbone": false,
    "batch_size": 16,
    "epochs": 10,
    "learning_rate": 0.0001,
    "weight_decay": 0.01,
    "num_workers": 0,
    "patience": 3,
    "threshold_metric": "macro_f1",
    "threshold_strategy": "per_label",
    "threshold_min": 0.01,
    "threshold_max": 0.99,
    "threshold_steps": 99,
    "loss": "bce",
    "focal_gamma": 2.0,
    "pos_weight_clip": null,
    "scheduler": "plateau",
    "scheduler_factor": 0.5,
    "scheduler_patience": 1,
    "min_learning_rate": 1e-06,
    "enable_label_correlation": true,
    "max_length": 512,
    "input_size": 224,
    "freeze_embeddings": false
  },
  "performance": {
    "measurements": [
      {
        "name": "neural_image_integrated_gradients_idx_66_Drama",
        "wall_time_s": 0.8892363899994962,
        "process_cpu_time_s": 0.836130212000171,
        "process_cpu_util_percent": 94.02788970440635,
        "rss_start_mb": 3357.625,
        "rss_end_mb": 3391.50390625,
        "rss_delta_mb": 33.87890625,
        "rss_peak_mb": 3491.109375,
        "cuda_start": {
          "cuda_available": false
        },
        "cuda_end": {
          "cuda_available": false
        }
      },
      {
        "name": "neural_image_ig_visualization_idx_66_Drama",
        "wall_time_s": 0.029250858999148477,
        "process_cpu_time_s": 0.021170237000205816,
        "process_cpu_util_percent": 72.37475316817911,
        "rss_start_mb": 3391.50390625,
        "rss_end_mb": 3391.50390625,
        "rss_delta_mb": 0.0,
        "rss_peak_mb": 3391.5078125,
        "cuda_start": {
          "cuda_available": false
        },
        "cuda_end": {
          "cuda_available": false
        }
      },
      {
        "name": "neural_image_occlusion_idx_66_Drama",
        "wall_time_s": 0.5960965969989047,
        "process_cpu_time_s": 0.6010681130001103,
        "process_cpu_util_percent": 100.83401180718614,
        "rss_start_mb": 3391.50390625,
        "rss_end_mb": 3327.76953125,
        "rss_delta_mb": -63.734375,
        "rss_peak_mb": 3401.2734375,
        "cuda_start": {
          "cuda_available": false
        },
        "cuda_end": {
          "cuda_available": false
        }
      },
      {
        "name": "neural_image_occlusion_visualization_idx_66_Drama",
        "wall_time_s": 0.03681898899958469,
        "process_cpu_time_s": 0.025845169000149326,
        "process_cpu_util_percent": 70.195216388046,
        "rss_start_mb": 3327.76953125,
        "rss_end_mb": 3327.76953125,
        "rss_delta_mb": 0.0,
        "rss_peak_mb": 3327.7734375,
        "cuda_start": {
          "cuda_available": false
        },
        "cuda_end": {
          "cuda_available": false
        }
      }
    ],
    "summary": {
      "count": 4,
      "total_wall_time_s": 1.551402834997134,
      "mean_wall_time_s": 0.3878507087492835,
      "total_process_cpu_time_s": 1.4842137310006365,
      "mean_process_cpu_util_percent": 84.3579677669544,
      "max_rss_peak_mb": 3491.109375
    }
  },
  "image_occlusion": {
    "baseline_probability": 0.6546326875686646,
    "baseline_logit": 0.6394658088684082,
    "grid_size": 4,
    "top_patches": [
      {
        "row": 2,
        "col": 2,
        "y0": 112,
        "y1": 168,
        "x0": 112,
        "x1": 168,
        "occluded_probability": 0.7111560702323914,
        "probability_delta": -0.05652338266372681,
        "occluded_logit": 0.9010053873062134,
        "logit_delta": -0.2615395784378052
      },
      {
        "row": 0,
        "col": 1,
        "y0": 0,
        "y1": 56,
        "x0": 56,
        "x1": 112,
        "occluded_probability": 0.6115094423294067,
        "probability_delta": 0.04312324523925781,
        "occluded_logit": 0.4536616802215576,
        "logit_delta": 0.18580412864685059
      },
      {
        "row": 3,
        "col": 2,
        "y0": 168,
        "y1": 224,
        "x0": 112,
        "x1": 168,
        "occluded_probability": 0.6867692470550537,
        "probability_delta": -0.03213655948638916,
        "occluded_logit": 0.7850581407546997,
        "logit_delta": -0.1455923318862915
      },
      {
        "row": 0,
        "col": 0,
        "y0": 0,
        "y1": 56,
        "x0": 0,
        "x1": 56,
        "occluded_probability": 0.6834002137184143,
        "probability_delta": -0.028767526149749756,
        "occluded_logit": 0.7694423198699951,
        "logit_delta": -0.12997651100158691
      },
      {
        "row": 3,
        "col": 0,
        "y0": 168,
        "y1": 224,
        "x0": 0,
        "x1": 56,
        "occluded_probability": 0.6821104884147644,
        "probability_delta": -0.027477800846099854,
        "occluded_logit": 0.7634878158569336,
        "logit_delta": -0.12402200698852539
      },
      {
        "row": 2,
        "col": 1,
        "y0": 112,
        "y1": 168,
        "x0": 56,
        "x1": 112,