{
  "index": 17,
  "target_genre": "Crime",
  "target_genres": [
    "Crime"
  ],
  "true_genres": [
    "Drama",
    "Thriller",
    "Crime",
    "Film-Noir"
  ],
  "predicted_genres": [
    "Film-Noir",
    "Romance",
    "Crime",
    "Drama",
    "Thriller"
  ],
  "probability": 0.9616051255708328,
  "top_probabilities": {
    "Film-Noir": 1.0,
    "Romance": 0.9741654396057129,
    "Crime": 0.9616051316261292,
    "Drama": 0.9610167145729065,
    "Thriller": 0.45569536089897156
  },
  "target_selection": {
    "policy": "predicted",
    "target_indices": [
      22,
      2,
      4
    ],
    "target_genres": [
      "Film-Noir",
      "Romance",
      "Crime"
    ],
    "all_selected_indices": [
      22,
      2,
      4,
      0,
      3
    ],
    "all_selected_genres": [
      "Film-Noir",
      "Romance",
      "Crime",
      "Drama",
      "Thriller"
    ],
    "predicted_indices": [
      22,
      2,
      4,
      0,
      3
    ],
    "predicted_genres": [
      "Film-Noir",
      "Romance",
      "Crime",
      "Drama",
      "Thriller"
    ],
    "threshold": [
      0.05000000074505806,
      0.5,
      0.8500000238418579,
      0.05000000074505806,
      0.05000000074505806,
      0.5,
      0.05000000074505806,
      0.5,
      0.5,
      0.5,
      0.5,
      0.5,
      0.5,
      0.5,
      0.5,
      0.5,
      0.5,
      0.5,
      0.5,
      0.5,
      0.5,
      0.5,
      0.5
    ],
    "max_targets_per_sample": 3
  },
  "method": "linear_feature_contribution",
  "methods": [
    "linear_feature_contribution",
    "modality_shapley",
    "classifier_chain_label_dependency"
  ],
  "modality_shapley": {
    "method": "two_modality_shapley",
    "probability": {
      "values": {
        "blank": 0.5601547139449398,
        "text_only": 0.5743040894254108,
        "image_only": 0.959419320095134,
        "both": 0.9616051255708328
      },
      "shapley": {
        "text": 0.008167590478084907,
        "image": 0.3932828211478081,
        "interaction": -0.011963570004772217,
        "blank_to_both_delta": 0.401450411625893,
        "abs_total": 0.401450411625893,
        "text_utilization": 0.020345203894562673,
        "image_utilization": 0.9796547961054374
      }
    },
    "logit": {
      "values": {
        "blank": 0.24178997799754143,
        "text_only": 0.29943376212502487,
        "image_only": 3.163036137614238,
        "both": 3.2206799217417217
      },
      "shapley": {
        "text": 0.05764378412748347,
        "image": 2.9212461596166968,
        "interaction": 0.0,
        "blank_to_both_delta": 2.9788899437441803,
        "abs_total": 2.9788899437441803,
        "text_utilization": 0.019350759919324424,
        "image_utilization": 0.9806492400806756
      }
    }
  },
  "intercept": 0.004638511687517166,
  "text_logit_contribution": 0.05764378607273102,
  "image_logit_contribution": 2.9804704189300537,
  "label_dependency_logit_contribution": 0.17792714573442936,
  "top_text_features": [
    {
      "feature": "the",
      "tfidf": 0.2601794898509979,
      "contribution": 0.01450224220752716
    },
    {
      "feature": "a",
      "tfidf": 0.3122153878211975,
      "contribution": 0.006660803221166134
    },
    {
      "feature": "to",
      "tfidf": 0.20814359188079834,
      "contribution": 0.006546788848936558
    },
    {
      "feature": "and",
      "tfidf": 0.15610769391059875,
      "contribution": 0.004095372743904591
    },
    {
      "feature": "for",
      "tfidf": 0.20863360166549683,
      "contribution": 0.0029791598208248615
    },
    {
      "feature": "of",
      "tfidf": 0.1144876629114151,
      "contribution": 0.0026877515483647585
    },
    {
      "feature": "is",
      "tfidf": 0.1144876629114151,
      "contribution": 0.0025136121548712254
    },
    {
      "feature": "his",
      "tfidf": 0.1201145276427269,
      "contribution": 0.0017953608185052872
    },
    {
      "feature": "life",
      "tfidf": 0.3801354169845581,
      "contribution": 0.0017364785308018327
    },
    {
      "feature": "he",
      "tfidf": 0.12606310844421387,
      "contribution": 0.001464315690100193
    },
    {
      "feature": "that",
      "tfidf": 0.08568372577428818,
      "contribution": 0.0011678622104227543
    },
    {
      "feature": "in",
      "tfidf": 0.06005726382136345,
      "contribution": 0.0010823595803231
    }
  ],
  "top_image_features": [
    {
      "feature": "top_right_B_hist_bin_14",
      "value": 6.206282615661621,
      "contribution": 0.42180564999580383
    },
    {
      "feature": "bottom_left_B_hist_bin_7",
      "value": 5.795886516571045,
      "contribution": -0.22524841129779816
    },
    {
      "feature": "bottom_right_G_hist_bin_6",
      "value": 2.8782405853271484,
      "contribution": 0.19143304228782654
    },
    {
      "feature": "bottom_left_B_hist_bin_8",
      "value": 3.1839067935943604,
      "contribution": -0.1835145354270935
    },
    {
      "feature": "top_left_R_hist_bin_13",
      "value": 3.9414820671081543,
      "contribution": 0.18237721920013428
    },
    {
      "feature": "bottom_left_G_hist_bin_8",
      "value": 4.768176078796387,
      "contribution": 0.18174999952316284
    },
    {
      "feature": "thumbnail_y2_x17",
      "value": 2.3444745540618896,
      "contribution": 0.16099196672439575
    },
    {
      "feature": "thumbnail_y1_x18",
      "value": 2.472337484359741,
      "contribution": 0.14519159495830536
    },
    {
      "feature": "thumbnail_y1_x17",
      "value": 2.412210464477539,
      "contribution": 0.13994774222373962
    },
    {
      "feature": "thumbnail_y1_x19",
      "value": 1.7695523500442505,
      "contribution": 0.1376345455646515
    },
    {
      "feature": "bottom_right_B_hist_bin_8",
      "value": 3.0606095790863037,
      "contribution": -0.13635580241680145
    },
    {
      "feature": "thumbnail_y4_x17",
      "value": 1.9616872072219849,
      "contribution": 0.13624535501003265
    }
  ],
  "label_dependency_contributions": [
    {
      "genre": "Drama",
      "value": 1.0,
      "coefficient": 0.16485857963562012,
      "contribution": 0.16485857963562012
    },
    {
      "genre": "Comedy",
      "value": 0.0,
      "coefficient": 0.0,
      "contribution": 0.0
    },
    {
      "genre": "Romance",
      "value": 1.0,
      "coefficient": 0.013068566098809242,
      "contribution": 0.013068566098809242
    },
    {
      "genre": "Thriller",
      "value": 0.0,
      "coefficient": 0.07229288667440414,
      "contribution": 0.0
    }
  ],
  "performance": {
    "measurements": [
      {
        "name": "classic_modality_shapley_idx_17_Crime",
        "wall_time_s": 0.1380286999992677,
        "process_cpu_time_s": 0.140625,
        "process_cpu_util_percent": 101.88098562164684
      },
      {
        "name": "classic_modality_shapley_visualization_idx_17_Crime",
        "wall_time_s": 0.12138190000405302,
        "process_cpu_time_s": 0.125,
        "process_cpu_util_percent": 102.98075742415152
      },
      {
        "name": "classic_linear_contribution_idx_17_Crime",
        "wall_time_s": 0.00031209999724524096,
        "process_cpu_time_s": 0.0,
        "process_cpu_util_percent": 0.0
      },
      {
        "name": "classic_visualization_idx_17_Crime",
        "wall_time_s": 0.17377549999946496,
        "process_cpu_time_s": 0.171875,
        "process_cpu_util_percent": 98.90634755792917
      }
    ],
    "summary": {
      "count": 4,
      "total_wall_time_s": 0.4334982000000309,
      "mean_wall_time_s": 0.10837455000000773,
      "total_process_cpu_time_s": 0.4375,
      "mean_process_cpu_util_percent": 75.94202265093188,
      "max_rss_peak_mb": null
    }
  }
}