{
  "index": 44,
  "target_genre": "Film-Noir",
  "target_genres": [
    "Film-Noir"
  ],
  "true_genres": [
    "Drama",
    "Crime",
    "Film-Noir"
  ],
  "predicted_genres": [
    "Film-Noir",
    "Crime",
    "Drama",
    "Comedy"
  ],
  "probability": 0.9787116155998468,
  "top_probabilities": {
    "Film-Noir": 0.9787116050720215,
    "Crime": 0.9709160327911377,
    "Drama": 0.7077537775039673,
    "Thriller": 0.48828232288360596,
    "Romance": 0.4780157208442688
  },
  "target_selection": {
    "policy": "predicted",
    "target_indices": [
      22,
      4,
      0
    ],
    "target_genres": [
      "Film-Noir",
      "Crime",
      "Drama"
    ],
    "all_selected_indices": [
      22,
      4,
      0,
      1
    ],
    "all_selected_genres": [
      "Film-Noir",
      "Crime",
      "Drama",
      "Comedy"
    ],
    "predicted_indices": [
      22,
      4,
      0,
      1
    ],
    "predicted_genres": [
      "Film-Noir",
      "Crime",
      "Drama",
      "Comedy"
    ],
    "threshold": [
      0.30000001192092896,
      0.44999998807907104,
      0.5,
      0.5,
      0.6000000238418579,
      0.550000011920929,
      0.6000000238418579,
      0.6000000238418579,
      0.6000000238418579,
      0.5,
      0.699999988079071,
      0.75,
      0.6000000238418579,
      0.699999988079071,
      0.6499999761581421,
      0.6000000238418579,
      0.6499999761581421,
      0.550000011920929,
      0.699999988079071,
      0.6000000238418579,
      0.6499999761581421,
      0.5,
      0.699999988079071
    ],
    "max_targets_per_sample": 3
  },
  "method": "linear_feature_contribution",
  "methods": [
    "linear_feature_contribution",
    "modality_shapley"
  ],
  "modality_shapley": {
    "method": "two_modality_shapley",
    "probability": {
      "values": {
        "blank": 0.0016041584260689514,
        "text_only": 0.14041117940698436,
        "image_only": 0.3113970444195124,
        "both": 0.9787116155998468
      },
      "shapley": {
        "text": 0.40306079608062484,
        "image": 0.5740466610931529,
        "interaction": 0.5285075501994191,
        "blank_to_both_delta": 0.9771074571737778,
        "abs_total": 0.9771074571737778,
        "text_utilization": 0.4125040630090502,
        "image_utilization": 0.5874959369909498
      }
    },
    "logit": {
      "values": {
        "blank": -6.433550558579656,
        "text_only": -1.8118790454966858,
        "image_only": -0.7935960749658859,
        "both": 3.8280754381170983
      },
      "shapley": {
        "text": 4.621671513082977,
        "image": 5.639954483613777,
        "interaction": 1.4210854715202004e-14,
        "blank_to_both_delta": 10.261625996696754,
        "abs_total": 10.261625996696754,
        "text_utilization": 0.4503839366754066,
        "image_utilization": 0.5496160633245933
      }
    }
  },
  "intercept": -6.433550558579656,
  "text_logit_contribution": 4.621671513082968,
  "image_logit_contribution": 5.639954483613772,
  "label_dependency_logit_contribution": 0.0,
  "top_text_features": [
    {
      "feature": "eddie",
      "tfidf": 0.6065381169319153,
      "contribution": 1.6822350622425664
    },
    {
      "feature": "joan",
      "tfidf": 0.34846535325050354,
      "contribution": 0.3704829512212773
    },
    {
      "feature": "to",
      "tfidf": 0.14451029896736145,
      "contribution": 0.3234360190946136
    },
    {
      "feature": "graham",
      "tfidf": 0.08879372477531433,
      "contribution": 0.25905496159766045
    },
    {
      "feature": "prison",
      "tfidf": 0.11333177983760834,
      "contribution": 0.17617114357253583
    },
    {
      "feature": "finds",
      "tfidf": 0.07994610071182251,
      "contribution": 0.15319119737228035
    },
    {
      "feature": "criminal",
      "tfidf": 0.12649208307266235,
      "contribution": 0.12869651285913222
    },
    {
      "feature": "him",
      "tfidf": 0.055394962430000305,
      "contribution": 0.1272867929834046
    },
    {
      "feature": "the",
      "tfidf": 0.13437451422214508,
      "contribution": -0.12674490674110442
    },
    {
      "feature": "secretary",
      "tfidf": 0.0726366937160492,
      "contribution": 0.12602273697498875
    },
    {
      "feature": "evidence",
      "tfidf": 0.06875714659690857,
      "contribution": 0.10714352395214152
    },
    {
      "feature": "kills",
      "tfidf": 0.062486790120601654,
      "contribution": 0.10705138232879728
    }
  ],
  "top_image_features": [
    {
      "feature": "thumbnail_y8_x13",
      "value": 1.757400631904602,
      "contribution": 3.0102202034984464
    },
    {
      "feature": "thumbnail_y8_x14",
      "value": 1.8191814422607422,
      "contribution": -2.498468638565761
    },
    {
      "feature": "thumbnail_y5_x5",
      "value": 1.3760478496551514,
      "contribution": -2.449465889269591
    },
    {
      "feature": "thumbnail_y2_x1",
      "value": 1.467490792274475,
      "contribution": -2.226610919479223
    },
    {
      "feature": "thumbnail_y0_x11",
      "value": 1.406386375427246,
      "contribution": -2.1965675584878395
    },
    {
      "feature": "thumbnail_y1_x31",
      "value": 1.4283978939056396,
      "contribution": -2.1384548216557473
    },
    {
      "feature": "thumbnail_y17_x3",
      "value": 1.3899470567703247,
      "contribution": -2.053117521357722
    },
    {
      "feature": "thumbnail_y0_x31",
      "value": 1.3756953477859497,
      "contribution": 2.0324187825762516
    },
    {
      "feature": "thumbnail_y2_x8",
      "value": 1.6956201791763306,
      "contribution": -1.9588609498056624
    },
    {
      "feature": "thumbnail_y6_x29",
      "value": 1.5675090551376343,
      "contribution": -1.957315173950971
    },
    {
      "feature": "top_left_G_hist_bin_14",
      "value": 5.245482921600342,
      "contribution": 1.9458168605421362
    },
    {
      "feature": "thumbnail_y5_x11",
      "value": 1.4614708423614502,
      "contribution": 1.9393756456931188
    }
  ],
  "label_dependency_contributions": [],
  "performance": {
    "measurements": [
      {
        "name": "classic_modality_shapley_idx_44_Film-Noir",
        "wall_time_s": 0.031837300019105896,
        "process_cpu_time_s": 0.03125,
        "process_cpu_util_percent": 98.15530833722254,
        "rss_start_mb": 333.421875,
        "rss_end_mb": 333.4375,
        "rss_delta_mb": 0.015625,
        "rss_peak_mb": 333.44140625,
        "cuda_start": {
          "cuda_available": false,
          "cuda_error": "ModuleNotFoundError: No module named 'torch'"
        },
        "cuda_end": {
          "cuda_available": false,
          "cuda_error": "ModuleNotFoundError: No module named 'torch'"
        }
      },
      {
        "name": "classic_modality_shapley_visualization_idx_44_Film-Noir",
        "wall_time_s": 0.11815409999690019,
        "process_cpu_time_s": 0.109375,
        "process_cpu_util_percent": 92.56978810119115,
        "rss_start_mb": 333.421875,
        "rss_end_mb": 335.484375,
        "rss_delta_mb": 2.0625,
        "rss_peak_mb": 337.3671875,
        "cuda_start": {
          "cuda_available": false,
          "cuda_error": "ModuleNotFoundError: No module named 'torch'"
        },
        "cuda_end": {
          "cuda_available": false,
          "cuda_error": "ModuleNotFoundError: No module named 'torch'"
        }
      },
      {
        "name": "classic_linear_contribution_idx_44_Film-Noir",
        "wall_time_s": 0.0017558999825268984,
        "process_cpu_time_s": 0.0,
        "process_cpu_util_percent": 0.0,
        "rss_start_mb": 335.46875,
        "rss_end_mb": 335.48828125,
        "rss_delta_mb": 0.01953125,
        "rss_peak_mb": 335.48828125,
        "cuda_start": {
          "cuda_available": false,
          "cuda_error": "ModuleNotFoundError: No module named 'torch'"
        },
        "cuda_end": {
          "cuda_available": false,