{
  "index": 30,
  "target_genre": "Thriller",
  "target_genres": [
    "Thriller"
  ],
  "true_genres": [
    "Drama",
    "Thriller",
    "Crime",
    "Film-Noir"
  ],
  "predicted_genres": [
    "Drama",
    "Biography",
    "Thriller"
  ],
  "probability": 0.5112477221271794,
  "top_probabilities": {
    "Drama": 0.9423999786376953,
    "Biography": 0.8613694906234741,
    "Crime": 0.5710185170173645,
    "Thriller": 0.5112476944923401,
    "Short": 0.4703438878059387
  },
  "target_selection": {
    "policy": "predicted",
    "target_indices": [
      0,
      13,
      3
    ],
    "target_genres": [
      "Drama",
      "Biography",
      "Thriller"
    ],
    "all_selected_indices": [
      0,
      13,
      3
    ],
    "all_selected_genres": [
      "Drama",
      "Biography",
      "Thriller"
    ],
    "predicted_indices": [
      0,
      13,
      3
    ],
    "predicted_genres": [
      "Drama",
      "Biography",
      "Thriller"
    ],
    "threshold": [
      0.30000001192092896,
      0.44999998807907104,
      0.5,
      0.5,
      0.6000000238418579,
      0.550000011920929,
      0.6000000238418579,
      0.6000000238418579,
      0.6000000238418579,
      0.5,
      0.699999988079071,
      0.75,
      0.6000000238418579,
      0.699999988079071,
      0.6499999761581421,
      0.6000000238418579,
      0.6499999761581421,
      0.550000011920929,
      0.699999988079071,
      0.6000000238418579,
      0.6499999761581421,
      0.5,
      0.699999988079071
    ],
    "max_targets_per_sample": 3
  },
  "method": "linear_feature_contribution",
  "methods": [
    "linear_feature_contribution",
    "modality_shapley"
  ],
  "modality_shapley": {
    "method": "two_modality_shapley",
    "probability": {
      "values": {
        "blank": 0.22067535862780757,
        "text_only": 0.498385078435646,
        "image_only": 0.22965206822627102,
        "both": 0.5112477221271794
      },
      "shapley": {
        "text": 0.2796526868543734,
        "image": 0.010919676644998419,
        "interaction": 0.003885934093069948,
        "blank_to_both_delta": 0.2905723634993718,
        "abs_total": 0.2905723634993718,
        "text_utilization": 0.9624201127956822,
        "image_utilization": 0.037579887204317784
      }
    },
    "logit": {
      "values": {
        "blank": -1.2617350441840947,
        "text_only": -0.006459708719794621,
        "image_only": -1.2102768555122385,
        "both": 0.04499847995205952
      },
      "shapley": {
        "text": 1.2552753354642991,
        "image": 0.05145818867185514,
        "interaction": -1.9984014443252818e-15,
        "blank_to_both_delta": 1.3067335241361542,
        "abs_total": 1.3067335241361544,
        "text_utilization": 0.9606207480550613,
        "image_utilization": 0.03937925194493861
      }
    }
  },
  "intercept": -1.2617350441840947,
  "text_logit_contribution": 1.2552753354642991,
  "image_logit_contribution": 0.0514581886718557,
  "label_dependency_logit_contribution": 0.0,
  "top_text_features": [
    {
      "feature": "criminal",
      "tfidf": 0.1588551551103592,
      "contribution": 0.315935893256218
    },
    {
      "feature": "friends",
      "tfidf": 0.10809493064880371,
      "contribution": -0.23616304969406765
    },
    {
      "feature": "rocky",
      "tfidf": 0.5294243097305298,
      "contribution": -0.22098982049873622
    },
    {
      "feature": "is",
      "tfidf": 0.08752059936523438,
      "contribution": 0.19903203553088203
    },
    {
      "feature": "robbery",
      "tfidf": 0.09031335264444351,
      "contribution": 0.17393752560261397
    },
    {
      "feature": "jerry",
      "tfidf": 0.39388102293014526,
      "contribution": 0.1693948963939239
    },
    {
      "feature": "prison",
      "tfidf": 0.07116389274597168,
      "contribution": 0.1686195394143295
    },
    {
      "feature": "against",
      "tfidf": 0.11558610945940018,
      "contribution": 0.16098764342508334
    },
    {
      "feature": "begins",
      "tfidf": 0.06188470497727394,
      "contribution": 0.14514470668531512
    },
    {
      "feature": "N",
      "tfidf": 0.10751819610595703,
      "contribution": -0.1269815782324665
    },
    {
      "feature": "are",
      "tfidf": 0.07012965530157089,
      "contribution": 0.1265476441390897
    },
    {
      "feature": "thieves",
      "tfidf": 0.10020559281110764,
      "contribution": 0.12285251070754108
    }
  ],
  "top_image_features": [
    {
      "feature": "thumbnail_y19_x18",
      "value": 1.784590482711792,
      "contribution": 1.0544986212577585
    },
    {
      "feature": "thumbnail_y19_x19",
      "value": 1.775143027305603,
      "contribution": -0.9034865353192701
    },
    {
      "feature": "thumbnail_y0_x5",
      "value": 1.6337013244628906,
      "contribution": 0.7749504119842052
    },
    {
      "feature": "thumbnail_y18_x18",
      "value": 2.0338666439056396,
      "contribution": -0.7443986021079322
    },
    {
      "feature": "thumbnail_y0_x4",
      "value": 1.6711219549179077,
      "contribution": -0.7417457665399734
    },
    {
      "feature": "thumbnail_y1_x26",
      "value": 1.8555189371109009,
      "contribution": 0.6749916219666771
    },
    {
      "feature": "thumbnail_y19_x11",
      "value": 1.4660134315490723,
      "contribution": -0.6609617577401586
    },
    {
      "feature": "thumbnail_y19_x28",
      "value": 1.6070497035980225,
      "contribution": -0.6475441218046925
    },
    {
      "feature": "thumbnail_y19_x1",
      "value": 1.7239428758621216,
      "contribution": 0.6228862052248314
    },
    {
      "feature": "thumbnail_y11_x1",
      "value": 1.8379230499267578,
      "contribution": -0.6215432317361401
    },
    {
      "feature": "thumbnail_y19_x13",
      "value": 1.583312749862671,
      "contribution": -0.6011009095349271
    },
    {
      "feature": "thumbnail_y12_x2",
      "value": 1.6452888250350952,
      "contribution": -0.5933145546447953
    }
  ],
  "label_dependency_contributions": [],
  "performance": {
    "measurements": [
      {
        "name": "classic_modality_shapley_idx_30_Thriller",
        "wall_time_s": 0.02872400000342168,
        "process_cpu_time_s": 0.03125,
        "process_cpu_util_percent": 108.79403981436226,
        "rss_start_mb": 361.65234375,
        "rss_end_mb": 361.66796875,
        "rss_delta_mb": 0.015625,
        "rss_peak_mb": 361.671875,
        "cuda_start": {
          "cuda_available": false,
          "cuda_error": "ModuleNotFoundError: No module named 'torch'"
        },
        "cuda_end": {
          "cuda_available": false,
          "cuda_error": "ModuleNotFoundError: No module named 'torch'"
        }
      },
      {
        "name": "classic_modality_shapley_visualization_idx_30_Thriller",
        "wall_time_s": 0.12155599999823608,
        "process_cpu_time_s": 0.125,
        "process_cpu_util_percent": 102.83326203709721,
        "rss_start_mb": 361.65234375,
        "rss_end_mb": 360.26953125,
        "rss_delta_mb": -1.3828125,
        "rss_peak_mb": 362.15234375,
        "cuda_start": {
          "cuda_available": false,
          "cuda_error": "ModuleNotFoundError: No module named 'torch'"
        },
        "cuda_end": {
          "cuda_available": false,
          "cuda_error": "ModuleNotFoundError: No module named 'torch'"
        }
      },
      {
        "name": "classic_linear_contribution_idx_30_Thriller",
        "wall_time_s": 0.0017856000049505383,
        "process_cpu_time_s": 0.015625,
        "process_cpu_util_percent": 875.0560011581551,
        "rss_start_mb": 360.25390625,
        "rss_end_mb": 360.26953125,
        "rss_delta_mb": 0.015625,
        "rss_peak_mb": 360.2734375,
        "cuda_start": {
          "cuda_available": false,
          "cuda_error": "ModuleNotFoundError: No module named 'torch'"
        },
        "cuda_end": {
          "cuda_available": false,