{
  "index": 54,
  "target_genre": "Crime",
  "target_genres": [
    "Crime"
  ],
  "true_genres": [
    "Drama",
    "Thriller",
    "Film-Noir"
  ],
  "predicted_genres": [
    "Thriller",
    "Film-Noir",
    "Crime",
    "Short",
    "Drama"
  ],
  "probability": 0.7887161882682966,
  "top_probabilities": {
    "Thriller": 0.9318398237228394,
    "Film-Noir": 0.9251706004142761,
    "Crime": 0.788716197013855,
    "Short": 0.5653292536735535,
    "Drama": 0.5598300695419312
  },
  "target_selection": {
    "policy": "predicted",
    "target_indices": [
      3,
      22,
      4
    ],
    "target_genres": [
      "Thriller",
      "Film-Noir",
      "Crime"
    ],
    "all_selected_indices": [
      3,
      22,
      4,
      21,
      0
    ],
    "all_selected_genres": [
      "Thriller",
      "Film-Noir",
      "Crime",
      "Short",
      "Drama"
    ],
    "predicted_indices": [
      3,
      22,
      4,
      21,
      0
    ],
    "predicted_genres": [
      "Thriller",
      "Film-Noir",
      "Crime",
      "Short",
      "Drama"
    ],
    "threshold": [
      0.30000001192092896,
      0.44999998807907104,
      0.5,
      0.5,
      0.6000000238418579,
      0.550000011920929,
      0.6000000238418579,
      0.6000000238418579,
      0.6000000238418579,
      0.5,
      0.699999988079071,
      0.75,
      0.6000000238418579,
      0.699999988079071,
      0.6499999761581421,
      0.6000000238418579,
      0.6499999761581421,
      0.550000011920929,
      0.699999988079071,
      0.6000000238418579,
      0.6499999761581421,
      0.5,
      0.699999988079071
    ],
    "max_targets_per_sample": 3
  },
  "method": "linear_feature_contribution",
  "methods": [
    "linear_feature_contribution",
    "modality_shapley"
  ],
  "modality_shapley": {
    "method": "two_modality_shapley",
    "probability": {
      "values": {
        "blank": 0.19849919263820678,
        "text_only": 0.32772117403103557,
        "image_only": 0.6547564662474119,
        "both": 0.7887161882682966
      },
      "shapley": {
        "text": 0.13159085170685675,
        "image": 0.4586261439232331,
        "interaction": 0.004737740628055903,
        "blank_to_both_delta": 0.5902169956300898,
        "abs_total": 0.5902169956300898,
        "text_utilization": 0.22295334204393102,
        "image_utilization": 0.7770466579560691
      }
    },
    "logit": {
      "values": {
        "blank": -1.395700946557475,
        "text_only": -0.7185100063762154,
        "image_only": 0.6400132963021845,
        "both": 1.317204236483444
      },
      "shapley": {
        "text": 0.6771909401812595,
        "image": 2.0357142428596595,
        "interaction": 0.0,
        "blank_to_both_delta": 2.712905183040919,
        "abs_total": 2.712905183040919,
        "text_utilization": 0.24961835909878363,
        "image_utilization": 0.7503816409012164
      }
    }
  },
  "intercept": -1.395700946557475,
  "text_logit_contribution": 0.6771909401812599,
  "image_logit_contribution": 2.035714242859658,
  "label_dependency_logit_contribution": 0.0,
  "top_text_features": [
    {
      "feature": "graham",
      "tfidf": 0.7945759892463684,
      "contribution": 0.43207845762342073
    },
    {
      "feature": "kill",
      "tfidf": 0.10791550576686859,
      "contribution": 0.38073089724683296
    },
    {
      "feature": "police",
      "tfidf": 0.04751300811767578,
      "contribution": 0.37989515831898124
    },
    {
      "feature": "to",
      "tfidf": 0.1867896467447281,
      "contribution": -0.1850864270967736
    },
    {
      "feature": "the",
      "tfidf": 0.16032777726650238,
      "contribution": -0.16227812636875982
    },
    {
      "feature": "killer",
      "tfidf": 0.05744974687695503,
      "contribution": 0.13460917306077083
    },
    {
      "feature": "is",
      "tfidf": 0.05196898430585861,
      "contribution": 0.10755720266764862
    },
    {
      "feature": "nightclub",
      "tfidf": 0.07890669256448746,
      "contribution": 0.09930368721612341
    },
    {
      "feature": "meet",
      "tfidf": 0.050288695842027664,
      "contribution": -0.0935109025476779
    },
    {
      "feature": "him",
      "tfidf": 0.08261752128601074,
      "contribution": 0.08966673133778434
    },
    {
      "feature": "show",
      "tfidf": 0.05426615849137306,
      "contribution": -0.0761038884865212
    },
    {
      "feature": "howard",
      "tfidf": 0.08322198688983917,
      "contribution": -0.06693475464546468
    }
  ],
  "top_image_features": [
    {
      "feature": "top_right_G_hist_bin_3",
      "value": 4.021579265594482,
      "contribution": -0.5947211856710605
    },
    {
      "feature": "thumbnail_y14_x23",
      "value": -1.5278432369232178,
      "contribution": 0.519358088917663
    },
    {
      "feature": "top_right_R_hist_bin_9",
      "value": 3.979792833328247,
      "contribution": 0.5165220930528516
    },
    {
      "feature": "thumbnail_y14_x22",
      "value": -1.5424917936325073,
      "contribution": -0.5121061865712063
    },
    {
      "feature": "thumbnail_y18_x24",
      "value": -1.1875115633010864,
      "contribution": 0.4769578528085759
    },
    {
      "feature": "thumbnail_y9_x30",
      "value": -0.8593208193778992,
      "contribution": -0.46591509882339377
    },
    {
      "feature": "top_left_G_hist_bin_3",
      "value": 4.260794162750244,
      "contribution": 0.40622030750813937
    },
    {
      "feature": "thumbnail_y19_x24",
      "value": -0.8851737380027771,
      "contribution": -0.3838881776073931
    },
    {
      "feature": "thumbnail_y18_x1",
      "value": -1.2554453611373901,
      "contribution": -0.38383969937157636
    },
    {
      "feature": "thumbnail_y12_x27",
      "value": -1.1928740739822388,
      "contribution": -0.3746928649106033
    },
    {
      "feature": "thumbnail_y19_x4",
      "value": -0.5984277129173279,
      "contribution": -0.372452363701233
    },
    {
      "feature": "thumbnail_y7_x11",
      "value": 1.5041332244873047,
      "contribution": 0.3704127296582053
    }
  ],
  "label_dependency_contributions": [],
  "performance": {
    "measurements": [
      {
        "name": "classic_modality_shapley_idx_54_Crime",
        "wall_time_s": 0.04686429997673258,
        "process_cpu_time_s": 0.046875,
        "process_cpu_util_percent": 100.02283192808328,
        "rss_start_mb": 332.8984375,
        "rss_end_mb": 332.9140625,
        "rss_delta_mb": 0.015625,
        "rss_peak_mb": 332.91796875,
        "cuda_start": {
          "cuda_available": false,
          "cuda_error": "ModuleNotFoundError: No module named 'torch'"
        },
        "cuda_end": {
          "cuda_available": false,
          "cuda_error": "ModuleNotFoundError: No module named 'torch'"
        }
      },
      {
        "name": "classic_modality_shapley_visualization_idx_54_Crime",
        "wall_time_s": 0.15943060000427067,
        "process_cpu_time_s": 0.15625,
        "process_cpu_util_percent": 98.00502538146036,
        "rss_start_mb": 332.8984375,
        "rss_end_mb": 334.79296875,
        "rss_delta_mb": 1.89453125,
        "rss_peak_mb": 336.67578125,
        "cuda_start": {
          "cuda_available": false,
          "cuda_error": "ModuleNotFoundError: No module named 'torch'"
        },
        "cuda_end": {
          "cuda_available": false,
          "cuda_error": "ModuleNotFoundError: No module named 'torch'"
        }
      },
      {
        "name": "classic_linear_contribution_idx_54_Crime",
        "wall_time_s": 0.0023301000182982534,
        "process_cpu_time_s": 0.0,
        "process_cpu_util_percent": 0.0,
        "rss_start_mb": 334.77734375,
        "rss_end_mb": 334.79296875,
        "rss_delta_mb": 0.015625,
        "rss_peak_mb": 334.796875,
        "cuda_start": {
          "cuda_available": false,
          "cuda_error": "ModuleNotFoundError: No module named 'torch'"
        },
        "cuda_end": {
          "cuda_available": false,