{
  "index": 86,
  "target_genre": "Crime",
  "target_genres": [
    "Crime"
  ],
  "true_genres": [
    "Drama",
    "Romance",
    "Mystery",
    "Film-Noir"
  ],
  "predicted_genres": [
    "Crime",
    "Thriller",
    "Mystery",
    "Drama",
    "Romance"
  ],
  "probability": 0.8536204695701599,
  "top_probabilities": {
    "Crime": 0.8536204695701599,
    "Thriller": 0.8303700089454651,
    "Mystery": 0.7631261944770813,
    "Drama": 0.6695628762245178,
    "Romance": 0.5634188055992126
  },
  "threshold": [
    0.36000001430511475,
    0.44999998807907104,
    0.5,
    0.5899999737739563,
    0.5400000214576721,
    0.7599999904632568,
    0.6899999976158142,
    0.8199999928474426,
    0.7200000286102295,
    0.6299999952316284,
    0.7799999713897705,
    0.7400000095367432,
    0.8100000023841858,
    0.6000000238418579,
    0.8899999856948853,
    0.7599999904632568,
    0.550000011920929,
    0.8999999761581421,
    0.7799999713897705,
    0.9700000286102295,
    0.7699999809265137,
    0.8899999856948853,
    0.9399999976158142
  ],
  "target_selection": {
    "policy": "predicted",
    "target_indices": [
      4,
      3,
      9
    ],
    "target_genres": [
      "Crime",
      "Thriller",
      "Mystery"
    ],
    "all_selected_indices": [
      4,
      3,
      9,
      0,
      2
    ],
    "all_selected_genres": [
      "Crime",
      "Thriller",
      "Mystery",
      "Drama",
      "Romance"
    ],
    "predicted_indices": [
      4,
      3,
      9,
      0,
      2
    ],
    "predicted_genres": [
      "Crime",
      "Thriller",
      "Mystery",
      "Drama",
      "Romance"
    ],
    "threshold": [
      0.36000001430511475,
      0.44999998807907104,
      0.5,
      0.5899999737739563,
      0.5400000214576721,
      0.7599999904632568,
      0.6899999976158142,
      0.8199999928474426,
      0.7200000286102295,
      0.6299999952316284,
      0.7799999713897705,
      0.7400000095367432,
      0.8100000023841858,
      0.6000000238418579,
      0.8899999856948853,
      0.7599999904632568,
      0.550000011920929,
      0.8999999761581421,
      0.7799999713897705,
      0.9700000286102295,
      0.7699999809265137,
      0.8899999856948853,
      0.9399999976158142
    ],
    "max_targets_per_sample": 3
  },
  "methods": [
    "IntegratedGradients_image_pixels",
    "image_occlusion_sensitivity",
    "experimental_label_correlation_head"
  ],
  "top_tokens": [],
  "gate_mean": null,
  "gate_std": null,
  "config": {
    "model_name": "neural_efficientnet_b0_image_only_unfrozen_lr1e4",
    "modality": "image_only",
    "text_encoder": "bigru_attention",
    "image_encoder": "efficientnet_b0",
    "fusion": "gmu",
    "hidden_dim": 256,
    "text_cnn_channels": 128,
    "text_cnn_kernels": [
      3,
      4,
      5
    ],
    "text_rnn_hidden_dim": 128,
    "text_rnn_layers": 1,
    "text_rnn_dropout": 0.2,
    "text_attention_dim": 128,
    "text_transformer_layers": 2,
    "text_transformer_heads": 6,
    "text_transformer_ff_dim": 512,
    "text_transformer_dropout": 0.1,
    "pretrained_image": false,
    "freeze_image_backbone": false,
    "batch_size": 16,
    "epochs": 10,
    "learning_rate": 0.0001,
    "weight_decay": 0.01,
    "num_workers": 0,
    "patience": 3,
    "threshold_metric": "macro_f1",
    "threshold_strategy": "per_label",
    "threshold_min": 0.01,
    "threshold_max": 0.99,
    "threshold_steps": 99,
    "loss": "bce",
    "focal_gamma": 2.0,
    "pos_weight_clip": null,
    "scheduler": "plateau",
    "scheduler_factor": 0.5,
    "scheduler_patience": 1,
    "min_learning_rate": 1e-06,
    "enable_label_correlation": true,
    "max_length": 512,
    "input_size": 224,
    "freeze_embeddings": false
  },
  "performance": {
    "measurements": [
      {
        "name": "neural_image_integrated_gradients_idx_86_Crime",
        "wall_time_s": 0.7033974540008785,
        "process_cpu_time_s": 0.7092448469998089,
        "process_cpu_util_percent": 100.83130710321325,
        "rss_start_mb": 3327.87890625,
        "rss_end_mb": 3364.05859375,
        "rss_delta_mb": 36.1796875,
        "rss_peak_mb": 3491.2265625,
        "cuda_start": {
          "cuda_available": false
        },
        "cuda_end": {
          "cuda_available": false
        }
      },
      {
        "name": "neural_image_ig_visualization_idx_86_Crime",
        "wall_time_s": 0.027738380000300822,
        "process_cpu_time_s": 0.018014048999702936,
        "process_cpu_util_percent": 64.94268590850501,
        "rss_start_mb": 3364.05859375,
        "rss_end_mb": 3364.05859375,
        "rss_delta_mb": 0.0,
        "rss_peak_mb": 3364.0625,
        "cuda_start": {
          "cuda_available": false
        },
        "cuda_end": {
          "cuda_available": false
        }
      },
      {
        "name": "neural_image_occlusion_idx_86_Crime",
        "wall_time_s": 0.6324063159991056,
        "process_cpu_time_s": 0.6349479880000217,
        "process_cpu_util_percent": 100.40190490458664,
        "rss_start_mb": 3364.05859375,
        "rss_end_mb": 3364.05859375,
        "rss_delta_mb": 0.0,
        "rss_peak_mb": 3437.56640625,
        "cuda_start": {
          "cuda_available": false
        },
        "cuda_end": {
          "cuda_available": false
        }
      },
      {
        "name": "neural_image_occlusion_visualization_idx_86_Crime",
        "wall_time_s": 0.034900038999694516,
        "process_cpu_time_s": 0.02304492900020705,
        "process_cpu_util_percent": 66.03124139892441,
        "rss_start_mb": 3364.05859375,
        "rss_end_mb": 3364.05859375,
        "rss_delta_mb": 0.0,
        "rss_peak_mb": 3364.0625,
        "cuda_start": {
          "cuda_available": false
        },
        "cuda_end": {
          "cuda_available": false
        }
      }
    ],
    "summary": {
      "count": 4,
      "total_wall_time_s": 1.3984421889999794,
      "mean_wall_time_s": 0.34961054724999485,
      "total_process_cpu_time_s": 1.3852518129997407,
      "mean_process_cpu_util_percent": 83.05178482880733,
      "max_rss_peak_mb": 3491.2265625
    }
  },
  "image_occlusion": {
    "baseline_probability": 0.8536204695701599,
    "baseline_logit": 1.7632838487625122,
    "grid_size": 4,
    "top_patches": [
      {
        "row": 2,
        "col": 3,
        "y0": 112,
        "y1": 168,
        "x0": 168,
        "x1": 224,
        "occluded_probability": 0.8015472292900085,
        "probability_delta": 0.05207324028015137,
        "occluded_logit": 1.3959928750991821,
        "logit_delta": 0.3672909736633301
      },
      {
        "row": 1,
        "col": 3,
        "y0": 56,
        "y1": 112,
        "x0": 168,
        "x1": 224,
        "occluded_probability": 0.8046051859855652,
        "probability_delta": 0.04901528358459473,
        "occluded_logit": 1.4153295755386353,
        "logit_delta": 0.34795427322387695
      },
      {
        "row": 0,
        "col": 0,
        "y0": 0,
        "y1": 56,
        "x0": 0,
        "x1": 56,
        "occluded_probability": 0.8957933783531189,
        "probability_delta": -0.042172908782958984,
        "occluded_logit": 2.151334047317505,
        "logit_delta": -0.3880501985549927
      },
      {
        "row": 1,
        "col": 0,
        "y0": 56,
        "y1": 112,
        "x0": 0,
        "x1": 56,
        "occluded_probability": 0.8215450644493103,
        "probability_delta": 0.03207540512084961,
        "occluded_logit": 1.5268511772155762,
        "logit_delta": 0.23643267154693604
      },
      {
        "row": 0,
        "col": 1,
        "y0": 0,
        "y1": 56,
        "x0": 56,
        "x1": 112,
        "occluded_probability": 0.8850446343421936,
        "probability_delta": -0.03142416477203369,
        "occluded_logit": 2.0410938262939453,
        "logit_delta": -0.2778099775314331
      },
      {
        "row": 3,
        "col": 2,
        "y0": 168,
        "y1": 224,
        "x0": 112,
        "x1": 168,